Model,FPR,TPR,Threshold
XGBoost,0.0,0.0,1.0
XGBoost,0.0,0.010101,0.999949
XGBoost,0.0,0.20202,0.999758
XGBoost,0.0,0.232323,0.999752
XGBoost,0.0,0.363636,0.999286
XGBoost,0.0,0.383838,0.999269
XGBoost,0.0,0.69697,0.990798
XGBoost,1.8e-05,0.69697,0.989725
XGBoost,1.8e-05,0.747475,0.982399
XGBoost,3.5e-05,0.747475,0.982049
XGBoost,3.5e-05,0.787879,0.936219
XGBoost,7e-05,0.787879,0.897832
XGBoost,7e-05,0.808081,0.812258
XGBoost,0.000106,0.808081,0.647601
XGBoost,0.000106,0.828283,0.421919
XGBoost,0.000141,0.828283,0.348429
XGBoost,0.000141,0.838384,0.337004
XGBoost,0.000176,0.838384,0.290823
XGBoost,0.000176,0.848485,0.275748
XGBoost,0.000299,0.848485,0.073536
XGBoost,0.000299,0.858586,0.062276
XGBoost,0.000492,0.858586,0.043609
XGBoost,0.000492,0.868687,0.043107
XGBoost,0.000703,0.868687,0.031026
XGBoost,0.000739,0.868687,0.029856
XGBoost,0.000809,0.868687,0.024788
XGBoost,0.000809,0.878788,0.024274
XGBoost,0.001301,0.878788,0.012305
XGBoost,0.001301,0.888889,0.012249
XGBoost,0.002251,0.888889,0.006486
XGBoost,0.002251,0.89899,0.006464
XGBoost,0.003341,0.89899,0.004127
XGBoost,0.003377,0.89899,0.004099
XGBoost,0.005645,0.89899,0.002119
XGBoost,0.00568,0.89899,0.002112
XGBoost,0.006718,0.89899,0.001707
XGBoost,0.006753,0.89899,0.001695
XGBoost,0.008371,0.89899,0.001246
XGBoost,0.008406,0.89899,0.001234
XGBoost,0.010569,0.89899,0.000959
XGBoost,0.010604,0.89899,0.000959
XGBoost,0.01268,0.89899,0.000748
XGBoost,0.012715,0.89899,0.000747
XGBoost,0.013735,0.89899,0.000683
XGBoost,0.01377,0.89899,0.000683
XGBoost,0.016742,0.89899,0.000553
XGBoost,0.016742,0.909091,0.000553
XGBoost,0.018571,0.909091,0.000489
XGBoost,0.018571,0.919192,0.000488
XGBoost,0.023425,0.919192,0.000376
XGBoost,0.023425,0.929293,0.000376
XGBoost,0.026168,0.929293,0.000331
XGBoost,0.026221,0.929293,0.000331
XGBoost,0.02645,0.929293,0.000327
XGBoost,0.026485,0.929293,0.000327
XGBoost,0.026661,0.929293,0.000323
XGBoost,0.026749,0.929293,0.000323
XGBoost,0.027575,0.929293,0.000314
XGBoost,0.027628,0.929293,0.000314
XGBoost,0.028701,0.929293,0.000299
XGBoost,0.028736,0.929293,0.000299
XGBoost,0.033783,0.929293,0.000247
XGBoost,0.033836,0.929293,0.000247
XGBoost,0.035401,0.929293,0.000233
XGBoost,0.035436,0.929293,0.000233
XGBoost,0.035454,0.929293,0.000233
XGBoost,0.035489,0.929293,0.000233
XGBoost,0.03577,0.929293,0.000229
XGBoost,0.03577,0.939394,0.000229
XGBoost,0.036087,0.939394,0.000227
XGBoost,0.036122,0.939394,0.000227
XGBoost,0.036421,0.939394,0.000225
XGBoost,0.036456,0.939394,0.000225
XGBoost,0.038303,0.939394,0.000213
XGBoost,0.038338,0.939394,0.000213
XGBoost,0.041556,0.939394,0.000194
XGBoost,0.041556,0.949495,0.000194
XGBoost,0.044194,0.949495,0.00018
XGBoost,0.044229,0.949495,0.00018
XGBoost,0.047377,0.949495,0.000168
XGBoost,0.047412,0.949495,0.000168
XGBoost,0.059652,0.949495,0.000128
XGBoost,0.059687,0.949495,0.000128
XGBoost,0.063011,0.949495,0.00012
XGBoost,0.063064,0.949495,0.00012
XGBoost,0.063591,0.949495,0.000119
XGBoost,0.063627,0.949495,0.000119
XGBoost,0.066827,0.949495,0.000113
XGBoost,0.066862,0.949495,0.000113
XGBoost,0.069958,0.949495,0.000107
XGBoost,0.069993,0.949495,0.000107
XGBoost,0.0746,0.949495,9.8e-05
XGBoost,0.074636,0.949495,9.8e-05
XGBoost,0.074671,0.949495,9.8e-05
XGBoost,0.074706,0.949495,9.8e-05
XGBoost,0.075761,0.949495,9.6e-05
XGBoost,0.075814,0.949495,9.6e-05
XGBoost,0.077203,0.949495,9.5e-05
XGBoost,0.077238,0.949495,9.5e-05
XGBoost,0.082022,0.949495,8.8e-05
XGBoost,0.082057,0.949495,8.8e-05
XGBoost,0.084343,0.949495,8.5e-05
XGBoost,0.084378,0.949495,8.5e-05
XGBoost,0.089672,0.949495,7.8e-05
XGBoost,0.089707,0.949495,7.8e-05
XGBoost,0.092503,0.949495,7.5e-05
XGBoost,0.092538,0.949495,7.5e-05
XGBoost,0.103723,0.949495,6.6e-05
XGBoost,0.103758,0.949495,6.6e-05
XGBoost,0.106871,0.949495,6.3e-05
XGBoost,0.106906,0.949495,6.3e-05
XGBoost,0.112762,0.949495,5.9e-05
XGBoost,0.112797,0.949495,5.9e-05
XGBoost,0.114081,0.949495,5.8e-05
XGBoost,0.114116,0.949495,5.8e-05
XGBoost,0.119093,0.949495,5.4e-05
XGBoost,0.119093,0.959596,5.4e-05
XGBoost,0.119832,0.959596,5.4e-05
XGBoost,0.119867,0.959596,5.4e-05
XGBoost,0.122822,0.959596,5.2e-05
XGBoost,0.122857,0.959596,5.2e-05
XGBoost,0.125213,0.959596,5.1e-05
XGBoost,0.125248,0.959596,5.1e-05
XGBoost,0.126233,0.959596,5e-05
XGBoost,0.126268,0.959596,5e-05
XGBoost,0.129821,0.959596,4.9e-05
XGBoost,0.129856,0.959596,4.8e-05
XGBoost,0.13012,0.959596,4.8e-05
XGBoost,0.130155,0.959596,4.8e-05
XGBoost,0.131931,0.959596,4.7e-05
XGBoost,0.131966,0.959596,4.7e-05
XGBoost,0.132177,0.959596,4.7e-05
XGBoost,0.132213,0.959596,4.7e-05
XGBoost,0.132652,0.959596,4.7e-05
XGBoost,0.132687,0.959596,4.7e-05
XGBoost,0.133848,0.959596,4.7e-05
XGBoost,0.133883,0.959596,4.7e-05
XGBoost,0.134868,0.959596,4.6e-05
XGBoost,0.134903,0.959596,4.6e-05
XGBoost,0.137031,0.959596,4.5e-05
XGBoost,0.137066,0.959596,4.5e-05
XGBoost,0.138104,0.959596,4.5e-05
XGBoost,0.138139,0.959596,4.5e-05
XGBoost,0.149113,0.959596,4e-05
XGBoost,0.149148,0.959596,4e-05
XGBoost,0.154828,0.959596,3.8e-05
XGBoost,0.154863,0.959596,3.8e-05
XGBoost,0.156393,0.959596,3.8e-05
XGBoost,0.156429,0.959596,3.8e-05
XGBoost,0.157783,0.959596,3.7e-05
XGBoost,0.157853,0.959596,3.7e-05
XGBoost,0.164061,0.959596,3.5e-05
XGBoost,0.164096,0.959596,3.5e-05
XGBoost,0.164465,0.959596,3.5e-05
XGBoost,0.164501,0.959596,3.5e-05
XGBoost,0.173417,0.959596,3.3e-05
XGBoost,0.173452,0.959596,3.3e-05
XGBoost,0.175,0.959596,3.2e-05
XGBoost,0.175035,0.959596,3.2e-05
XGBoost,0.178464,0.959596,3.1e-05
XGBoost,0.178499,0.959596,3.1e-05
XGBoost,0.178745,0.959596,3.1e-05
XGBoost,0.178781,0.959596,3.1e-05
XGBoost,0.178798,0.959596,3.1e-05
XGBoost,0.178833,0.959596,3.1e-05
XGBoost,0.185041,0.959596,3e-05
XGBoost,0.185112,0.959596,3e-05
XGBoost,0.186044,0.959596,3e-05
XGBoost,0.186096,0.959596,3e-05
XGBoost,0.188013,0.959596,2.9e-05
XGBoost,0.188084,0.959596,2.9e-05
XGBoost,0.189561,0.959596,2.9e-05
XGBoost,0.189596,0.959596,2.9e-05
XGBoost,0.190018,0.959596,2.9e-05
XGBoost,0.190053,0.959596,2.9e-05
XGBoost,0.192691,0.959596,2.8e-05
XGBoost,0.192726,0.959596,2.8e-05
XGBoost,0.19452,0.959596,2.8e-05
XGBoost,0.19452,0.969697,2.8e-05
XGBoost,0.196789,0.969697,2.7e-05
XGBoost,0.196824,0.969697,2.7e-05
XGBoost,0.19765,0.969697,2.7e-05
XGBoost,0.197686,0.969697,2.7e-05
XGBoost,0.201695,0.969697,2.7e-05
XGBoost,0.20173,0.969697,2.7e-05
XGBoost,0.206197,0.969697,2.6e-05
XGBoost,0.206233,0.969697,2.6e-05
XGBoost,0.207903,0.969697,2.5e-05
XGBoost,0.207938,0.969697,2.5e-05
XGBoost,0.21128,0.969697,2.5e-05
XGBoost,0.211315,0.969697,2.5e-05
XGBoost,0.212687,0.969697,2.5e-05
XGBoost,0.212722,0.969697,2.5e-05
XGBoost,0.213443,0.969697,2.4e-05
XGBoost,0.213478,0.969697,2.4e-05
XGBoost,0.214023,0.969697,2.4e-05
XGBoost,0.214058,0.969697,2.4e-05
XGBoost,0.214815,0.969697,2.4e-05
XGBoost,0.214867,0.969697,2.4e-05
XGBoost,0.216362,0.969697,2.4e-05
XGBoost,0.216397,0.969697,2.4e-05
XGBoost,0.217329,0.969697,2.4e-05
XGBoost,0.217365,0.969697,2.4e-05
XGBoost,0.217734,0.969697,2.4e-05
XGBoost,0.217769,0.969697,2.4e-05
XGBoost,0.220284,0.969697,2.3e-05
XGBoost,0.220319,0.969697,2.3e-05
XGBoost,0.229464,0.969697,2.2e-05
XGBoost,0.229499,0.969697,2.2e-05
XGBoost,0.230343,0.969697,2.2e-05
XGBoost,0.230396,0.969697,2.2e-05
XGBoost,0.23073,0.969697,2.2e-05
XGBoost,0.230765,0.969697,2.2e-05
XGBoost,0.234493,0.969697,2.1e-05
XGBoost,0.234529,0.969697,2.1e-05
XGBoost,0.236815,0.969697,2.1e-05
XGBoost,0.23685,0.969697,2.1e-05
XGBoost,0.239171,0.969697,2.1e-05
XGBoost,0.239207,0.969697,2.1e-05
XGBoost,0.239646,0.969697,2.1e-05
XGBoost,0.239681,0.969697,2.1e-05
XGBoost,0.243163,0.969697,2e-05
XGBoost,0.243199,0.969697,2e-05
XGBoost,0.255333,0.969697,1.9e-05
XGBoost,0.255368,0.969697,1.9e-05
XGBoost,0.255861,0.969697,1.9e-05
XGBoost,0.255896,0.969697,1.9e-05
XGBoost,0.263651,0.969697,1.8e-05
XGBoost,0.263686,0.969697,1.8e-05
XGBoost,0.26446,0.969697,1.8e-05
XGBoost,0.264495,0.969697,1.8e-05
XGBoost,0.27007,0.969697,1.7e-05
XGBoost,0.270105,0.969697,1.7e-05
XGBoost,0.271512,0.969697,1.7e-05
XGBoost,0.271547,0.969697,1.7e-05
XGBoost,0.271688,0.969697,1.7e-05
XGBoost,0.271723,0.969697,1.7e-05
XGBoost,0.272075,0.969697,1.7e-05
XGBoost,0.272128,0.969697,1.7e-05
XGBoost,0.273341,0.969697,1.7e-05
XGBoost,0.273376,0.969697,1.7e-05
XGBoost,0.27969,0.969697,1.6e-05
XGBoost,0.279725,0.969697,1.6e-05
XGBoost,0.281026,0.969697,1.6e-05
XGBoost,0.281061,0.969697,1.6e-05
XGBoost,0.283189,0.969697,1.6e-05
XGBoost,0.283225,0.969697,1.6e-05
XGBoost,0.284649,0.969697,1.6e-05
XGBoost,0.284684,0.969697,1.6e-05
XGBoost,0.285511,0.969697,1.6e-05
XGBoost,0.285546,0.969697,1.6e-05
XGBoost,0.286373,0.969697,1.6e-05
XGBoost,0.286408,0.969697,1.6e-05
XGBoost,0.287586,0.969697,1.6e-05
XGBoost,0.287621,0.969697,1.6e-05
XGBoost,0.291261,0.969697,1.5e-05
XGBoost,0.291297,0.969697,1.5e-05
XGBoost,0.293583,0.969697,1.5e-05
XGBoost,0.293618,0.969697,1.5e-05
XGBoost,0.29564,0.969697,1.5e-05
XGBoost,0.295676,0.969697,1.5e-05
XGBoost,0.298736,0.969697,1.5e-05
XGBoost,0.298771,0.969697,1.5e-05
XGBoost,0.307828,0.969697,1.4e-05
XGBoost,0.307863,0.969697,1.4e-05
XGBoost,0.311327,0.969697,1.4e-05
XGBoost,0.311362,0.969697,1.4e-05
XGBoost,0.312998,0.969697,1.4e-05
XGBoost,0.313033,0.969697,1.4e-05
XGBoost,0.313086,0.969697,1.4e-05
XGBoost,0.313121,0.969697,1.4e-05
XGBoost,0.314985,0.969697,1.4e-05
XGBoost,0.31502,0.969697,1.4e-05
XGBoost,0.315864,0.969697,1.4e-05
XGBoost,0.3159,0.969697,1.4e-05
XGBoost,0.318502,0.969697,1.3e-05
XGBoost,0.318538,0.969697,1.3e-05
XGBoost,0.321545,0.969697,1.3e-05
XGBoost,0.32158,0.969697,1.3e-05
XGBoost,0.324306,0.969697,1.3e-05
XGBoost,0.324359,0.969697,1.3e-05
XGBoost,0.330232,0.969697,1.3e-05
XGBoost,0.330267,0.969697,1.3e-05
XGBoost,0.332307,0.969697,1.3e-05
XGBoost,0.332343,0.969697,1.3e-05
XGBoost,0.333099,0.969697,1.3e-05
XGBoost,0.333134,0.969697,1.3e-05
XGBoost,0.334172,0.969697,1.2e-05
XGBoost,0.334207,0.969697,1.2e-05
XGBoost,0.336845,0.969697,1.2e-05
XGBoost,0.33688,0.969697,1.2e-05
XGBoost,0.337443,0.969697,1.2e-05
XGBoost,0.337478,0.969697,1.2e-05
XGBoost,0.338322,0.969697,1.2e-05
XGBoost,0.338357,0.969697,1.2e-05
XGBoost,0.339764,0.969697,1.2e-05
XGBoost,0.339799,0.969697,1.2e-05
XGBoost,0.342842,0.969697,1.2e-05
XGBoost,0.342877,0.969697,1.2e-05
XGBoost,0.349507,0.969697,1.2e-05
XGBoost,0.349542,0.969697,1.2e-05
XGBoost,0.35065,0.969697,1.2e-05
XGBoost,0.350685,0.969697,1.2e-05
XGBoost,0.353464,0.969697,1.1e-05
XGBoost,0.353499,0.969697,1.1e-05
XGBoost,0.355521,0.969697,1.1e-05
XGBoost,0.355556,0.969697,1.1e-05
XGBoost,0.356049,0.969697,1.1e-05
XGBoost,0.356084,0.969697,1.1e-05
XGBoost,0.356629,0.969697,1.1e-05
XGBoost,0.356664,0.969697,1.1e-05
XGBoost,0.357438,0.969697,1.1e-05
XGBoost,0.357473,0.969697,1.1e-05
XGBoost,0.358229,0.969697,1.1e-05
XGBoost,0.358265,0.969697,1.1e-05
XGBoost,0.36143,0.969697,1.1e-05
XGBoost,0.361465,0.969697,1.1e-05
XGBoost,0.361588,0.969697,1.1e-05
XGBoost,0.361624,0.969697,1.1e-05
XGBoost,0.363118,0.969697,1.1e-05
XGBoost,0.363154,0.969697,1.1e-05
XGBoost,0.366882,0.969697,1.1e-05
XGBoost,0.366917,0.969697,1.1e-05
XGBoost,0.3685,0.969697,1.1e-05
XGBoost,0.368535,0.969697,1.1e-05
XGBoost,0.369326,0.969697,1.1e-05
XGBoost,0.369361,0.969697,1.1e-05
XGBoost,0.370206,0.969697,1.1e-05
XGBoost,0.370241,0.969697,1.1e-05
XGBoost,0.375657,0.969697,1e-05
XGBoost,0.375692,0.969697,1e-05
XGBoost,0.382762,0.969697,1e-05
XGBoost,0.382797,0.969697,1e-05
XGBoost,0.383149,0.969697,1e-05
XGBoost,0.383184,0.969697,1e-05
XGBoost,0.383413,0.969697,1e-05
XGBoost,0.383448,0.969697,1e-05
XGBoost,0.38547,0.969697,1e-05
XGBoost,0.385506,0.969697,1e-05
XGBoost,0.387915,0.969697,1e-05
XGBoost,0.38795,0.969697,1e-05
XGBoost,0.388882,0.969697,1e-05
XGBoost,0.388917,0.969697,1e-05
XGBoost,0.390307,0.969697,1e-05
XGBoost,0.390342,0.969697,1e-05
XGBoost,0.391274,0.969697,1e-05
XGBoost,0.391309,0.969697,1e-05
XGBoost,0.391397,0.969697,1e-05
XGBoost,0.391397,0.979798,1e-05
XGBoost,0.393296,0.979798,1e-05
XGBoost,0.393331,0.979798,1e-05
XGBoost,0.394281,0.979798,1e-05
XGBoost,0.394316,0.979798,1e-05
XGBoost,0.395705,0.979798,1e-05
XGBoost,0.395741,0.979798,1e-05
XGBoost,0.398291,0.979798,1e-05
XGBoost,0.398326,0.979798,1e-05
XGBoost,0.399311,0.979798,1e-05
XGBoost,0.399346,0.979798,1e-05
XGBoost,0.400172,0.979798,9e-06
XGBoost,0.400208,0.979798,9e-06
XGBoost,0.401192,0.979798,9e-06
XGBoost,0.401228,0.979798,9e-06
XGBoost,0.402634,0.979798,9e-06
XGBoost,0.40267,0.979798,9e-06
XGBoost,0.409176,0.979798,9e-06
XGBoost,0.409212,0.979798,9e-06
XGBoost,0.409968,0.979798,9e-06
XGBoost,0.410003,0.979798,9e-06
XGBoost,0.410249,0.979798,9e-06
XGBoost,0.410284,0.979798,9e-06
XGBoost,0.41236,0.979798,9e-06
XGBoost,0.412395,0.979798,9e-06
XGBoost,0.412799,0.979798,9e-06
XGBoost,0.412834,0.979798,9e-06
XGBoost,0.413503,0.979798,9e-06
XGBoost,0.413538,0.979798,9e-06
XGBoost,0.414259,0.979798,9e-06
XGBoost,0.414294,0.979798,9e-06
XGBoost,0.414698,0.979798,9e-06
XGBoost,0.414734,0.979798,9e-06
XGBoost,0.414822,0.979798,9e-06
XGBoost,0.414857,0.979798,9e-06
XGBoost,0.416809,0.979798,9e-06
XGBoost,0.416879,0.979798,9e-06
XGBoost,0.41709,0.979798,9e-06
XGBoost,0.417125,0.979798,9e-06
XGBoost,0.42059,0.979798,9e-06
XGBoost,0.420625,0.979798,9e-06
XGBoost,0.421944,0.979798,9e-06
XGBoost,0.421997,0.979798,9e-06
XGBoost,0.422067,0.979798,9e-06
XGBoost,0.422102,0.979798,9e-06
XGBoost,0.422911,0.979798,9e-06
XGBoost,0.422946,0.979798,9e-06
XGBoost,0.42474,0.979798,9e-06
XGBoost,0.424775,0.979798,9e-06
XGBoost,0.425074,0.979798,9e-06
XGBoost,0.425109,0.979798,9e-06
XGBoost,0.426182,0.979798,9e-06
XGBoost,0.426217,0.979798,9e-06
XGBoost,0.430473,0.979798,8e-06
XGBoost,0.430508,0.979798,8e-06
XGBoost,0.434764,0.979798,8e-06
XGBoost,0.434799,0.979798,8e-06
XGBoost,0.43589,0.979798,8e-06
XGBoost,0.435925,0.979798,8e-06
XGBoost,0.436646,0.979798,8e-06
XGBoost,0.436681,0.979798,8e-06
XGBoost,0.436751,0.979798,8e-06
XGBoost,0.436787,0.979798,8e-06
XGBoost,0.442379,0.979798,8e-06
XGBoost,0.442414,0.979798,8e-06
XGBoost,0.444753,0.979798,8e-06
XGBoost,0.444788,0.979798,8e-06
XGBoost,0.445017,0.979798,8e-06
XGBoost,0.445052,0.979798,8e-06
XGBoost,0.446354,0.979798,8e-06
XGBoost,0.446389,0.979798,8e-06
XGBoost,0.447092,0.979798,8e-06
XGBoost,0.447127,0.979798,8e-06
XGBoost,0.447162,0.979798,8e-06
XGBoost,0.447198,0.979798,8e-06
XGBoost,0.447919,0.979798,8e-06
XGBoost,0.447954,0.979798,8e-06
XGBoost,0.450064,0.979798,8e-06
XGBoost,0.450099,0.979798,8e-06
XGBoost,0.452473,0.979798,8e-06
XGBoost,0.452509,0.979798,8e-06
XGBoost,0.453212,0.979798,8e-06
XGBoost,0.453247,0.979798,8e-06
XGBoost,0.454584,0.979798,8e-06
XGBoost,0.454619,0.979798,8e-06
XGBoost,0.455164,0.979798,8e-06
XGBoost,0.455199,0.979798,8e-06
XGBoost,0.456026,0.979798,8e-06
XGBoost,0.456061,0.979798,8e-06
XGBoost,0.456694,0.979798,8e-06
XGBoost,0.456729,0.979798,8e-06
XGBoost,0.458207,0.979798,8e-06
XGBoost,0.458242,0.979798,8e-06
XGBoost,0.458277,0.979798,8e-06
XGBoost,0.458312,0.979798,8e-06
XGBoost,0.458576,0.979798,8e-06
XGBoost,0.458611,0.979798,8e-06
XGBoost,0.458787,0.979798,8e-06
XGBoost,0.458822,0.979798,8e-06
XGBoost,0.460458,0.979798,8e-06
XGBoost,0.460493,0.979798,8e-06
XGBoost,0.461794,0.979798,7e-06
XGBoost,0.461829,0.979798,7e-06
XGBoost,0.462656,0.979798,7e-06
XGBoost,0.462726,0.979798,7e-06
XGBoost,0.462937,0.979798,7e-06
XGBoost,0.462972,0.979798,7e-06
XGBoost,0.46503,0.979798,7e-06
XGBoost,0.465065,0.979798,7e-06
XGBoost,0.466947,0.979798,7e-06
XGBoost,0.466982,0.979798,7e-06
XGBoost,0.468248,0.979798,7e-06
XGBoost,0.468283,0.979798,7e-06
XGBoost,0.468741,0.979798,7e-06
XGBoost,0.468776,0.979798,7e-06
XGBoost,0.471994,0.979798,7e-06
XGBoost,0.472029,0.979798,7e-06
XGBoost,0.472856,0.979798,7e-06
XGBoost,0.472891,0.979798,7e-06
XGBoost,0.473049,0.979798,7e-06
XGBoost,0.473084,0.979798,7e-06
XGBoost,0.47465,0.979798,7e-06
XGBoost,0.474685,0.979798,7e-06
XGBoost,0.475881,0.979798,7e-06
XGBoost,0.475916,0.979798,7e-06
XGBoost,0.478501,0.979798,7e-06
XGBoost,0.478536,0.979798,7e-06
XGBoost,0.485201,0.979798,7e-06
XGBoost,0.485236,0.979798,7e-06
XGBoost,0.485764,0.979798,7e-06
XGBoost,0.485799,0.979798,7e-06
XGBoost,0.490143,0.979798,7e-06
XGBoost,0.490178,0.979798,7e-06
XGBoost,0.490635,0.979798,7e-06
XGBoost,0.490671,0.979798,7e-06
XGBoost,0.490934,0.979798,7e-06
XGBoost,0.49097,0.979798,7e-06
XGBoost,0.492922,0.979798,7e-06
XGBoost,0.492957,0.979798,7e-06
XGBoost,0.493678,0.979798,7e-06
XGBoost,0.493713,0.979798,7e-06
XGBoost,0.4941,0.979798,7e-06
XGBoost,0.494135,0.979798,7e-06
XGBoost,0.495278,0.979798,7e-06
XGBoost,0.495313,0.979798,7e-06
XGBoost,0.495577,0.979798,7e-06
XGBoost,0.495612,0.979798,7e-06
XGBoost,0.49723,0.979798,7e-06
XGBoost,0.497265,0.979798,7e-06
XGBoost,0.497406,0.979798,7e-06
XGBoost,0.497441,0.979798,7e-06
XGBoost,0.499692,0.979798,7e-06
XGBoost,0.499727,0.979798,7e-06
XGBoost,0.499921,0.979798,7e-06
XGBoost,0.499956,0.979798,7e-06
XGBoost,0.499974,0.979798,7e-06
XGBoost,0.500009,0.979798,7e-06
XGBoost,0.500097,0.979798,7e-06
XGBoost,0.500132,0.979798,7e-06
XGBoost,0.500149,0.979798,7e-06
XGBoost,0.500185,0.979798,7e-06
XGBoost,0.500906,0.979798,6e-06
XGBoost,0.500941,0.979798,6e-06
XGBoost,0.504775,0.979798,6e-06
XGBoost,0.50481,0.979798,6e-06
XGBoost,0.507254,0.979798,6e-06
XGBoost,0.507325,0.979798,6e-06
XGBoost,0.509242,0.979798,6e-06
XGBoost,0.509277,0.979798,6e-06
XGBoost,0.511176,0.979798,6e-06
XGBoost,0.511211,0.979798,6e-06
XGBoost,0.511862,0.979798,6e-06
XGBoost,0.511897,0.979798,6e-06
XGBoost,0.514007,0.979798,6e-06
XGBoost,0.514043,0.979798,6e-06
XGBoost,0.51413,0.979798,6e-06
XGBoost,0.514166,0.979798,6e-06
XGBoost,0.523328,0.979798,6e-06
XGBoost,0.523363,0.979798,6e-06
XGBoost,0.523398,0.979798,6e-06
XGBoost,0.523451,0.979798,6e-06
XGBoost,0.525561,0.979798,6e-06
XGBoost,0.525597,0.979798,6e-06
XGBoost,0.527936,0.979798,6e-06
XGBoost,0.527988,0.979798,6e-06
XGBoost,0.528305,0.979798,6e-06
XGBoost,0.52834,0.979798,6e-06
XGBoost,0.529624,0.979798,6e-06
XGBoost,0.529659,0.979798,6e-06
XGBoost,0.530486,0.979798,6e-06
XGBoost,0.530521,0.979798,6e-06
XGBoost,0.531171,0.979798,6e-06
XGBoost,0.531207,0.979798,6e-06
XGBoost,0.534038,0.979798,6e-06
XGBoost,0.534073,0.979798,6e-06
XGBoost,0.534706,0.979798,6e-06
XGBoost,0.534741,0.979798,6e-06
XGBoost,0.535005,0.979798,6e-06
XGBoost,0.53504,0.979798,6e-06
XGBoost,0.536183,0.979798,6e-06
XGBoost,0.536219,0.979798,6e-06
XGBoost,0.538786,0.979798,6e-06
XGBoost,0.538821,0.979798,6e-06
XGBoost,0.54116,0.979798,6e-06
XGBoost,0.541196,0.979798,6e-06
XGBoost,0.54255,0.979798,6e-06
XGBoost,0.542585,0.979798,6e-06
XGBoost,0.542919,0.979798,6e-06
XGBoost,0.542954,0.979798,6e-06
XGBoost,0.54306,0.979798,6e-06
XGBoost,0.543095,0.979798,6e-06
XGBoost,0.543394,0.979798,6e-06
XGBoost,0.543464,0.979798,6e-06
XGBoost,0.544871,0.979798,6e-06
XGBoost,0.544906,0.979798,6e-06
XGBoost,0.549971,0.979798,5e-06
XGBoost,0.550006,0.979798,5e-06
XGBoost,0.555634,0.979798,5e-06
XGBoost,0.555669,0.979798,5e-06
XGBoost,0.5569,0.979798,5e-06
XGBoost,0.556935,0.979798,5e-06
XGBoost,0.556988,0.979798,5e-06
XGBoost,0.557023,0.979798,5e-06
XGBoost,0.557639,0.979798,5e-06
XGBoost,0.557674,0.979798,5e-06
XGBoost,0.560101,0.979798,5e-06
XGBoost,0.560136,0.979798,5e-06
XGBoost,0.560294,0.979798,5e-06
XGBoost,0.560329,0.979798,5e-06
XGBoost,0.560382,0.979798,5e-06
XGBoost,0.560417,0.979798,5e-06
XGBoost,0.561209,0.979798,5e-06
XGBoost,0.561244,0.979798,5e-06
XGBoost,0.562264,0.979798,5e-06
XGBoost,0.562299,0.979798,5e-06
XGBoost,0.56258,0.979798,5e-06
XGBoost,0.562615,0.979798,5e-06
XGBoost,0.565412,0.979798,5e-06
XGBoost,0.565447,0.979798,5e-06
XGBoost,0.570248,0.979798,5e-06
XGBoost,0.570283,0.979798,5e-06
XGBoost,0.573589,0.979798,5e-06
XGBoost,0.573642,0.979798,5e-06
XGBoost,0.577739,0.979798,5e-06
XGBoost,0.577775,0.979798,5e-06
XGBoost,0.578003,0.979798,5e-06
XGBoost,0.578038,0.979798,5e-06
XGBoost,0.578355,0.979798,5e-06
XGBoost,0.57839,0.979798,5e-06
XGBoost,0.57883,0.979798,5e-06
XGBoost,0.578865,0.979798,5e-06
XGBoost,0.579885,0.979798,5e-06
XGBoost,0.57992,0.979798,5e-06
XGBoost,0.581327,0.979798,5e-06
XGBoost,0.581362,0.979798,5e-06
XGBoost,0.581485,0.979798,5e-06
XGBoost,0.58152,0.979798,5e-06
XGBoost,0.58189,0.979798,5e-06
XGBoost,0.581925,0.979798,5e-06
XGBoost,0.58196,0.979798,5e-06
XGBoost,0.582013,0.979798,5e-06
XGBoost,0.586585,0.979798,5e-06
XGBoost,0.58662,0.979798,5e-06
XGBoost,0.58801,0.979798,5e-06
XGBoost,0.588045,0.979798,5e-06
XGBoost,0.588326,0.979798,5e-06
XGBoost,0.588362,0.979798,5e-06
XGBoost,0.589487,0.979798,5e-06
XGBoost,0.589522,0.979798,5e-06
XGBoost,0.591404,0.979798,5e-06
XGBoost,0.591439,0.979798,5e-06
XGBoost,0.592266,0.979798,5e-06
XGBoost,0.592301,0.979798,5e-06
XGBoost,0.59311,0.979798,5e-06
XGBoost,0.593145,0.979798,5e-06
XGBoost,0.595642,0.979798,5e-06
XGBoost,0.595677,0.979798,5e-06
XGBoost,0.596293,0.979798,5e-06
XGBoost,0.596328,0.979798,5e-06
XGBoost,0.596732,0.979798,5e-06
XGBoost,0.596768,0.979798,5e-06
XGBoost,0.598104,0.979798,5e-06
XGBoost,0.598139,0.979798,5e-06
XGBoost,0.599195,0.979798,5e-06
XGBoost,0.59923,0.979798,5e-06
XGBoost,0.600865,0.979798,5e-06
XGBoost,0.6009,0.979798,5e-06
XGBoost,0.601832,0.979798,5e-06
XGBoost,0.601868,0.979798,5e-06
XGBoost,0.602395,0.979798,5e-06
XGBoost,0.60243,0.979798,5e-06
XGBoost,0.603398,0.979798,5e-06
XGBoost,0.603433,0.979798,5e-06
XGBoost,0.60389,0.979798,5e-06
XGBoost,0.60396,0.979798,5e-06
XGBoost,0.605385,0.979798,5e-06
XGBoost,0.60542,0.979798,5e-06
XGBoost,0.606282,0.979798,5e-06
XGBoost,0.606317,0.979798,5e-06
XGBoost,0.606809,0.979798,5e-06
XGBoost,0.606845,0.979798,5e-06
XGBoost,0.608937,0.979798,5e-06
XGBoost,0.608972,0.979798,5e-06
XGBoost,0.613193,0.979798,4e-06
XGBoost,0.613228,0.979798,4e-06
XGBoost,0.614248,0.979798,4e-06
XGBoost,0.614336,0.979798,4e-06
XGBoost,0.615004,0.979798,4e-06
XGBoost,0.61504,0.979798,4e-06
XGBoost,0.615163,0.979798,4e-06
XGBoost,0.615198,0.979798,4e-06
XGBoost,0.617291,0.979798,4e-06
XGBoost,0.617326,0.979798,4e-06
XGBoost,0.618363,0.979798,4e-06
XGBoost,0.618399,0.979798,4e-06
XGBoost,0.619014,0.979798,4e-06
XGBoost,0.619049,0.979798,4e-06
XGBoost,0.621054,0.979798,4e-06
XGBoost,0.621089,0.979798,4e-06
XGBoost,0.622443,0.979798,4e-06
XGBoost,0.622479,0.979798,4e-06
XGBoost,0.623252,0.979798,4e-06
XGBoost,0.623288,0.979798,4e-06
XGBoost,0.628229,0.979798,4e-06
XGBoost,0.628264,0.979798,4e-06
XGBoost,0.631852,0.979798,4e-06
XGBoost,0.631887,0.979798,4e-06
XGBoost,0.63748,0.979798,4e-06
XGBoost,0.637515,0.979798,4e-06
XGBoost,0.639379,0.979798,4e-06
XGBoost,0.639414,0.979798,4e-06
XGBoost,0.641014,0.979798,4e-06
XGBoost,0.64105,0.979798,4e-06
XGBoost,0.641665,0.979798,4e-06
XGBoost,0.6417,0.979798,4e-06
XGBoost,0.642351,0.979798,4e-06
XGBoost,0.642386,0.979798,4e-06
XGBoost,0.642562,0.979798,4e-06
XGBoost,0.642597,0.979798,4e-06
XGBoost,0.643388,0.979798,4e-06
XGBoost,0.643424,0.979798,4e-06
XGBoost,0.643881,0.979798,4e-06
XGBoost,0.643916,0.979798,4e-06
XGBoost,0.644532,0.979798,4e-06
XGBoost,0.644567,0.979798,4e-06
XGBoost,0.644795,0.979798,4e-06
XGBoost,0.644831,0.979798,4e-06
XGBoost,0.645376,0.979798,4e-06
XGBoost,0.645411,0.979798,4e-06
XGBoost,0.645534,0.979798,4e-06
XGBoost,0.645569,0.979798,4e-06
XGBoost,0.64921,0.979798,4e-06
XGBoost,0.649245,0.979798,4e-06
XGBoost,0.649438,0.979798,4e-06
XGBoost,0.649508,0.979798,4e-06
XGBoost,0.649772,0.979798,4e-06
XGBoost,0.649807,0.979798,4e-06
XGBoost,0.651918,0.979798,4e-06
XGBoost,0.651953,0.979798,4e-06
XGBoost,0.654503,0.979798,4e-06
XGBoost,0.654538,0.979798,4e-06
XGBoost,0.655875,0.979798,4e-06
XGBoost,0.65591,0.979798,4e-06
XGBoost,0.65642,0.979798,4e-06
XGBoost,0.656455,0.979798,4e-06
XGBoost,0.656789,0.979798,4e-06
XGBoost,0.656824,0.979798,4e-06
XGBoost,0.658688,0.979798,4e-06
XGBoost,0.658724,0.979798,4e-06
XGBoost,0.659462,0.979798,4e-06
XGBoost,0.659497,0.979798,4e-06
XGBoost,0.661203,0.979798,4e-06
XGBoost,0.661238,0.979798,4e-06
XGBoost,0.662153,0.979798,4e-06
XGBoost,0.662188,0.979798,4e-06
XGBoost,0.663613,0.979798,4e-06
XGBoost,0.663648,0.979798,4e-06
XGBoost,0.664404,0.979798,4e-06
XGBoost,0.664439,0.979798,4e-06
XGBoost,0.666848,0.979798,4e-06
XGBoost,0.666884,0.979798,4e-06
XGBoost,0.666901,0.979798,4e-06
XGBoost,0.666936,0.979798,4e-06
XGBoost,0.667323,0.979798,4e-06
XGBoost,0.667358,0.979798,4e-06
XGBoost,0.667939,0.979798,4e-06
XGBoost,0.667974,0.979798,4e-06
XGBoost,0.668748,0.979798,4e-06
XGBoost,0.668783,0.979798,4e-06
XGBoost,0.670137,0.979798,4e-06
XGBoost,0.670137,0.989899,4e-06
XGBoost,0.670489,0.989899,4e-06
XGBoost,0.670541,0.989899,4e-06
XGBoost,0.673725,0.989899,4e-06
XGBoost,0.67376,0.989899,4e-06
XGBoost,0.675765,0.989899,4e-06
XGBoost,0.675817,0.989899,4e-06
XGBoost,0.676028,0.989899,4e-06
XGBoost,0.676064,0.989899,4e-06
XGBoost,0.676415,0.989899,4e-06
XGBoost,0.67645,0.989899,4e-06
XGBoost,0.679546,0.989899,4e-06
XGBoost,0.679581,0.989899,4e-06
XGBoost,0.681163,0.989899,3e-06
XGBoost,0.681199,0.989899,3e-06
XGBoost,0.682606,0.989899,3e-06
XGBoost,0.682641,0.989899,3e-06
XGBoost,0.682992,0.989899,3e-06
XGBoost,0.683028,0.989899,3e-06
XGBoost,0.683168,0.989899,3e-06
XGBoost,0.683168,1.0,3e-06
XGBoost,0.68345,1.0,3e-06
XGBoost,0.683485,1.0,3e-06
XGBoost,0.68447,1.0,3e-06
XGBoost,0.684505,1.0,3e-06
XGBoost,0.687582,1.0,3e-06
XGBoost,0.687618,1.0,3e-06
XGBoost,0.689675,1.0,3e-06
XGBoost,0.68971,1.0,3e-06
XGBoost,0.691592,1.0,3e-06
XGBoost,0.691627,1.0,3e-06
XGBoost,0.6927,1.0,3e-06
XGBoost,0.692735,1.0,3e-06
XGBoost,0.693685,1.0,3e-06
XGBoost,0.69372,1.0,3e-06
XGBoost,0.69569,1.0,3e-06
XGBoost,0.695725,1.0,3e-06
XGBoost,0.695813,1.0,3e-06
XGBoost,0.695848,1.0,3e-06
XGBoost,0.695883,1.0,3e-06
XGBoost,0.695918,1.0,3e-06
XGBoost,0.696885,1.0,3e-06
XGBoost,0.696921,1.0,3e-06
XGBoost,0.699049,1.0,3e-06
XGBoost,0.699084,1.0,3e-06
XGBoost,0.700772,1.0,3e-06
XGBoost,0.700807,1.0,3e-06
XGBoost,0.70093,1.0,3e-06
XGBoost,0.700965,1.0,3e-06
XGBoost,0.701845,1.0,3e-06
XGBoost,0.701898,1.0,3e-06
XGBoost,0.703023,1.0,3e-06
XGBoost,0.703058,1.0,3e-06
XGBoost,0.70348,1.0,3e-06
XGBoost,0.703515,1.0,3e-06
XGBoost,0.705028,1.0,3e-06
XGBoost,0.705063,1.0,3e-06
XGBoost,0.70545,1.0,3e-06
XGBoost,0.705485,1.0,3e-06
XGBoost,0.70552,1.0,3e-06
XGBoost,0.705555,1.0,3e-06
XGBoost,0.706769,1.0,3e-06
XGBoost,0.706804,1.0,3e-06
XGBoost,0.707877,1.0,3e-06
XGBoost,0.707912,1.0,3e-06
XGBoost,0.708053,1.0,3e-06
XGBoost,0.708088,1.0,3e-06
XGBoost,0.709336,1.0,3e-06
XGBoost,0.709372,1.0,3e-06
XGBoost,0.709846,1.0,3e-06
XGBoost,0.709882,1.0,3e-06
XGBoost,0.710356,1.0,3e-06
XGBoost,0.710392,1.0,3e-06
XGBoost,0.712221,1.0,3e-06
XGBoost,0.712256,1.0,3e-06
XGBoost,0.712502,1.0,3e-06
XGBoost,0.712537,1.0,3e-06
XGBoost,0.717022,1.0,3e-06
XGBoost,0.717057,1.0,3e-06
XGBoost,0.724566,1.0,3e-06
XGBoost,0.724601,1.0,3e-06
XGBoost,0.726061,1.0,3e-06
XGBoost,0.726096,1.0,3e-06
XGBoost,0.728453,1.0,3e-06
XGBoost,0.728488,1.0,3e-06
XGBoost,0.730369,1.0,3e-06
XGBoost,0.730405,1.0,3e-06
XGBoost,0.730528,1.0,3e-06
XGBoost,0.730563,1.0,3e-06
XGBoost,0.730616,1.0,3e-06
XGBoost,0.730651,1.0,3e-06
XGBoost,0.733992,1.0,3e-06
XGBoost,0.734027,1.0,3e-06
XGBoost,0.734784,1.0,3e-06
XGBoost,0.734819,1.0,3e-06
XGBoost,0.735012,1.0,3e-06
XGBoost,0.735047,1.0,3e-06
XGBoost,0.735979,1.0,3e-06
XGBoost,0.736015,1.0,3e-06
XGBoost,0.73612,1.0,3e-06
XGBoost,0.736173,1.0,3e-06
XGBoost,0.736525,1.0,3e-06
XGBoost,0.73656,1.0,3e-06
XGBoost,0.737808,1.0,3e-06
XGBoost,0.737844,1.0,3e-06
XGBoost,0.73874,1.0,3e-06
XGBoost,0.738776,1.0,3e-06
XGBoost,0.741554,1.0,3e-06
XGBoost,0.741589,1.0,3e-06
XGBoost,0.743805,1.0,3e-06
XGBoost,0.74384,1.0,3e-06
XGBoost,0.744087,1.0,3e-06
XGBoost,0.744122,1.0,3e-06
XGBoost,0.744931,1.0,3e-06
XGBoost,0.744966,1.0,3e-06
XGBoost,0.745335,1.0,3e-06
XGBoost,0.74537,1.0,3e-06
XGBoost,0.747129,1.0,3e-06
XGBoost,0.747164,1.0,3e-06
XGBoost,0.750119,1.0,3e-06
XGBoost,0.750154,1.0,3e-06
XGBoost,0.755869,1.0,3e-06
XGBoost,0.755922,1.0,3e-06
XGBoost,0.760881,1.0,3e-06
XGBoost,0.760917,1.0,3e-06
XGBoost,0.762323,1.0,3e-06
XGBoost,0.762359,1.0,3e-06
XGBoost,0.762499,1.0,3e-06
XGBoost,0.762535,1.0,3e-06
XGBoost,0.765032,1.0,3e-06
XGBoost,0.765067,1.0,3e-06
XGBoost,0.767476,1.0,3e-06
XGBoost,0.767511,1.0,3e-06
XGBoost,0.768021,1.0,3e-06
XGBoost,0.768057,1.0,3e-06
XGBoost,0.769077,1.0,3e-06
XGBoost,0.769112,1.0,3e-06
XGBoost,0.769376,1.0,3e-06
XGBoost,0.769411,1.0,3e-06
XGBoost,0.769587,1.0,3e-06
XGBoost,0.769622,1.0,3e-06
XGBoost,0.770079,1.0,3e-06
XGBoost,0.770114,1.0,3e-06
XGBoost,0.770888,1.0,3e-06
XGBoost,0.770923,1.0,3e-06
XGBoost,0.773086,1.0,2e-06
XGBoost,0.773121,1.0,2e-06
XGBoost,0.774247,1.0,2e-06
XGBoost,0.774282,1.0,2e-06
XGBoost,0.774634,1.0,2e-06
XGBoost,0.774669,1.0,2e-06
XGBoost,0.77488,1.0,2e-06
XGBoost,0.774915,1.0,2e-06
XGBoost,0.775478,1.0,2e-06
XGBoost,0.775513,1.0,2e-06
XGBoost,0.777113,1.0,2e-06
XGBoost,0.777184,1.0,2e-06
XGBoost,0.777817,1.0,2e-06
XGBoost,0.777852,1.0,2e-06
XGBoost,0.78049,1.0,2e-06
XGBoost,0.780525,1.0,2e-06
XGBoost,0.781492,1.0,2e-06
XGBoost,0.781528,1.0,2e-06
XGBoost,0.783884,1.0,2e-06
XGBoost,0.783919,1.0,2e-06
XGBoost,0.784957,1.0,2e-06
XGBoost,0.784992,1.0,2e-06
XGBoost,0.788896,1.0,2e-06
XGBoost,0.788931,1.0,2e-06
XGBoost,0.788984,1.0,2e-06
XGBoost,0.789019,1.0,2e-06
XGBoost,0.789406,1.0,2e-06
XGBoost,0.789441,1.0,2e-06
XGBoost,0.791833,1.0,2e-06
XGBoost,0.791868,1.0,2e-06
XGBoost,0.792449,1.0,2e-06
XGBoost,0.792484,1.0,2e-06
XGBoost,0.792554,1.0,2e-06
XGBoost,0.792589,1.0,2e-06
XGBoost,0.793627,1.0,2e-06
XGBoost,0.793662,1.0,2e-06
XGBoost,0.794506,1.0,2e-06
XGBoost,0.794559,1.0,2e-06
XGBoost,0.795509,1.0,2e-06
XGBoost,0.795544,1.0,2e-06
XGBoost,0.799043,1.0,2e-06
XGBoost,0.799078,1.0,2e-06
XGBoost,0.79994,1.0,2e-06
XGBoost,0.799975,1.0,2e-06
XGBoost,0.801699,1.0,2e-06
XGBoost,0.801734,1.0,2e-06
XGBoost,0.802332,1.0,2e-06
XGBoost,0.802367,1.0,2e-06
XGBoost,0.804706,1.0,2e-06
XGBoost,0.804741,1.0,2e-06
XGBoost,0.806394,1.0,2e-06
XGBoost,0.806429,1.0,2e-06
XGBoost,0.806641,1.0,2e-06
XGBoost,0.806693,1.0,2e-06
XGBoost,0.808065,1.0,2e-06
XGBoost,0.8081,1.0,2e-06
XGBoost,0.808206,1.0,2e-06
XGBoost,0.808241,1.0,2e-06
XGBoost,0.808469,1.0,2e-06
XGBoost,0.808575,1.0,2e-06
XGBoost,0.810826,1.0,2e-06
XGBoost,0.810861,1.0,2e-06
XGBoost,0.810949,1.0,2e-06
XGBoost,0.810984,1.0,2e-06
XGBoost,0.81167,1.0,2e-06
XGBoost,0.811705,1.0,2e-06
XGBoost,0.811864,1.0,2e-06
XGBoost,0.811899,1.0,2e-06
XGBoost,0.812303,1.0,2e-06
XGBoost,0.812338,1.0,2e-06
XGBoost,0.81582,1.0,2e-06
XGBoost,0.815856,1.0,2e-06
XGBoost,0.816647,1.0,2e-06
XGBoost,0.816682,1.0,2e-06
XGBoost,0.818353,1.0,2e-06
XGBoost,0.818511,1.0,2e-06
XGBoost,0.821536,1.0,2e-06
XGBoost,0.821571,1.0,2e-06
XGBoost,0.821747,1.0,2e-06
XGBoost,0.821782,1.0,2e-06
XGBoost,0.823435,1.0,2e-06
XGBoost,0.82347,1.0,2e-06
XGBoost,0.824191,1.0,2e-06
XGBoost,0.824227,1.0,2e-06
XGBoost,0.824315,1.0,2e-06
XGBoost,0.824367,1.0,2e-06
XGBoost,0.824614,1.0,2e-06
XGBoost,0.824649,1.0,2e-06
XGBoost,0.82537,1.0,2e-06
XGBoost,0.825405,1.0,2e-06
XGBoost,0.826671,1.0,2e-06
XGBoost,0.826706,1.0,2e-06
XGBoost,0.828641,1.0,2e-06
XGBoost,0.828711,1.0,2e-06
XGBoost,0.8301,1.0,2e-06
XGBoost,0.830136,1.0,2e-06
XGBoost,0.830224,1.0,2e-06
XGBoost,0.830259,1.0,2e-06
XGBoost,0.830909,1.0,2e-06
XGBoost,0.830945,1.0,2e-06
XGBoost,0.833442,1.0,2e-06
XGBoost,0.833477,1.0,2e-06
XGBoost,0.835728,1.0,2e-06
XGBoost,0.835763,1.0,2e-06
XGBoost,0.83775,1.0,2e-06
XGBoost,0.837786,1.0,2e-06
XGBoost,0.83826,1.0,2e-06
XGBoost,0.838296,1.0,2e-06
XGBoost,0.838577,1.0,2e-06
XGBoost,0.838612,1.0,2e-06
XGBoost,0.840248,1.0,2e-06
XGBoost,0.840283,1.0,2e-06
XGBoost,0.840459,1.0,2e-06
XGBoost,0.840494,1.0,2e-06
XGBoost,0.84227,1.0,2e-06
XGBoost,0.842305,1.0,2e-06
XGBoost,0.843712,1.0,2e-06
XGBoost,0.843765,1.0,2e-06
XGBoost,0.846315,1.0,2e-06
XGBoost,0.84635,1.0,2e-06
XGBoost,0.847317,1.0,2e-06
XGBoost,0.847352,1.0,2e-06
XGBoost,0.848689,1.0,2e-06
XGBoost,0.848724,1.0,2e-06
XGBoost,0.850254,1.0,2e-06
XGBoost,0.850289,1.0,2e-06
XGBoost,0.853754,1.0,2e-06
XGBoost,0.853807,1.0,2e-06
XGBoost,0.854317,1.0,2e-06
XGBoost,0.854352,1.0,2e-06
XGBoost,0.854686,1.0,2e-06
XGBoost,0.854721,1.0,2e-06
XGBoost,0.85546,1.0,2e-06
XGBoost,0.855495,1.0,2e-06
XGBoost,0.861914,1.0,2e-06
XGBoost,0.861949,1.0,2e-06
XGBoost,0.864112,1.0,2e-06
XGBoost,0.864147,1.0,2e-06
XGBoost,0.869441,1.0,2e-06
XGBoost,0.869476,1.0,2e-06
XGBoost,0.87141,1.0,2e-06
XGBoost,0.871445,1.0,2e-06
XGBoost,0.871621,1.0,2e-06
XGBoost,0.871815,1.0,2e-06
XGBoost,0.872325,1.0,2e-06
XGBoost,0.87236,1.0,2e-06
XGBoost,0.872712,1.0,2e-06
XGBoost,0.872747,1.0,2e-06
XGBoost,0.873661,1.0,2e-06
XGBoost,0.873696,1.0,2e-06
XGBoost,0.873872,1.0,2e-06
XGBoost,0.873907,1.0,2e-06
XGBoost,0.876317,1.0,2e-06
XGBoost,0.876352,1.0,2e-06
XGBoost,0.876545,1.0,2e-06
XGBoost,0.876581,1.0,2e-06
XGBoost,0.878603,1.0,2e-06
XGBoost,0.878638,1.0,2e-06
XGBoost,0.881434,1.0,2e-06
XGBoost,0.881469,1.0,2e-06
XGBoost,0.882912,1.0,2e-06
XGBoost,0.882947,1.0,2e-06
XGBoost,0.888346,1.0,1e-06
XGBoost,0.888381,1.0,1e-06
XGBoost,0.889137,1.0,1e-06
XGBoost,0.88919,1.0,1e-06
XGBoost,0.892936,1.0,1e-06
XGBoost,0.892971,1.0,1e-06
XGBoost,0.893217,1.0,1e-06
XGBoost,0.893252,1.0,1e-06
XGBoost,0.894061,1.0,1e-06
XGBoost,0.894096,1.0,1e-06
XGBoost,0.894571,1.0,1e-06
XGBoost,0.894606,1.0,1e-06
XGBoost,0.894853,1.0,1e-06
XGBoost,0.894888,1.0,1e-06
XGBoost,0.896101,1.0,1e-06
XGBoost,0.896136,1.0,1e-06
XGBoost,0.897807,1.0,1e-06
XGBoost,0.897842,1.0,1e-06
XGBoost,0.898915,1.0,1e-06
XGBoost,0.89895,1.0,1e-06
XGBoost,0.901166,1.0,1e-06
XGBoost,0.901201,1.0,1e-06
XGBoost,0.902925,1.0,1e-06
XGBoost,0.90296,1.0,1e-06
XGBoost,0.903945,1.0,1e-06
XGBoost,0.90398,1.0,1e-06
XGBoost,0.906442,1.0,1e-06
XGBoost,0.906477,1.0,1e-06
XGBoost,0.908429,1.0,1e-06
XGBoost,0.908464,1.0,1e-06
XGBoost,0.908693,1.0,1e-06
XGBoost,0.908728,1.0,1e-06
XGBoost,0.908851,1.0,1e-06
XGBoost,0.908886,1.0,1e-06
XGBoost,0.909115,1.0,1e-06
XGBoost,0.90915,1.0,1e-06
XGBoost,0.909484,1.0,1e-06
XGBoost,0.909519,1.0,1e-06
XGBoost,0.916677,1.0,1e-06
XGBoost,0.916712,1.0,1e-06
XGBoost,0.918277,1.0,1e-06
XGBoost,0.918312,1.0,1e-06
XGBoost,0.918963,1.0,1e-06
XGBoost,0.918998,1.0,1e-06
XGBoost,0.92044,1.0,1e-06
XGBoost,0.920616,1.0,1e-06
XGBoost,0.921355,1.0,1e-06
XGBoost,0.92139,1.0,1e-06
XGBoost,0.922357,1.0,1e-06
XGBoost,0.922392,1.0,1e-06
XGBoost,0.923483,1.0,1e-06
XGBoost,0.923518,1.0,1e-06
XGBoost,0.924591,1.0,1e-06
XGBoost,0.924626,1.0,1e-06
XGBoost,0.924802,1.0,1e-06
XGBoost,0.924837,1.0,1e-06
XGBoost,0.925927,1.0,1e-06
XGBoost,0.925962,1.0,1e-06
XGBoost,0.92758,1.0,1e-06
XGBoost,0.927615,1.0,1e-06
XGBoost,0.929357,1.0,1e-06
XGBoost,0.929392,1.0,1e-06
XGBoost,0.931713,1.0,1e-06
XGBoost,0.931748,1.0,1e-06
XGBoost,0.931766,1.0,1e-06
XGBoost,0.931836,1.0,1e-06
XGBoost,0.93472,1.0,1e-06
XGBoost,0.934755,1.0,1e-06
XGBoost,0.936567,1.0,1e-06
XGBoost,0.936602,1.0,1e-06
XGBoost,0.938765,1.0,1e-06
XGBoost,0.938818,1.0,1e-06
XGBoost,0.939627,1.0,1e-06
XGBoost,0.93968,1.0,1e-06
XGBoost,0.940559,1.0,1e-06
XGBoost,0.940664,1.0,1e-06
XGBoost,0.940858,1.0,1e-06
XGBoost,0.940893,1.0,1e-06
XGBoost,0.941438,1.0,1e-06
XGBoost,0.94172,1.0,1e-06
XGBoost,0.94492,1.0,1e-06
XGBoost,0.944973,1.0,1e-06
XGBoost,0.94631,1.0,1e-06
XGBoost,0.946345,1.0,1e-06
XGBoost,0.947013,1.0,1e-06
XGBoost,0.947048,1.0,1e-06
XGBoost,0.947523,1.0,1e-06
XGBoost,0.947576,1.0,1e-06
XGBoost,0.949493,1.0,1e-06
XGBoost,0.949528,1.0,1e-06
XGBoost,0.954083,1.0,1e-06
XGBoost,0.954118,1.0,1e-06
XGBoost,0.955314,1.0,1e-06
XGBoost,0.955349,1.0,1e-06
XGBoost,0.956175,1.0,1e-06
XGBoost,0.956211,1.0,1e-06
XGBoost,0.956457,1.0,1e-06
XGBoost,0.95651,1.0,1e-06
XGBoost,0.957881,1.0,1e-06
XGBoost,0.957934,1.0,1e-06
XGBoost,0.962436,1.0,1e-06
XGBoost,0.962471,1.0,1e-06
XGBoost,0.966147,1.0,1e-06
XGBoost,0.966182,1.0,1e-06
XGBoost,0.967571,1.0,1e-06
XGBoost,0.967606,1.0,1e-06
XGBoost,0.969558,1.0,1e-06
XGBoost,0.969594,1.0,1e-06
XGBoost,0.97035,1.0,1e-06
XGBoost,0.970385,1.0,1e-06
XGBoost,0.971212,1.0,1e-06
XGBoost,0.971247,1.0,1e-06
XGBoost,0.973656,1.0,1e-06
XGBoost,0.973691,1.0,1e-06
XGBoost,0.973744,1.0,1e-06
XGBoost,0.973797,1.0,1e-06
XGBoost,0.974447,1.0,1e-06
XGBoost,0.974483,1.0,1e-06
XGBoost,0.975098,1.0,1e-06
XGBoost,0.975133,1.0,1e-06
XGBoost,0.975503,1.0,1e-06
XGBoost,0.975538,1.0,1e-06
XGBoost,0.976927,1.0,1e-06
XGBoost,0.976962,1.0,1e-06
XGBoost,0.977191,1.0,1e-06
XGBoost,0.977226,1.0,1e-06
XGBoost,0.977877,1.0,1e-06
XGBoost,0.977912,1.0,1e-06
XGBoost,0.978633,1.0,1e-06
XGBoost,0.978738,1.0,1e-06
XGBoost,0.980251,1.0,1e-06
XGBoost,0.980286,1.0,1e-06
XGBoost,0.983926,1.0,1e-06
XGBoost,0.983961,1.0,1e-06
XGBoost,0.985738,1.0,1e-06
XGBoost,0.985773,1.0,1e-06
XGBoost,0.986687,1.0,1e-06
XGBoost,0.986722,1.0,1e-06
XGBoost,0.987356,1.0,1e-06
XGBoost,0.987391,1.0,1e-06
XGBoost,0.988762,1.0,1e-06
XGBoost,0.988798,1.0,1e-06
XGBoost,0.99089,1.0,1e-06
XGBoost,0.990926,1.0,1e-06
XGBoost,0.991488,1.0,0.0
XGBoost,0.991523,1.0,0.0
XGBoost,0.991787,1.0,0.0
XGBoost,0.991822,1.0,0.0
XGBoost,0.992051,1.0,0.0
XGBoost,0.992086,1.0,0.0
XGBoost,0.992332,1.0,0.0
XGBoost,0.992368,1.0,0.0
XGBoost,0.993687,1.0,0.0
XGBoost,0.993722,1.0,0.0
XGBoost,0.995762,1.0,0.0
XGBoost,0.995797,1.0,0.0
XGBoost,0.996764,1.0,0.0
XGBoost,0.996817,1.0,0.0
XGBoost,0.999648,1.0,0.0
XGBoost,0.999683,1.0,0.0
XGBoost,1.0,1.0,0.0
Random Forest,0.0,0.0,1.0
Random Forest,0.0,0.010101,0.999992
Random Forest,0.0,0.161616,0.963217
Random Forest,0.0,0.191919,0.963217
Random Forest,0.0,0.323232,0.943106
Random Forest,0.0,0.343434,0.936461
Random Forest,0.0,0.646465,0.783199
Random Forest,1.8e-05,0.646465,0.763035
Random Forest,1.8e-05,0.767677,0.666223
Random Forest,3.5e-05,0.767677,0.569268
Random Forest,3.5e-05,0.79798,0.532919
Random Forest,5.3e-05,0.79798,0.496244
Random Forest,5.3e-05,0.808081,0.486453
Random Forest,0.000158,0.808081,0.376238
Random Forest,0.000158,0.818182,0.373165
Random Forest,0.000176,0.818182,0.349871
Random Forest,0.000176,0.858586,0.249809
Random Forest,0.000193,0.858586,0.229742
Random Forest,0.000193,0.868687,0.189802
Random Forest,0.00044,0.868687,0.106465
Random Forest,0.00044,0.878788,0.103198
Random Forest,0.001372,0.878788,0.043232
Random Forest,0.001407,0.878788,0.039974
Random Forest,0.001548,0.878788,0.039942
Random Forest,0.001548,0.888889,0.039923
Random Forest,0.001583,0.888889,0.039895
Random Forest,0.003042,0.888889,0.023303
Random Forest,0.003078,0.888889,0.023297
Random Forest,0.005258,0.888889,0.016611
Random Forest,0.005381,0.888889,0.013333
Random Forest,0.005434,0.888889,0.013328
Random Forest,0.005469,0.888889,0.013328
Random Forest,0.006331,0.888889,0.013316
Random Forest,0.006331,0.89899,0.013316
Random Forest,0.006947,0.89899,0.013307
Random Forest,0.006947,0.909091,0.013307
Random Forest,0.007457,0.909091,0.013275
Random Forest,0.00765,0.909091,0.01
Random Forest,0.007843,0.909091,0.009997
Random Forest,0.007879,0.909091,0.009997
Random Forest,0.008142,0.909091,0.009994
Random Forest,0.008178,0.909091,0.009994
Random Forest,0.00823,0.909091,0.009994
Random Forest,0.008265,0.909091,0.009994
Random Forest,0.008318,0.909091,0.009994
Random Forest,0.008353,0.909091,0.009994
Random Forest,0.008424,0.909091,0.009994
Random Forest,0.008459,0.909091,0.009994
Random Forest,0.00911,0.909091,0.009989
Random Forest,0.009145,0.909091,0.009989
Random Forest,0.009285,0.909091,0.009988
Random Forest,0.009321,0.909091,0.009988
Random Forest,0.009989,0.909091,0.009984
Random Forest,0.010024,0.909091,0.009984
Random Forest,0.011167,0.909091,0.009974
Random Forest,0.011202,0.909091,0.009974
Random Forest,0.011853,0.909091,0.009955
Random Forest,0.011888,0.909091,0.009954
Random Forest,0.011941,0.909091,0.009941
Random Forest,0.013031,0.909091,0.006667
Random Forest,0.013278,0.909091,0.006665
Random Forest,0.013313,0.909091,0.006665
Random Forest,0.013471,0.909091,0.006664
Random Forest,0.013594,0.909091,0.006664
Random Forest,0.013629,0.909091,0.006664
Random Forest,0.0137,0.909091,0.006664
Random Forest,0.013735,0.909091,0.006664
Random Forest,0.01384,0.909091,0.006664
Random Forest,0.013875,0.909091,0.006664
Random Forest,0.013946,0.909091,0.006664
Random Forest,0.014139,0.909091,0.006664
Random Forest,0.014174,0.909091,0.006664
Random Forest,0.014227,0.909091,0.006664
Random Forest,0.014385,0.909091,0.006663
Random Forest,0.014421,0.909091,0.006663
Random Forest,0.014456,0.909091,0.006663
Random Forest,0.014491,0.909091,0.006663
Random Forest,0.01472,0.909091,0.006662
Random Forest,0.014772,0.909091,0.006661
Random Forest,0.01479,0.909091,0.006661
Random Forest,0.014843,0.909091,0.006661
Random Forest,0.014878,0.909091,0.006661
Random Forest,0.014913,0.909091,0.006661
Random Forest,0.014948,0.909091,0.006661
Random Forest,0.014966,0.909091,0.006661
Random Forest,0.015001,0.909091,0.006661
Random Forest,0.015054,0.909091,0.006661
Random Forest,0.015159,0.909091,0.006661
Random Forest,0.01523,0.909091,0.006661
Random Forest,0.01537,0.909091,0.006661
Random Forest,0.015405,0.909091,0.006661
Random Forest,0.015476,0.909091,0.006661
Random Forest,0.015529,0.909091,0.006661
Random Forest,0.015564,0.909091,0.006661
Random Forest,0.015581,0.909091,0.006661
Random Forest,0.015616,0.909091,0.006661
Random Forest,0.015722,0.909091,0.006661
Random Forest,0.015775,0.909091,0.006661
Random Forest,0.015845,0.909091,0.006661
Random Forest,0.015898,0.909091,0.006661
Random Forest,0.015933,0.909091,0.006661
Random Forest,0.015968,0.909091,0.006661
Random Forest,0.016021,0.909091,0.006661
Random Forest,0.016074,0.909091,0.006661
Random Forest,0.016109,0.909091,0.006661
Random Forest,0.016126,0.909091,0.006661
Random Forest,0.016179,0.909091,0.006661
Random Forest,0.016197,0.909091,0.006661
Random Forest,0.01625,0.909091,0.00666
Random Forest,0.016302,0.909091,0.00666
Random Forest,0.016338,0.909091,0.00666
Random Forest,0.016601,0.909091,0.006659
Random Forest,0.016636,0.909091,0.006659
Random Forest,0.017533,0.909091,0.006657
Random Forest,0.017569,0.909091,0.006657
Random Forest,0.017727,0.909091,0.006656
Random Forest,0.017797,0.909091,0.006656
Random Forest,0.01785,0.909091,0.006656
Random Forest,0.017885,0.909091,0.006656
Random Forest,0.017955,0.909091,0.006656
Random Forest,0.018061,0.909091,0.006656
Random Forest,0.018096,0.909091,0.006656
Random Forest,0.018166,0.909091,0.006656
Random Forest,0.018237,0.909091,0.006655
Random Forest,0.018272,0.909091,0.006655
Random Forest,0.01829,0.909091,0.006655
Random Forest,0.018325,0.909091,0.006655
Random Forest,0.018395,0.909091,0.006655
Random Forest,0.018501,0.909091,0.006655
Random Forest,0.018518,0.909091,0.006655
Random Forest,0.018571,0.909091,0.006655
Random Forest,0.018606,0.909091,0.006655
Random Forest,0.018624,0.909091,0.006655
Random Forest,0.018676,0.909091,0.006655
Random Forest,0.018694,0.909091,0.006655
Random Forest,0.018729,0.909091,0.006655
Random Forest,0.018782,0.909091,0.006655
Random Forest,0.018888,0.909091,0.006655
Random Forest,0.019046,0.909091,0.006655
Random Forest,0.019081,0.909091,0.006655
Random Forest,0.019151,0.909091,0.006655
Random Forest,0.019186,0.909091,0.006655
Random Forest,0.019222,0.909091,0.006655
Random Forest,0.019257,0.909091,0.006655
Random Forest,0.019292,0.909091,0.006655
Random Forest,0.019327,0.909091,0.006655
Random Forest,0.019397,0.909091,0.006654
Random Forest,0.019433,0.909091,0.006654
Random Forest,0.01945,0.909091,0.006654
Random Forest,0.019485,0.909091,0.006654
Random Forest,0.019872,0.909091,0.006653
Random Forest,0.019907,0.909091,0.006653
Random Forest,0.020259,0.909091,0.006651
Random Forest,0.020294,0.909091,0.006651
Random Forest,0.02033,0.909091,0.00665
Random Forest,0.020365,0.909091,0.00665
Random Forest,0.020716,0.909091,0.00665
Random Forest,0.020752,0.909091,0.00665
Random Forest,0.021139,0.909091,0.006649
Random Forest,0.021174,0.909091,0.006648
Random Forest,0.021613,0.909091,0.006644
Random Forest,0.021649,0.909091,0.006644
Random Forest,0.02244,0.909091,0.00662
Random Forest,0.033519,0.909091,0.003333
Random Forest,0.033572,0.909091,0.003332
Random Forest,0.03366,0.909091,0.003332
Random Forest,0.033713,0.909091,0.003332
Random Forest,0.033748,0.909091,0.003332
Random Forest,0.033818,0.909091,0.003332
Random Forest,0.033836,0.909091,0.003332
Random Forest,0.033906,0.909091,0.003332
Random Forest,0.033976,0.909091,0.003332
Random Forest,0.033994,0.909091,0.003332
Random Forest,0.034029,0.909091,0.003332
Random Forest,0.034082,0.909091,0.003332
Random Forest,0.034117,0.909091,0.003332
Random Forest,0.034152,0.909091,0.003332
Random Forest,0.034187,0.909091,0.003332
Random Forest,0.03424,0.909091,0.003332
Random Forest,0.034258,0.909091,0.003332
Random Forest,0.034293,0.909091,0.003332
Random Forest,0.034381,0.909091,0.003332
Random Forest,0.034434,0.909091,0.003332
Random Forest,0.034451,0.909091,0.003332
Random Forest,0.034504,0.909091,0.003332
Random Forest,0.034522,0.909091,0.003332
Random Forest,0.034557,0.909091,0.003331
Random Forest,0.034662,0.909091,0.003331
Random Forest,0.034715,0.909091,0.003331
Random Forest,0.034733,0.909091,0.003331
Random Forest,0.034768,0.909091,0.003331
Random Forest,0.034838,0.909091,0.003331
Random Forest,0.034873,0.909091,0.003331
Random Forest,0.034891,0.909091,0.003331
Random Forest,0.034926,0.909091,0.003331
Random Forest,0.035119,0.909091,0.003331
Random Forest,0.035172,0.909091,0.003331
Random Forest,0.03519,0.909091,0.003331
Random Forest,0.03526,0.909091,0.003331
Random Forest,0.035295,0.909091,0.003331
Random Forest,0.035366,0.909091,0.003331
Random Forest,0.035542,0.909091,0.003331
Random Forest,0.035577,0.909091,0.003331
Random Forest,0.035647,0.909091,0.003331
Random Forest,0.035717,0.909091,0.003331
Random Forest,0.035735,0.909091,0.003331
Random Forest,0.035823,0.909091,0.003331
Random Forest,0.035858,0.909091,0.003331
Random Forest,0.035911,0.909091,0.003331
Random Forest,0.035964,0.909091,0.003331
Random Forest,0.036016,0.909091,0.003331
Random Forest,0.036034,0.909091,0.003331
Random Forest,0.036104,0.909091,0.003331
Random Forest,0.036157,0.909091,0.003331
Random Forest,0.036298,0.909091,0.003331
Random Forest,0.036351,0.909091,0.003331
Random Forest,0.036368,0.909091,0.003331
Random Forest,0.036456,0.909091,0.003331
Random Forest,0.036667,0.909091,0.003331
Random Forest,0.03672,0.909091,0.003331
Random Forest,0.036808,0.909091,0.003331
Random Forest,0.037054,0.909091,0.003331
Random Forest,0.037072,0.909091,0.003331
Random Forest,0.037177,0.909091,0.003331
Random Forest,0.037247,0.909091,0.003331
Random Forest,0.037283,0.909091,0.003331
Random Forest,0.037335,0.909091,0.003331
Random Forest,0.037371,0.909091,0.003331
Random Forest,0.037476,0.909091,0.003331
Random Forest,0.037511,0.909091,0.003331
Random Forest,0.037529,0.909091,0.003331
Random Forest,0.037564,0.909091,0.003331
Random Forest,0.037582,0.909091,0.003331
Random Forest,0.037722,0.909091,0.003331
Random Forest,0.03781,0.909091,0.003331
Random Forest,0.037951,0.909091,0.003331
Random Forest,0.038021,0.909091,0.00333
Random Forest,0.038074,0.909091,0.00333
Random Forest,0.038197,0.909091,0.00333
Random Forest,0.03825,0.909091,0.00333
Random Forest,0.038285,0.909091,0.00333
Random Forest,0.038426,0.909091,0.00333
Random Forest,0.038619,0.909091,0.00333
Random Forest,0.038637,0.909091,0.00333
Random Forest,0.038707,0.909091,0.00333
Random Forest,0.038918,0.909091,0.00333
Random Forest,0.039199,0.909091,0.00333
Random Forest,0.039393,0.909091,0.00333
Random Forest,0.039446,0.909091,0.00333
Random Forest,0.039586,0.909091,0.00333
Random Forest,0.039692,0.909091,0.00333
Random Forest,0.03978,0.909091,0.00333
Random Forest,0.03985,0.909091,0.00333
Random Forest,0.039885,0.909091,0.00333
Random Forest,0.039903,0.909091,0.00333
Random Forest,0.039956,0.909091,0.00333
Random Forest,0.040079,0.909091,0.00333
Random Forest,0.040149,0.909091,0.00333
Random Forest,0.040167,0.909091,0.00333
Random Forest,0.040202,0.909091,0.00333
Random Forest,0.040219,0.909091,0.00333
Random Forest,0.040395,0.909091,0.00333
Random Forest,0.040413,0.909091,0.00333
Random Forest,0.040536,0.909091,0.00333
Random Forest,0.040624,0.909091,0.00333
Random Forest,0.040659,0.909091,0.00333
Random Forest,0.040712,0.909091,0.00333
Random Forest,0.040765,0.909091,0.00333
Random Forest,0.040835,0.909091,0.00333
Random Forest,0.04087,0.909091,0.00333
Random Forest,0.040888,0.909091,0.00333
Random Forest,0.040976,0.909091,0.00333
Random Forest,0.040993,0.909091,0.00333
Random Forest,0.041046,0.909091,0.00333
Random Forest,0.041081,0.909091,0.00333
Random Forest,0.041116,0.909091,0.003329
Random Forest,0.041152,0.909091,0.003329
Random Forest,0.041222,0.909091,0.003329
Random Forest,0.041257,0.909091,0.003329
Random Forest,0.041292,0.909091,0.003329
Random Forest,0.04138,0.909091,0.003329
Random Forest,0.041415,0.909091,0.003329
Random Forest,0.041503,0.909091,0.003329
Random Forest,0.041556,0.909091,0.003329
Random Forest,0.041574,0.909091,0.003329
Random Forest,0.041714,0.909091,0.003328
Random Forest,0.04182,0.909091,0.003328
Random Forest,0.041873,0.909091,0.003328
Random Forest,0.041961,0.909091,0.003328
Random Forest,0.042172,0.909091,0.003328
Random Forest,0.042207,0.909091,0.003328
Random Forest,0.042224,0.909091,0.003328
Random Forest,0.042365,0.909091,0.003328
Random Forest,0.042506,0.909091,0.003328
Random Forest,0.042611,0.909091,0.003328
Random Forest,0.042805,0.909091,0.003328
Random Forest,0.042893,0.909091,0.003328
Random Forest,0.042928,0.909091,0.003328
Random Forest,0.043192,0.909091,0.003328
Random Forest,0.043367,0.909091,0.003328
Random Forest,0.043666,0.909091,0.003328
Random Forest,0.043702,0.909091,0.003328
Random Forest,0.043983,0.909091,0.003328
Random Forest,0.044106,0.909091,0.003328
Random Forest,0.044264,0.909091,0.003328
Random Forest,0.04444,0.909091,0.003328
Random Forest,0.044458,0.909091,0.003328
Random Forest,0.044845,0.909091,0.003328
Random Forest,0.045144,0.909091,0.003328
Random Forest,0.045267,0.909091,0.003328
Random Forest,0.045355,0.909091,0.003328
Random Forest,0.045601,0.909091,0.003328
Random Forest,0.045636,0.909091,0.003328
Random Forest,0.046023,0.909091,0.003328
Random Forest,0.046181,0.909091,0.003328
Random Forest,0.046216,0.909091,0.003328
Random Forest,0.046375,0.909091,0.003328
Random Forest,0.046744,0.909091,0.003328
Random Forest,0.047166,0.909091,0.003328
Random Forest,0.047342,0.909091,0.003328
Random Forest,0.047993,0.909091,0.003328
Random Forest,0.048362,0.909091,0.003328
Random Forest,0.048397,0.909091,0.003328
Random Forest,0.048872,0.909091,0.003328
Random Forest,0.049171,0.909091,0.003328
Random Forest,0.049575,0.909091,0.003328
Random Forest,0.049909,0.909091,0.003327
Random Forest,0.050296,0.909091,0.003327
Random Forest,0.050543,0.909091,0.003327
Random Forest,0.050806,0.909091,0.003327
Random Forest,0.05114,0.909091,0.003327
Random Forest,0.051158,0.909091,0.003327
Random Forest,0.051492,0.909091,0.003327
Random Forest,0.05151,0.909091,0.003327
Random Forest,0.051897,0.909091,0.003327
Random Forest,0.052073,0.909091,0.003327
Random Forest,0.052512,0.909091,0.003327
Random Forest,0.052776,0.909091,0.003327
Random Forest,0.052899,0.909091,0.003327
Random Forest,0.053005,0.909091,0.003327
Random Forest,0.053233,0.909091,0.003327
Random Forest,0.053304,0.909091,0.003327
Random Forest,0.053673,0.909091,0.003327
Random Forest,0.053954,0.909091,0.003327
Random Forest,0.054077,0.909091,0.003327
Random Forest,0.054376,0.909091,0.003327
Random Forest,0.054552,0.909091,0.003327
Random Forest,0.054781,0.909091,0.003327
Random Forest,0.055045,0.909091,0.003327
Random Forest,0.055168,0.909091,0.003327
Random Forest,0.055431,0.909091,0.003327
Random Forest,0.055449,0.909091,0.003327
Random Forest,0.055519,0.909091,0.003327
Random Forest,0.055906,0.909091,0.003327
Random Forest,0.055941,0.909091,0.003327
Random Forest,0.056117,0.909091,0.003327
Random Forest,0.056135,0.909091,0.003327
Random Forest,0.05624,0.909091,0.003326
Random Forest,0.056293,0.909091,0.003326
Random Forest,0.056328,0.909091,0.003325
Random Forest,0.056346,0.909091,0.003325
Random Forest,0.056399,0.909091,0.003325
Random Forest,0.056504,0.909091,0.003325
Random Forest,0.056539,0.909091,0.003325
Random Forest,0.056575,0.909091,0.003325
Random Forest,0.056645,0.909091,0.003325
Random Forest,0.056663,0.909091,0.003325
Random Forest,0.056698,0.909091,0.003325
Random Forest,0.056733,0.909091,0.003325
Random Forest,0.056768,0.909091,0.003324
Random Forest,0.056821,0.909091,0.003324
Random Forest,0.056856,0.909091,0.003324
Random Forest,0.056909,0.909091,0.003324
Random Forest,0.056961,0.909091,0.003323
Random Forest,0.057032,0.909091,0.003323
Random Forest,0.057049,0.909091,0.003323
Random Forest,0.057225,0.909091,0.003323
Random Forest,0.057296,0.909091,0.003323
Random Forest,0.057313,0.909091,0.003323
Random Forest,0.057348,0.909091,0.003323
Random Forest,0.057436,0.909091,0.003323
Random Forest,0.057454,0.909091,0.003323
Random Forest,0.057489,0.909091,0.003323
Random Forest,0.057595,0.909091,0.003323
Random Forest,0.057647,0.909091,0.003323
Random Forest,0.057665,0.909091,0.003323
Random Forest,0.057735,0.909091,0.003323
Random Forest,0.05777,0.909091,0.003323
Random Forest,0.057823,0.909091,0.003323
Random Forest,0.058017,0.909091,0.003322
Random Forest,0.05814,0.909091,0.003322
Random Forest,0.058175,0.909091,0.003322
Random Forest,0.058386,0.909091,0.003322
Random Forest,0.058404,0.909091,0.003322
Random Forest,0.058491,0.909091,0.003322
Random Forest,0.058667,0.909091,0.003322
Random Forest,0.058702,0.909091,0.003322
Random Forest,0.058914,0.909091,0.003322
Random Forest,0.059089,0.909091,0.003322
Random Forest,0.059212,0.909091,0.003322
Random Forest,0.059265,0.909091,0.003322
Random Forest,0.059424,0.909091,0.003322
Random Forest,0.059617,0.909091,0.003322
Random Forest,0.05974,0.909091,0.003322
Random Forest,0.059846,0.909091,0.003322
Random Forest,0.059863,0.909091,0.003322
Random Forest,0.059951,0.909091,0.003322
Random Forest,0.059986,0.909091,0.003322
Random Forest,0.060109,0.909091,0.003322
Random Forest,0.060215,0.909091,0.003322
Random Forest,0.060268,0.909091,0.003322
Random Forest,0.060356,0.909091,0.003322
Random Forest,0.060795,0.909091,0.003322
Random Forest,0.060901,0.909091,0.003322
Random Forest,0.061077,0.909091,0.003322
Random Forest,0.061094,0.909091,0.003322
Random Forest,0.061129,0.909091,0.003322
Random Forest,0.061217,0.909091,0.003321
Random Forest,0.061252,0.909091,0.003321
Random Forest,0.061305,0.909091,0.003321
Random Forest,0.061376,0.909091,0.003321
Random Forest,0.061428,0.909091,0.003321
Random Forest,0.061622,0.909091,0.003321
Random Forest,0.061657,0.909091,0.003321
Random Forest,0.061745,0.909091,0.003321
Random Forest,0.061815,0.909091,0.003321
Random Forest,0.06185,0.909091,0.003321
Random Forest,0.061903,0.909091,0.003321
Random Forest,0.061991,0.909091,0.003321
Random Forest,0.062044,0.909091,0.003321
Random Forest,0.062185,0.909091,0.003321
Random Forest,0.062272,0.909091,0.003321
Random Forest,0.062413,0.919192,0.003321
Random Forest,0.062448,0.919192,0.003321
Random Forest,0.062536,0.919192,0.003321
Random Forest,0.062571,0.919192,0.003321
Random Forest,0.062624,0.919192,0.003321
Random Forest,0.062659,0.919192,0.003321
Random Forest,0.062818,0.919192,0.003321
Random Forest,0.062835,0.919192,0.003321
Random Forest,0.062994,0.919192,0.003321
Random Forest,0.063099,0.919192,0.003321
Random Forest,0.063169,0.919192,0.003321
Random Forest,0.063205,0.919192,0.00332
Random Forest,0.063275,0.919192,0.003318
Random Forest,0.06331,0.919192,0.003318
Random Forest,0.06338,0.919192,0.003317
Random Forest,0.063521,0.919192,0.003317
Random Forest,0.063574,0.919192,0.003317
Random Forest,0.063609,0.919192,0.003317
Random Forest,0.063767,0.919192,0.003317
Random Forest,0.063785,0.919192,0.003317
Random Forest,0.063838,0.919192,0.003317
Random Forest,0.063873,0.919192,0.003317
Random Forest,0.063961,0.919192,0.003317
Random Forest,0.063978,0.919192,0.003317
Random Forest,0.064014,0.919192,0.003317
Random Forest,0.064101,0.919192,0.003317
Random Forest,0.064119,0.919192,0.003316
Random Forest,0.064295,0.919192,0.003316
Random Forest,0.064453,0.919192,0.003316
Random Forest,0.064488,0.919192,0.003316
Random Forest,0.064629,0.919192,0.003316
Random Forest,0.064664,0.919192,0.003316
Random Forest,0.06477,0.919192,0.003316
Random Forest,0.064805,0.919192,0.003316
Random Forest,0.064858,0.919192,0.003316
Random Forest,0.064928,0.919192,0.003316
Random Forest,0.064981,0.919192,0.003316
Random Forest,0.064998,0.919192,0.003316
Random Forest,0.065086,0.919192,0.003315
Random Forest,0.065104,0.919192,0.003315
Random Forest,0.065174,0.919192,0.003315
Random Forest,0.065227,0.919192,0.003315
Random Forest,0.065262,0.919192,0.003315
Random Forest,0.06528,0.919192,0.003315
Random Forest,0.065385,0.919192,0.003315
Random Forest,0.06542,0.919192,0.003315
Random Forest,0.065438,0.919192,0.003315
Random Forest,0.065543,0.919192,0.003315
Random Forest,0.065596,0.919192,0.003313
Random Forest,0.065684,0.919192,0.003312
Random Forest,0.065755,0.919192,0.003311
Random Forest,0.06579,0.919192,0.003311
Random Forest,0.065842,0.919192,0.003311
Random Forest,0.06593,0.919192,0.003311
Random Forest,0.066036,0.919192,0.00331
Random Forest,0.066089,0.919192,0.00331
Random Forest,0.066141,0.919192,0.00331
Random Forest,0.066177,0.919192,0.00331
Random Forest,0.066247,0.919192,0.003309
Random Forest,0.066265,0.919192,0.003309
Random Forest,0.066335,0.919192,0.003309
Random Forest,0.066493,0.919192,0.003304
Random Forest,0.066528,0.919192,0.003302
Random Forest,0.066563,0.919192,0.003297
Random Forest,0.066599,0.919192,0.003291
Random Forest,1.0,1.0,0.0
Logistic Regression,0.0,0.0,1.0
Logistic Regression,0.000141,0.555556,1.0
Logistic Regression,0.000141,0.606061,1.0
Logistic Regression,0.000141,0.676768,1.0
Logistic Regression,0.000176,0.676768,1.0
Logistic Regression,0.000176,0.808081,1.0
Logistic Regression,0.000193,0.808081,1.0
Logistic Regression,0.000193,0.818182,1.0
Logistic Regression,0.000246,0.818182,1.0
Logistic Regression,0.000246,0.828283,0.999999
Logistic Regression,0.000475,0.828283,0.999939
Logistic Regression,0.000475,0.838384,0.999678
Logistic Regression,0.00051,0.838384,0.999598
Logistic Regression,0.000563,0.838384,0.997418
Logistic Regression,0.000563,0.848485,0.997206
Logistic Regression,0.000616,0.848485,0.996888
Logistic Regression,0.000616,0.858586,0.996634
Logistic Regression,0.000739,0.858586,0.99498
Logistic Regression,0.000739,0.868687,0.994798
Logistic Regression,0.001002,0.868687,0.99034
Logistic Regression,0.001038,0.868687,0.990282
Logistic Regression,0.001143,0.868687,0.989307
Logistic Regression,0.001196,0.868687,0.989232
Logistic Regression,0.001213,0.868687,0.989099
Logistic Regression,0.001249,0.868687,0.988855
Logistic Regression,0.001266,0.868687,0.98818
Logistic Regression,0.001301,0.868687,0.988097
Logistic Regression,0.001389,0.868687,0.986772
Logistic Regression,0.001424,0.868687,0.986447
Logistic Regression,0.001442,0.868687,0.986099
Logistic Regression,0.001442,0.878788,0.986082
Logistic Regression,0.001706,0.878788,0.983313
Logistic Regression,0.001741,0.878788,0.983276
Logistic Regression,0.002919,0.878788,0.968513
Logistic Regression,0.002972,0.878788,0.968355
Logistic Regression,0.003007,0.878788,0.968009
Logistic Regression,0.003535,0.878788,0.958472
Logistic Regression,0.00357,0.878788,0.958463
Logistic Regression,0.003799,0.878788,0.952652
Logistic Regression,0.003799,0.888889,0.952391
Logistic Regression,0.006876,0.888889,0.84747
Logistic Regression,0.006911,0.888889,0.847407
Logistic Regression,0.007333,0.888889,0.836666
Logistic Regression,0.007369,0.888889,0.835943
Logistic Regression,0.007914,0.888889,0.816705
Logistic Regression,0.007949,0.888889,0.8166
Logistic Regression,0.012398,0.888889,0.713316
Logistic Regression,0.012398,0.89899,0.713168
Logistic Regression,0.012961,0.89899,0.702905
Logistic Regression,0.012961,0.909091,0.702264
Logistic Regression,0.019837,0.909091,0.578485
Logistic Regression,0.019872,0.909091,0.5784
Logistic Regression,0.023161,0.909091,0.532537
Logistic Regression,0.023214,0.909091,0.532514
Logistic Regression,0.028138,0.909091,0.465849
Logistic Regression,0.028173,0.909091,0.465438
Logistic Regression,0.033378,0.909091,0.418289
Logistic Regression,0.033414,0.909091,0.418227
Logistic Regression,0.035717,0.909091,0.398531
Logistic Regression,0.035788,0.909091,0.398448
Logistic Regression,0.036896,0.909091,0.390116
Logistic Regression,0.036966,0.909091,0.389811
Logistic Regression,0.040729,0.909091,0.36012
Logistic Regression,0.040765,0.909091,0.360118
Logistic Regression,0.041222,0.909091,0.357354
Logistic Regression,0.041257,0.909091,0.357331
Logistic Regression,0.045003,0.909091,0.334353
Logistic Regression,0.045038,0.909091,0.334308
Logistic Regression,0.046252,0.909091,0.328152
Logistic Regression,0.046287,0.909091,0.328046
Logistic Regression,0.05923,0.909091,0.271048
Logistic Regression,0.059265,0.909091,0.271011
Logistic Regression,0.059388,0.909091,0.270207
Logistic Regression,0.059424,0.909091,0.270109
Logistic Regression,0.063697,0.909091,0.254961
Logistic Regression,0.063732,0.909091,0.25496
Logistic Regression,0.066247,0.909091,0.246657
Logistic Regression,0.066247,0.919192,0.246645
Logistic Regression,0.068551,0.919192,0.239077
Logistic Regression,0.068586,0.919192,0.23904
Logistic Regression,0.07504,0.919192,0.222697
Logistic Regression,0.075075,0.919192,0.222697
Logistic Regression,0.084413,0.919192,0.202401
Logistic Regression,0.084449,0.919192,0.202281
Logistic Regression,0.086049,0.919192,0.198651
Logistic Regression,0.086084,0.919192,0.198599
Logistic Regression,0.094525,0.919192,0.182305
Logistic Regression,0.094578,0.919192,0.182276
Logistic Regression,0.108893,0.919192,0.161581
Logistic Regression,0.108928,0.919192,0.161571
Logistic Regression,0.123648,0.919192,0.141446
Logistic Regression,0.123648,0.929293,0.14144
Logistic Regression,0.127658,0.929293,0.136541
Logistic Regression,0.127658,0.939394,0.136471
Logistic Regression,0.127763,0.939394,0.136297
Logistic Regression,0.127798,0.939394,0.136296
Logistic Regression,0.12873,0.939394,0.13555
Logistic Regression,0.128783,0.939394,0.135491
Logistic Regression,0.134376,0.939394,0.129727
Logistic Regression,0.134411,0.939394,0.129724
Logistic Regression,0.135132,0.939394,0.128786
Logistic Regression,0.135167,0.939394,0.128783
Logistic Regression,0.140689,0.939394,0.123253
Logistic Regression,0.140724,0.939394,0.123229
Logistic Regression,0.154072,0.939394,0.111813
Logistic Regression,0.154107,0.939394,0.111809
Logistic Regression,0.161089,0.939394,0.106699
Logistic Regression,0.161124,0.939394,0.106696
Logistic Regression,0.182298,0.939394,0.092742
Logistic Regression,0.182333,0.939394,0.092725
Logistic Regression,0.198055,0.939394,0.083802
Logistic Regression,0.198108,0.939394,0.083799
Logistic Regression,0.200113,0.939394,0.082721
Logistic Regression,0.2002,0.939394,0.08271
Logistic Regression,0.200834,0.939394,0.082312
Logistic Regression,0.200869,0.939394,0.082293
Logistic Regression,0.201906,0.939394,0.0818
Logistic Regression,0.201942,0.939394,0.081787
Logistic Regression,0.204984,0.939394,0.080284
Logistic Regression,0.205019,0.939394,0.080283
Logistic Regression,0.207516,0.939394,0.0791
Logistic Regression,0.207551,0.939394,0.079097
Logistic Regression,0.210787,0.939394,0.077666
Logistic Regression,0.210823,0.939394,0.077661
Logistic Regression,0.226333,0.939394,0.07111
Logistic Regression,0.226369,0.939394,0.071108
Logistic Regression,0.227916,0.939394,0.070449
Logistic Regression,0.227951,0.939394,0.070433
Logistic Regression,0.229886,0.939394,0.069728
Logistic Regression,0.229921,0.939394,0.069726
Logistic Regression,0.23539,0.939394,0.067682
Logistic Regression,0.235425,0.939394,0.067682
Logistic Regression,0.235637,0.939394,0.067623
Logistic Regression,0.235689,0.939394,0.067621
Logistic Regression,0.237079,0.939394,0.067112
Logistic Regression,0.237114,0.939394,0.067107
Logistic Regression,0.24042,0.939394,0.065782
Logistic Regression,0.240455,0.939394,0.06578
Logistic Regression,0.25426,0.939394,0.060975
Logistic Regression,0.254295,0.939394,0.060972
Logistic Regression,0.257109,0.939394,0.060039
Logistic Regression,0.257144,0.939394,0.060037
Logistic Regression,0.257496,0.939394,0.059933
Logistic Regression,0.257531,0.939394,0.059925
Logistic Regression,0.264865,0.939394,0.057672
Logistic Regression,0.2649,0.939394,0.057672
Logistic Regression,0.268487,0.939394,0.056446
Logistic Regression,0.268523,0.939394,0.056422
Logistic Regression,0.274273,0.939394,0.054556
Logistic Regression,0.274308,0.939394,0.054549
Logistic Regression,0.278424,0.939394,0.053359
Logistic Regression,0.278529,0.939394,0.053358
Logistic Regression,0.279022,0.939394,0.05322
Logistic Regression,0.279057,0.939394,0.053218
Logistic Regression,0.279197,0.939394,0.05318
Logistic Regression,0.279233,0.939394,0.053178
Logistic Regression,0.280499,0.939394,0.052836
Logistic Regression,0.280534,0.939394,0.052835
Logistic Regression,0.281079,0.939394,0.052657
Logistic Regression,0.281255,0.939394,0.052642
Logistic Regression,0.286847,0.939394,0.051136
Logistic Regression,0.286883,0.939394,0.051132
Logistic Regression,0.293389,0.939394,0.049481
Logistic Regression,0.293425,0.939394,0.049481
Logistic Regression,0.306333,0.939394,0.046139
Logistic Regression,0.306368,0.939394,0.046134
Logistic Regression,0.315337,0.939394,0.044019
Logistic Regression,0.315372,0.939394,0.044017
Logistic Regression,0.318661,0.939394,0.043119
Logistic Regression,0.318696,0.939394,0.043119
Logistic Regression,0.321246,0.939394,0.04259
Logistic Regression,0.321281,0.939394,0.042589
Logistic Regression,0.323092,0.939394,0.042156
Logistic Regression,0.323128,0.939394,0.042154
Logistic Regression,0.325801,0.939394,0.041576
Logistic Regression,0.325836,0.939394,0.041575
Logistic Regression,0.329212,0.939394,0.040947
Logistic Regression,0.329247,0.939394,0.040943
Logistic Regression,0.33032,0.939394,0.040698
Logistic Regression,0.330355,0.939394,0.040696
Logistic Regression,0.332659,0.939394,0.040205
Logistic Regression,0.332694,0.939394,0.040203
Logistic Regression,0.33273,0.939394,0.040202
Logistic Regression,0.33273,0.949495,0.0402
Logistic Regression,0.332905,0.949495,0.040155
Logistic Regression,0.332941,0.949495,0.040153
Logistic Regression,0.337618,0.949495,0.039151
Logistic Regression,0.337654,0.949495,0.039151
Logistic Regression,0.338392,0.949495,0.038984
Logistic Regression,0.338427,0.949495,0.038981
Logistic Regression,0.345814,0.949495,0.037653
Logistic Regression,0.345849,0.949495,0.037646
Logistic Regression,0.346341,0.949495,0.03756
Logistic Regression,0.346376,0.949495,0.037555
Logistic Regression,0.349085,0.949495,0.037054
Logistic Regression,0.34912,0.949495,0.037054
Logistic Regression,0.367515,0.949495,0.033545
Logistic Regression,0.36755,0.949495,0.033544
Logistic Regression,0.370206,0.949495,0.033078
Logistic Regression,0.370241,0.949495,0.033072
Logistic Regression,0.371507,0.949495,0.032836
Logistic Regression,0.371542,0.949495,0.032833
Logistic Regression,0.372879,0.949495,0.032611
Logistic Regression,0.372879,0.959596,0.032611
Logistic Regression,0.373371,0.959596,0.032529
Logistic Regression,0.373406,0.959596,0.032527
Logistic Regression,0.373916,0.959596,0.03242
Logistic Regression,0.373951,0.959596,0.032417
Logistic Regression,0.375675,0.959596,0.032133
Logistic Regression,0.375728,0.959596,0.03213
Logistic Regression,0.376413,0.959596,0.032048
Logistic Regression,0.376449,0.959596,0.032047
Logistic Regression,0.384046,0.959596,0.030967
Logistic Regression,0.384099,0.959596,0.030963
Logistic Regression,0.384433,0.959596,0.030926
Logistic Regression,0.384468,0.959596,0.030923
Logistic Regression,0.385189,0.959596,0.030785
Logistic Regression,0.385224,0.959596,0.030784
Logistic Regression,0.385857,0.959596,0.030692
Logistic Regression,0.385892,0.959596,0.030689
Logistic Regression,0.388407,0.959596,0.030337
Logistic Regression,0.388407,0.969697,0.030336
Logistic Regression,0.389797,0.969697,0.03011
Logistic Regression,0.389832,0.969697,0.03011
Logistic Regression,0.392857,0.969697,0.02964
Logistic Regression,0.392892,0.969697,0.02964
Logistic Regression,0.39298,0.969697,0.029624
Logistic Regression,0.393032,0.969697,0.029622
Logistic Regression,0.393982,0.969697,0.029489
Logistic Regression,0.394017,0.969697,0.029488
Logistic Regression,0.394598,0.969697,0.029414
Logistic Regression,0.394598,0.979798,0.029414
Logistic Regression,0.396128,0.979798,0.029166
Logistic Regression,0.396163,0.979798,0.029165
Logistic Regression,0.396831,0.979798,0.029076
Logistic Regression,0.396866,0.979798,0.029073
Logistic Regression,0.39961,0.979798,0.028757
Logistic Regression,0.399662,0.979798,0.028757
Logistic Regression,0.403672,0.979798,0.028188
Logistic Regression,0.403707,0.979798,0.028186
Logistic Regression,0.406081,0.979798,0.027831
Logistic Regression,0.406116,0.979798,0.02783
Logistic Regression,0.414013,0.979798,0.026787
Logistic Regression,0.414048,0.979798,0.026782
Logistic Regression,0.418374,0.979798,0.026214
Logistic Regression,0.418409,0.979798,0.026213
Logistic Regression,0.418814,0.979798,0.026141
Logistic Regression,0.418866,0.979798,0.026132
Logistic Regression,0.424846,0.979798,0.025334
Logistic Regression,0.424881,0.979798,0.025334
Logistic Regression,0.431687,0.979798,0.02452
Logistic Regression,0.431739,0.979798,0.024519
Logistic Regression,0.436312,0.979798,0.024028
Logistic Regression,0.436347,0.979798,0.024026
Logistic Regression,0.437983,0.979798,0.023821
Logistic Regression,0.438018,0.979798,0.02382
Logistic Regression,0.442959,0.979798,0.023324
Logistic Regression,0.443012,0.979798,0.023316
Logistic Regression,0.450627,0.979798,0.022486
Logistic Regression,0.450662,0.979798,0.022485
Logistic Regression,0.457486,0.979798,0.021766
Logistic Regression,0.457521,0.979798,0.021765
Logistic Regression,0.478149,0.979798,0.01986
Logistic Regression,0.478184,0.979798,0.019856
Logistic Regression,0.48536,0.979798,0.019171
Logistic Regression,0.485395,0.979798,0.019171
Logistic Regression,0.486169,0.979798,0.019096
Logistic Regression,0.486204,0.979798,0.019095
Logistic Regression,0.496931,0.979798,0.018222
Logistic Regression,0.496966,0.979798,0.01822
Logistic Regression,0.49927,0.979798,0.018039
Logistic Regression,0.499305,0.979798,0.018039
Logistic Regression,0.504405,0.979798,0.017611
Logistic Regression,0.504405,0.989899,0.01761
Logistic Regression,0.504792,0.989899,0.017583
Logistic Regression,0.504827,0.989899,0.01758
Logistic Regression,0.506058,0.989899,0.017477
Logistic Regression,0.506111,0.989899,0.017477
Logistic Regression,0.510754,0.989899,0.017119
Logistic Regression,0.510789,0.989899,0.017118
Logistic Regression,0.512636,0.989899,0.016948
Logistic Regression,0.512688,0.989899,0.016947
Logistic Regression,0.520567,0.989899,0.016351
Logistic Regression,0.520602,0.989899,0.016345
Logistic Regression,0.528569,0.989899,0.015749
Logistic Regression,0.528604,0.989899,0.015749
Logistic Regression,0.53133,0.989899,0.015568
Logistic Regression,0.531365,0.989899,0.015568
Logistic Regression,0.533018,0.989899,0.01545
Logistic Regression,0.533053,0.989899,0.015448
Logistic Regression,0.534583,0.989899,0.015332
Logistic Regression,0.534618,0.989899,0.015331
Logistic Regression,0.53708,0.989899,0.015154
Logistic Regression,0.537116,0.989899,0.015154
Logistic Regression,0.53803,0.989899,0.015085
Logistic Regression,0.538065,0.989899,0.015082
Logistic Regression,0.542813,0.989899,0.014729
Logistic Regression,0.542849,0.989899,0.014726
Logistic Regression,0.546243,0.989899,0.014488
Logistic Regression,0.546331,0.989899,0.014488
Logistic Regression,0.552996,0.989899,0.014043
Logistic Regression,0.553049,0.989899,0.014042
Logistic Regression,0.563759,0.989899,0.013366
Logistic Regression,0.563794,0.989899,0.013366
Logistic Regression,0.587271,0.989899,0.011921
Logistic Regression,0.587306,0.989899,0.01192
Logistic Regression,0.598685,0.989899,0.011295
Logistic Regression,0.59872,0.989899,0.011294
Logistic Regression,0.603187,0.989899,0.011064
Logistic Regression,0.603257,0.989899,0.011063
Logistic Regression,0.62436,0.989899,0.009924
Logistic Regression,0.624395,0.989899,0.009924
Logistic Regression,0.630551,0.989899,0.009599
Logistic Regression,0.630586,0.989899,0.009598
Logistic Regression,0.67478,0.989899,0.007517
Logistic Regression,0.675061,0.989899,0.007517
Logistic Regression,0.675835,0.989899,0.00749
Logistic Regression,0.67587,0.989899,0.00749
Logistic Regression,0.680812,0.989899,0.007283
Logistic Regression,0.680847,0.989899,0.007282
Logistic Regression,0.703973,0.989899,0.006365
Logistic Regression,0.704008,0.989899,0.006365
Logistic Regression,0.70603,0.989899,0.006283
Logistic Regression,0.706065,0.989899,0.006282
Logistic Regression,0.749626,0.989899,0.004793
Logistic Regression,0.749661,0.989899,0.004793
Logistic Regression,0.783849,0.989899,0.003744
Logistic Regression,0.783884,0.989899,0.003744
Logistic Regression,0.789072,0.989899,0.0036
Logistic Regression,0.789107,0.989899,0.0036
Logistic Regression,0.791956,0.989899,0.003523
Logistic Regression,0.791991,0.989899,0.003523
Logistic Regression,0.796071,0.989899,0.003409
Logistic Regression,0.796106,0.989899,0.003409
Logistic Regression,0.799712,0.989899,0.003309
Logistic Regression,0.799747,0.989899,0.003308
Logistic Regression,0.800204,0.989899,0.003293
Logistic Regression,0.800239,0.989899,0.003293
Logistic Regression,0.805304,0.989899,0.003155
Logistic Regression,0.805339,0.989899,0.003155
Logistic Regression,0.815803,0.989899,0.002867
Logistic Regression,0.815961,0.989899,0.002866
Logistic Regression,0.832,0.989899,0.002449
Logistic Regression,0.832035,0.989899,0.002449
Logistic Regression,0.842868,0.989899,0.002181
Logistic Regression,0.842903,0.989899,0.00218
Logistic Regression,0.850448,0.989899,0.001973
Logistic Regression,0.850483,0.989899,0.001973
Logistic Regression,0.853191,0.989899,0.00191
Logistic Regression,0.853226,0.989899,0.00191
Logistic Regression,0.855055,0.989899,0.001858
Logistic Regression,0.855108,0.989899,0.001858
Logistic Regression,0.855653,0.989899,0.001848
Logistic Regression,0.855688,0.989899,0.001847
Logistic Regression,0.85954,0.989899,0.001769
Logistic Regression,0.859575,0.989899,0.001769
Logistic Regression,0.873591,0.989899,0.001449
Logistic Regression,0.873626,0.989899,0.001449
Logistic Regression,0.878937,0.989899,0.00133
Logistic Regression,0.878972,0.989899,0.001329
Logistic Regression,0.883457,0.989899,0.001235
Logistic Regression,0.883492,0.989899,0.001234
Logistic Regression,0.885479,0.989899,0.001197
Logistic Regression,0.885673,0.989899,0.001197
Logistic Regression,0.906969,0.989899,0.000762
Logistic Regression,0.907005,0.989899,0.000762
Logistic Regression,0.935529,0.989899,0.000285
Logistic Regression,0.935564,0.989899,0.000285
Logistic Regression,0.93829,0.989899,0.000248
Logistic Regression,0.93829,1.0,0.000248
Logistic Regression,0.938572,1.0,0.000244
Logistic Regression,0.938607,1.0,0.000243
Logistic Regression,0.939293,1.0,0.000236
Logistic Regression,0.939328,1.0,0.000236
Logistic Regression,0.941034,1.0,0.000214
Logistic Regression,0.941069,1.0,0.000214
Logistic Regression,0.949088,1.0,0.00012
Logistic Regression,0.949123,1.0,0.00012
Logistic Regression,0.950653,1.0,0.000107
Logistic Regression,0.950688,1.0,0.000107
Logistic Regression,0.955208,1.0,7.3e-05
Logistic Regression,0.955243,1.0,7.3e-05
Logistic Regression,0.959675,1.0,4.3e-05
Logistic Regression,0.95971,1.0,4.3e-05
Logistic Regression,0.961152,1.0,3.6e-05
Logistic Regression,0.961187,1.0,3.6e-05
Logistic Regression,0.964371,1.0,2.3e-05
Logistic Regression,0.964406,1.0,2.2e-05
Logistic Regression,0.965496,1.0,1.9e-05
Logistic Regression,0.965531,1.0,1.9e-05
Logistic Regression,0.985896,1.0,0.0
Logistic Regression,0.985949,1.0,0.0
Logistic Regression,0.991787,1.0,0.0
Logistic Regression,0.99184,1.0,0.0
Logistic Regression,0.992245,1.0,0.0
Logistic Regression,0.99228,1.0,0.0
Logistic Regression,0.993001,1.0,0.0
Logistic Regression,0.993053,1.0,0.0
Logistic Regression,0.995392,1.0,0.0
Logistic Regression,0.995428,1.0,0.0
Logistic Regression,0.996483,1.0,0.0
Logistic Regression,0.996553,1.0,0.0
Logistic Regression,0.999701,1.0,0.0
Logistic Regression,0.999736,1.0,0.0
Logistic Regression,1.0,1.0,0.0
Isolation Forest,0.0,0.0,1.0
Isolation Forest,1.8e-05,0.0,0.930793
Isolation Forest,1.8e-05,0.010101,0.906869
Isolation Forest,7e-05,0.010101,0.890788
Isolation Forest,7e-05,0.020202,0.883526
Isolation Forest,8.8e-05,0.020202,0.87823
Isolation Forest,8.8e-05,0.050505,0.876847
Isolation Forest,0.000141,0.050505,0.867941
Isolation Forest,0.000141,0.060606,0.863693
Isolation Forest,0.000229,0.060606,0.840315
Isolation Forest,0.000229,0.070707,0.836054
Isolation Forest,0.000246,0.070707,0.835376
Isolation Forest,0.000246,0.080808,0.831494
Isolation Forest,0.000281,0.080808,0.829301
Isolation Forest,0.000281,0.10101,0.819463
Isolation Forest,0.000352,0.10101,0.806731
Isolation Forest,0.000352,0.111111,0.801147
Isolation Forest,0.000492,0.111111,0.789397
Isolation Forest,0.000492,0.121212,0.785763
Isolation Forest,0.000633,0.121212,0.775658
Isolation Forest,0.000633,0.131313,0.772985
Isolation Forest,0.000703,0.131313,0.755211
Isolation Forest,0.000703,0.161616,0.752831
Isolation Forest,0.000721,0.161616,0.75059
Isolation Forest,0.000721,0.181818,0.748738
Isolation Forest,0.000721,0.20202,0.747007
Isolation Forest,0.000739,0.20202,0.746418
Isolation Forest,0.000739,0.212121,0.746212
Isolation Forest,0.000897,0.212121,0.734649
Isolation Forest,0.000897,0.222222,0.73392
Isolation Forest,0.000967,0.222222,0.729695
Isolation Forest,0.000967,0.232323,0.729382
Isolation Forest,0.001706,0.232323,0.68882
Isolation Forest,0.001706,0.242424,0.688759
Isolation Forest,0.002146,0.242424,0.677168
Isolation Forest,0.002146,0.252525,0.676451
Isolation Forest,0.002304,0.252525,0.668875
Isolation Forest,0.002304,0.262626,0.667771
Isolation Forest,0.002462,0.262626,0.663947
Isolation Forest,0.002462,0.272727,0.663504
Isolation Forest,0.002603,0.272727,0.658967
Isolation Forest,0.002603,0.282828,0.658517
Isolation Forest,0.002673,0.282828,0.657603
Isolation Forest,0.002726,0.282828,0.657407
Isolation Forest,0.002761,0.282828,0.655749
Isolation Forest,0.002867,0.282828,0.652694
Isolation Forest,0.002867,0.292929,0.652634
Isolation Forest,0.002937,0.292929,0.652238
Isolation Forest,0.002937,0.30303,0.651805
Isolation Forest,0.002954,0.30303,0.651574
Isolation Forest,0.002954,0.323232,0.650995
Isolation Forest,0.003834,0.323232,0.632065
Isolation Forest,0.003834,0.333333,0.631992
Isolation Forest,0.003922,0.333333,0.631012
Isolation Forest,0.003922,0.343434,0.630432
Isolation Forest,0.004203,0.343434,0.62455
Isolation Forest,0.004203,0.353535,0.624143
Isolation Forest,0.004238,0.353535,0.623938
Isolation Forest,0.004291,0.353535,0.622016
Isolation Forest,0.004291,0.363636,0.621714
Isolation Forest,0.004502,0.363636,0.617776
Isolation Forest,0.004502,0.373737,0.617697
Isolation Forest,0.00459,0.373737,0.615981
Isolation Forest,0.004625,0.373737,0.615689
Isolation Forest,0.004854,0.373737,0.612347
Isolation Forest,0.004889,0.373737,0.612282
Isolation Forest,0.005364,0.373737,0.603963
Isolation Forest,0.005364,0.383838,0.603791
Isolation Forest,0.005487,0.383838,0.602454
Isolation Forest,0.005487,0.393939,0.602052
Isolation Forest,0.005504,0.393939,0.601991
Isolation Forest,0.005504,0.434343,0.60013
Isolation Forest,0.00554,0.434343,0.599522
Isolation Forest,0.005715,0.434343,0.596864
Isolation Forest,0.005715,0.444444,0.596179
Isolation Forest,0.005997,0.444444,0.592691
Isolation Forest,0.005997,0.454545,0.592595
Isolation Forest,0.006437,0.454545,0.586174
Isolation Forest,0.006437,0.464646,0.586048
Isolation Forest,0.006454,0.464646,0.586045
Isolation Forest,0.006454,0.474747,0.585934
Isolation Forest,0.006648,0.474747,0.580899
Isolation Forest,0.006648,0.484848,0.580783
Isolation Forest,0.006876,0.484848,0.577643
Isolation Forest,0.006876,0.494949,0.577565
Isolation Forest,0.007931,0.494949,0.563125
Isolation Forest,0.007931,0.515152,0.562919
Isolation Forest,0.008072,0.515152,0.561239
Isolation Forest,0.008072,0.525253,0.561171
Isolation Forest,0.008107,0.525253,0.560894
Isolation Forest,0.008107,0.535354,0.560829
Isolation Forest,0.008582,0.535354,0.55538
Isolation Forest,0.008582,0.545455,0.554993
Isolation Forest,0.008863,0.545455,0.551663
Isolation Forest,0.008863,0.555556,0.550991
Isolation Forest,0.008934,0.555556,0.550345
Isolation Forest,0.008934,0.565657,0.550035
Isolation Forest,0.008951,0.565657,0.54996
Isolation Forest,0.008951,0.575758,0.549808
Isolation Forest,0.009162,0.575758,0.548009
Isolation Forest,0.009198,0.575758,0.547424
Isolation Forest,0.009373,0.575758,0.54577
Isolation Forest,0.009373,0.585859,0.545451
Isolation Forest,0.009743,0.585859,0.541566
Isolation Forest,0.009743,0.59596,0.541258
Isolation Forest,0.01013,0.59596,0.535537
Isolation Forest,0.01013,0.606061,0.535253
Isolation Forest,0.011027,0.606061,0.524056
Isolation Forest,0.011027,0.616162,0.523995
Isolation Forest,0.011624,0.616162,0.516085
Isolation Forest,0.011624,0.626263,0.5159
Isolation Forest,0.012574,0.626263,0.505445
Isolation Forest,0.012574,0.636364,0.505023
Isolation Forest,0.012592,0.636364,0.505015
Isolation Forest,0.012592,0.646465,0.50501
Isolation Forest,0.013014,0.646465,0.501798
Isolation Forest,0.013014,0.656566,0.501647
Isolation Forest,0.013102,0.656566,0.50085
Isolation Forest,0.013102,0.666667,0.500634
Isolation Forest,0.014122,0.666667,0.491494
Isolation Forest,0.014122,0.676768,0.491026
Isolation Forest,0.014227,0.676768,0.489292
Isolation Forest,0.014227,0.686869,0.489119
Isolation Forest,0.014421,0.686869,0.486515
Isolation Forest,0.014421,0.69697,0.486464
Isolation Forest,0.014438,0.69697,0.486402
Isolation Forest,0.014438,0.707071,0.486102
Isolation Forest,0.01537,0.707071,0.478291
Isolation Forest,0.01537,0.717172,0.477999
Isolation Forest,0.016408,0.717172,0.468434
Isolation Forest,0.016408,0.727273,0.468316
Isolation Forest,0.01676,0.727273,0.464799
Isolation Forest,0.016812,0.727273,0.464719
Isolation Forest,0.018096,0.727273,0.454455
Isolation Forest,0.018096,0.747475,0.454051
Isolation Forest,0.018272,0.747475,0.452907
Isolation Forest,0.018272,0.757576,0.452768
Isolation Forest,0.020699,0.757576,0.437751
Isolation Forest,0.020699,0.767677,0.437686
Isolation Forest,0.021578,0.767677,0.432292
Isolation Forest,0.021578,0.777778,0.432197
Isolation Forest,0.022598,0.777778,0.426945
Isolation Forest,0.022598,0.787879,0.426714
Isolation Forest,0.025166,0.787879,0.411382
Isolation Forest,0.025166,0.79798,0.411352
Isolation Forest,0.025834,0.79798,0.407267
Isolation Forest,0.025834,0.808081,0.407177
Isolation Forest,0.026678,0.808081,0.402777
Isolation Forest,0.026678,0.818182,0.402732
Isolation Forest,0.028947,0.818182,0.389655
Isolation Forest,0.028947,0.828283,0.389654
Isolation Forest,0.030248,0.828283,0.383078
Isolation Forest,0.030248,0.838384,0.383077
Isolation Forest,0.031708,0.838384,0.375606
Isolation Forest,0.031708,0.848485,0.375551
Isolation Forest,0.035964,0.848485,0.357229
Isolation Forest,0.036016,0.848485,0.357079
Isolation Forest,0.039938,0.848485,0.343068
Isolation Forest,0.039938,0.858586,0.343055
Isolation Forest,0.040413,0.858586,0.341785
Isolation Forest,0.040501,0.858586,0.341737
Isolation Forest,0.046146,0.858586,0.324423
Isolation Forest,0.046181,0.858586,0.32436
Isolation Forest,0.046832,0.858586,0.323173
Isolation Forest,0.046885,0.858586,0.323112
Isolation Forest,0.048362,0.858586,0.31987
Isolation Forest,0.048397,0.858586,0.319864
Isolation Forest,0.050578,0.858586,0.313837
Isolation Forest,0.050613,0.858586,0.313815
Isolation Forest,0.05216,0.858586,0.310686
Isolation Forest,0.052196,0.858586,0.310618
Isolation Forest,0.053374,0.858586,0.307481
Isolation Forest,0.053374,0.868687,0.30746
Isolation Forest,0.054728,0.868687,0.304769
Isolation Forest,0.054728,0.878788,0.304723
Isolation Forest,0.055009,0.878788,0.304278
Isolation Forest,0.055045,0.878788,0.304273
Isolation Forest,0.05828,0.878788,0.29796
Isolation Forest,0.058316,0.878788,0.2979
Isolation Forest,0.065719,0.878788,0.284362
Isolation Forest,0.065755,0.878788,0.284345
Isolation Forest,0.066933,0.878788,0.282796
Isolation Forest,0.066968,0.878788,0.282767
Isolation Forest,0.070221,0.878788,0.277879
Isolation Forest,0.070257,0.878788,0.277867
Isolation Forest,0.074178,0.878788,0.272909
Isolation Forest,0.074213,0.878788,0.272902
Isolation Forest,0.074811,0.878788,0.272032
Isolation Forest,0.074847,0.878788,0.271951
Isolation Forest,0.074917,0.878788,0.271825
Isolation Forest,0.074952,0.878788,0.271816
Isolation Forest,0.081635,0.878788,0.262939
Isolation Forest,0.081635,0.888889,0.262916
Isolation Forest,0.082391,0.888889,0.262321
Isolation Forest,0.082426,0.888889,0.262278
Isolation Forest,0.084835,0.888889,0.259638
Isolation Forest,0.084871,0.888889,0.259618
Isolation Forest,0.085345,0.888889,0.259045
Isolation Forest,0.085416,0.888889,0.259038
Isolation Forest,0.086119,0.888889,0.258389
Isolation Forest,0.086172,0.888889,0.258383
Isolation Forest,0.08823,0.888889,0.256247
Isolation Forest,0.088265,0.888889,0.25623
Isolation Forest,0.091149,0.888889,0.253357
Isolation Forest,0.091184,0.888889,0.253352
Isolation Forest,0.094068,0.888889,0.250808
Isolation Forest,0.094103,0.888889,0.250806
Isolation Forest,0.096354,0.888889,0.248868
Isolation Forest,0.09639,0.888889,0.248863
Isolation Forest,0.097005,0.888889,0.248252
Isolation Forest,0.097005,0.89899,0.248218
Isolation Forest,0.097357,0.89899,0.248013
Isolation Forest,0.097392,0.89899,0.247999
Isolation Forest,0.097445,0.89899,0.247997
Isolation Forest,0.09755,0.89899,0.247905
Isolation Forest,0.097603,0.89899,0.247902
Isolation Forest,0.097761,0.89899,0.247726
Isolation Forest,0.097796,0.89899,0.247715
Isolation Forest,0.099625,0.89899,0.246056
Isolation Forest,0.099661,0.89899,0.246045
Isolation Forest,0.10047,0.89899,0.245364
Isolation Forest,0.100505,0.89899,0.245333
Isolation Forest,0.101032,0.89899,0.244875
Isolation Forest,0.101103,0.89899,0.244866
Isolation Forest,0.101173,0.89899,0.244722
Isolation Forest,0.101208,0.89899,0.244721
Isolation Forest,0.101929,0.89899,0.244129
Isolation Forest,0.101964,0.89899,0.244122
Isolation Forest,0.105587,0.89899,0.241009
Isolation Forest,0.10564,0.89899,0.240984
Isolation Forest,0.106466,0.89899,0.240352
Isolation Forest,0.106502,0.89899,0.240333
Isolation Forest,0.107961,0.89899,0.238893
Isolation Forest,0.107996,0.89899,0.238884
Isolation Forest,0.11336,0.89899,0.234597
Isolation Forest,0.113395,0.89899,0.234583
Isolation Forest,0.115347,0.89899,0.233196
Isolation Forest,0.115383,0.89899,0.233189
Isolation Forest,0.115717,0.89899,0.232967
Isolation Forest,0.115752,0.89899,0.232966
Isolation Forest,0.115928,0.89899,0.232874
Isolation Forest,0.115963,0.89899,0.232836
Isolation Forest,0.118759,0.89899,0.230898
Isolation Forest,0.118794,0.89899,0.230877
Isolation Forest,0.118829,0.89899,0.230844
Isolation Forest,0.118865,0.89899,0.230834
Isolation Forest,0.121942,0.89899,0.228527
Isolation Forest,0.121942,0.909091,0.228512
Isolation Forest,0.123261,0.909091,0.227415
Isolation Forest,0.123296,0.909091,0.227414
Isolation Forest,0.125002,0.909091,0.226131
Isolation Forest,0.125037,0.909091,0.226126
Isolation Forest,0.125899,0.909091,0.225653
Isolation Forest,0.125934,0.909091,0.225649
Isolation Forest,0.126989,0.909091,0.224904
Isolation Forest,0.127077,0.909091,0.224855
Isolation Forest,0.145965,0.909091,0.21326
Isolation Forest,0.146018,0.909091,0.213256
Isolation Forest,0.148233,0.909091,0.211933
Isolation Forest,0.148269,0.909091,0.21193
Isolation Forest,0.158644,0.909091,0.206219
Isolation Forest,0.15868,0.909091,0.206181
Isolation Forest,0.161599,0.909091,0.20461
Isolation Forest,0.161634,0.909091,0.204604
Isolation Forest,0.161669,0.909091,0.204601
Isolation Forest,0.161863,0.909091,0.204601
Isolation Forest,0.16188,0.909091,0.204596
Isolation Forest,0.16188,0.919192,0.204583
Isolation Forest,0.162109,0.919192,0.20447
Isolation Forest,0.162144,0.919192,0.204459
Isolation Forest,0.172379,0.919192,0.199789
Isolation Forest,0.172379,0.929293,0.199788
Isolation Forest,0.174525,0.929293,0.198977
Isolation Forest,0.17456,0.929293,0.198973
Isolation Forest,0.176705,0.929293,0.197957
Isolation Forest,0.176741,0.929293,0.197955
Isolation Forest,0.17718,0.929293,0.197743
Isolation Forest,0.17718,0.939394,0.19774
Isolation Forest,0.18381,0.939394,0.194881
Isolation Forest,0.183845,0.939394,0.194867
Isolation Forest,0.188523,0.939394,0.192991
Isolation Forest,0.188558,0.939394,0.192983
Isolation Forest,0.189139,0.939394,0.192712
Isolation Forest,0.189174,0.939394,0.192711
Isolation Forest,0.189279,0.939394,0.19268
Isolation Forest,0.189315,0.939394,0.192659
Isolation Forest,0.197369,0.939394,0.189538
Isolation Forest,0.197404,0.939394,0.189516
Isolation Forest,0.204351,0.939394,0.186833
Isolation Forest,0.204386,0.939394,0.18683
Isolation Forest,0.208642,0.939394,0.185276
Isolation Forest,0.2088,0.939394,0.18527
Isolation Forest,0.209943,0.939394,0.184869
Isolation Forest,0.209978,0.939394,0.184867
Isolation Forest,0.210928,0.939394,0.184545
Isolation Forest,0.210963,0.939394,0.184545
Isolation Forest,0.227142,0.939394,0.179187
Isolation Forest,0.227142,0.949495,0.179172
Isolation Forest,0.227758,0.949495,0.178988
Isolation Forest,0.227793,0.949495,0.178981
Isolation Forest,0.230114,0.949495,0.178151
Isolation Forest,0.23015,0.949495,0.178142
Isolation Forest,0.230501,0.949495,0.178003
Isolation Forest,0.230537,0.949495,0.178002
Isolation Forest,0.230712,0.949495,0.17792
Isolation Forest,0.230748,0.949495,0.177918
Isolation Forest,0.234247,0.949495,0.176783
Isolation Forest,0.234282,0.949495,0.176783
Isolation Forest,0.241247,0.949495,0.174675
Isolation Forest,0.241282,0.949495,0.174673
Isolation Forest,0.247226,0.949495,0.172841
Isolation Forest,0.247261,0.949495,0.172839
Isolation Forest,0.256072,0.949495,0.170141
Isolation Forest,0.256107,0.949495,0.170136
Isolation Forest,0.261453,0.949495,0.168435
Isolation Forest,0.261488,0.949495,0.168431
Isolation Forest,0.263968,0.949495,0.167613
Isolation Forest,0.264003,0.949495,0.167611
Isolation Forest,0.272216,0.949495,0.165449
Isolation Forest,0.272268,0.949495,0.165432
Isolation Forest,0.277105,0.949495,0.164078
Isolation Forest,0.27714,0.949495,0.164078
Isolation Forest,0.27881,0.949495,0.163673
Isolation Forest,0.278846,0.949495,0.163673
Isolation Forest,0.290857,0.949495,0.160641
Isolation Forest,0.290892,0.949495,0.160636
Isolation Forest,0.291314,0.949495,0.160517
Isolation Forest,0.291349,0.949495,0.160509
Isolation Forest,0.293442,0.949495,0.159979
Isolation Forest,0.293477,0.949495,0.159977
Isolation Forest,0.296924,0.949495,0.159196
Isolation Forest,0.296959,0.949495,0.159193
Isolation Forest,0.299527,0.949495,0.158597
Isolation Forest,0.299562,0.949495,0.158595
Isolation Forest,0.3006,0.949495,0.158313
Isolation Forest,0.300635,0.949495,0.158304
Isolation Forest,0.309639,0.949495,0.155912
Isolation Forest,0.309692,0.949495,0.155911
Isolation Forest,0.310096,0.949495,0.155801
Isolation Forest,0.310131,0.949495,0.155799
Isolation Forest,0.310782,0.949495,0.15564
Isolation Forest,0.310817,0.949495,0.155639
Isolation Forest,0.321316,0.949495,0.153058
Isolation Forest,0.321351,0.949495,0.153056
Isolation Forest,0.321545,0.949495,0.153015
Isolation Forest,0.321826,0.949495,0.153015
Isolation Forest,0.329546,0.949495,0.151285
Isolation Forest,0.329546,0.959596,0.151283
Isolation Forest,0.33229,0.959596,0.150525
Isolation Forest,0.332325,0.959596,0.150524
Isolation Forest,0.332993,0.959596,0.150379
Isolation Forest,0.333029,0.959596,0.150376
Isolation Forest,0.334893,0.959596,0.149963
Isolation Forest,0.334928,0.959596,0.149962
Isolation Forest,0.355117,0.959596,0.1455
Isolation Forest,0.355169,0.959596,0.145497
Isolation Forest,0.359443,0.959596,0.144572
Isolation Forest,0.359478,0.959596,0.144569
Isolation Forest,0.359531,0.959596,0.144558
Isolation Forest,0.359566,0.959596,0.144556
Isolation Forest,0.360234,0.959596,0.144364
Isolation Forest,0.360269,0.959596,0.144363
Isolation Forest,0.36456,0.959596,0.143504
Isolation Forest,0.364596,0.959596,0.143502
Isolation Forest,0.369062,0.959596,0.142522
Isolation Forest,0.369098,0.959596,0.142513
Isolation Forest,0.377504,0.959596,0.140586
Isolation Forest,0.377539,0.959596,0.140583
Isolation Forest,0.378524,0.959596,0.140382
Isolation Forest,0.378559,0.959596,0.140379
Isolation Forest,0.385048,0.959596,0.138996
Isolation Forest,0.385083,0.959596,0.138996
Isolation Forest,0.38839,0.959596,0.13832
Isolation Forest,0.38839,0.969697,0.138318
Isolation Forest,0.394316,0.969697,0.137233
Isolation Forest,0.394351,0.969697,0.137228
Isolation Forest,0.395512,0.969697,0.136988
Isolation Forest,0.395547,0.969697,0.136985
Isolation Forest,0.400682,0.969697,0.135839
Isolation Forest,0.400718,0.969697,0.135836
Isolation Forest,0.406222,0.969697,0.134646
Isolation Forest,0.406257,0.969697,0.134645
Isolation Forest,0.410372,0.969697,0.133843
Isolation Forest,0.410407,0.969697,0.133841
Isolation Forest,0.432988,0.969697,0.129241
Isolation Forest,0.433023,0.969697,0.12924
Isolation Forest,0.434747,0.969697,0.128927
Isolation Forest,0.434782,0.969697,0.12892
Isolation Forest,0.43647,0.969697,0.128606
Isolation Forest,0.436505,0.969697,0.128605
Isolation Forest,0.44099,0.969697,0.127832
Isolation Forest,0.441025,0.969697,0.12783
Isolation Forest,0.441676,0.969697,0.127707
Isolation Forest,0.441711,0.969697,0.127691
Isolation Forest,0.45075,0.969697,0.126026
Isolation Forest,0.450785,0.969697,0.126021
Isolation Forest,0.453617,0.969697,0.125488
Isolation Forest,0.453652,0.969697,0.125476
Isolation Forest,0.455516,0.969697,0.125164
Isolation Forest,0.455551,0.969697,0.125158
Isolation Forest,0.458154,0.969697,0.124657
Isolation Forest,0.458207,0.969697,0.124654
Isolation Forest,0.458998,0.969697,0.124497
Isolation Forest,0.459033,0.969697,0.124491
Isolation Forest,0.473946,0.969697,0.121664
Isolation Forest,0.473981,0.969697,0.121663
Isolation Forest,0.47938,0.969697,0.12067
Isolation Forest,0.479415,0.969697,0.120669
Isolation Forest,0.480049,0.969697,0.120561
Isolation Forest,0.480084,0.969697,0.120552
Isolation Forest,0.481297,0.969697,0.120326
Isolation Forest,0.481332,0.969697,0.12032
Isolation Forest,0.481508,0.969697,0.120296
Isolation Forest,0.481543,0.969697,0.120296
Isolation Forest,0.484322,0.969697,0.119792
Isolation Forest,0.484357,0.969697,0.119789
Isolation Forest,0.488279,0.969697,0.119103
Isolation Forest,0.488332,0.969697,0.1191
Isolation Forest,0.492148,0.969697,0.11841
Isolation Forest,0.492183,0.969697,0.118402
Isolation Forest,0.495401,0.969697,0.117764
Isolation Forest,0.495472,0.969697,0.117762
Isolation Forest,0.497617,0.969697,0.117354
Isolation Forest,0.497652,0.969697,0.117352
Isolation Forest,0.497951,0.969697,0.117308
Isolation Forest,0.497986,0.969697,0.117308
Isolation Forest,0.502383,0.969697,0.116548
Isolation Forest,0.502418,0.969697,0.116545
Isolation Forest,0.504476,0.969697,0.116164
Isolation Forest,0.504511,0.969697,0.116164
Isolation Forest,0.508327,0.969697,0.115577
Isolation Forest,0.508362,0.969697,0.115577
Isolation Forest,0.510613,0.969697,0.11513
Isolation Forest,0.510684,0.969697,0.115123
Isolation Forest,0.513427,0.969697,0.114662
Isolation Forest,0.513462,0.969697,0.114661
Isolation Forest,0.514447,0.969697,0.114467
Isolation Forest,0.514482,0.969697,0.114466
Isolation Forest,0.516839,0.969697,0.113992
Isolation Forest,0.516874,0.969697,0.113986
Isolation Forest,0.518193,0.969697,0.113793
Isolation Forest,0.518228,0.969697,0.113788
Isolation Forest,0.522924,0.969697,0.112961
Isolation Forest,0.522959,0.969697,0.112958
Isolation Forest,0.531207,0.969697,0.111285
Isolation Forest,0.531242,0.969697,0.111273
Isolation Forest,0.531453,0.969697,0.111238
Isolation Forest,0.531488,0.969697,0.111236
Isolation Forest,0.532033,0.969697,0.111135
Isolation Forest,0.532068,0.969697,0.111131
Isolation Forest,0.535656,0.969697,0.110508
Isolation Forest,0.535691,0.969697,0.110508
Isolation Forest,0.539578,0.969697,0.109863
Isolation Forest,0.539578,0.979798,0.109859
Isolation Forest,0.550903,0.979798,0.107908
Isolation Forest,0.550938,0.979798,0.107907
Isolation Forest,0.553541,0.979798,0.107457
Isolation Forest,0.553576,0.979798,0.107456
Isolation Forest,0.564057,0.979798,0.105679
Isolation Forest,0.564093,0.979798,0.105678
Isolation Forest,0.568313,0.979798,0.104911
Isolation Forest,0.568348,0.979798,0.10491
Isolation Forest,0.574099,0.979798,0.10389
Isolation Forest,0.574152,0.979798,0.103888
Isolation Forest,0.589311,0.979798,0.101363
Isolation Forest,0.589346,0.979798,0.101361
Isolation Forest,0.589716,0.979798,0.101296
Isolation Forest,0.589751,0.979798,0.101293
Isolation Forest,0.591439,0.979798,0.101005
Isolation Forest,0.591474,0.979798,0.101001
Isolation Forest,0.594833,0.979798,0.100451
Isolation Forest,0.594868,0.979798,0.100449
Isolation Forest,0.601551,0.979798,0.099225
Isolation Forest,0.601586,0.979798,0.099221
Isolation Forest,0.613809,0.979798,0.097309
Isolation Forest,0.613844,0.979798,0.097307
Isolation Forest,0.621212,0.979798,0.096006
Isolation Forest,0.621248,0.979798,0.096004
Isolation Forest,0.623745,0.979798,0.095624
Isolation Forest,0.623798,0.979798,0.095616
Isolation Forest,0.626594,0.979798,0.095157
Isolation Forest,0.626629,0.979798,0.095156
Isolation Forest,0.628176,0.979798,0.094872
Isolation Forest,0.628212,0.979798,0.094869
Isolation Forest,0.638429,0.979798,0.093063
Isolation Forest,0.638464,0.979798,0.093059
Isolation Forest,0.640452,0.979798,0.092703
Isolation Forest,0.640487,0.979798,0.092696
Isolation Forest,0.640962,0.979798,0.092613
Isolation Forest,0.640962,0.989899,0.09261
Isolation Forest,0.647996,0.989899,0.091423
Isolation Forest,0.648031,0.989899,0.091421
Isolation Forest,0.650546,0.989899,0.090991
Isolation Forest,0.650581,0.989899,0.090989
Isolation Forest,0.657616,0.989899,0.0897
Isolation Forest,0.657651,0.989899,0.089697
Isolation Forest,0.66319,0.989899,0.088705
Isolation Forest,0.663243,0.989899,0.088698
Isolation Forest,0.667675,0.989899,0.087915
Isolation Forest,0.66771,0.989899,0.087913
Isolation Forest,0.675342,0.989899,0.086544
Isolation Forest,0.675395,0.989899,0.086541
Isolation Forest,0.69277,0.989899,0.083445
Isolation Forest,0.692806,0.989899,0.083443
Isolation Forest,0.69467,0.989899,0.08313
Isolation Forest,0.694705,0.989899,0.083121
Isolation Forest,0.714102,0.989899,0.079754
Isolation Forest,0.714137,0.989899,0.079753
Isolation Forest,0.72541,0.989899,0.077681
Isolation Forest,0.725445,0.989899,0.07768
Isolation Forest,0.730176,0.989899,0.076853
Isolation Forest,0.730211,0.989899,0.076849
Isolation Forest,0.747657,0.989899,0.073784
Isolation Forest,0.747692,0.989899,0.073769
Isolation Forest,0.753038,0.989899,0.072967
Isolation Forest,0.753073,0.989899,0.072965
Isolation Forest,0.760653,0.989899,0.071591
Isolation Forest,0.760688,0.989899,0.07159
Isolation Forest,0.762605,0.989899,0.07125
Isolation Forest,0.76264,0.989899,0.071248
Isolation Forest,0.766368,0.989899,0.070692
Isolation Forest,0.766403,0.989899,0.070687
Isolation Forest,0.766702,0.989899,0.070632
Isolation Forest,0.766738,0.989899,0.070629
Isolation Forest,0.781791,0.989899,0.06825
Isolation Forest,0.781826,0.989899,0.068248
Isolation Forest,0.78195,0.989899,0.068227
Isolation Forest,0.781985,0.989899,0.068227
Isolation Forest,0.787524,0.989899,0.067293
Isolation Forest,0.78756,0.989899,0.067293
Isolation Forest,0.806676,0.989899,0.064062
Isolation Forest,0.806711,0.989899,0.064062
Isolation Forest,0.80803,0.989899,0.063824
Isolation Forest,0.808083,0.989899,0.063823
Isolation Forest,0.809226,0.989899,0.063651
Isolation Forest,0.809261,0.989899,0.063649
Isolation Forest,0.812479,0.989899,0.063052
Isolation Forest,0.812514,0.989899,0.06305
Isolation Forest,0.819338,0.989899,0.061773
Isolation Forest,0.819373,0.989899,0.06177
Isolation Forest,0.8199,0.989899,0.061702
Isolation Forest,0.819936,0.989899,0.061701
Isolation Forest,0.827164,0.989899,0.060409
Isolation Forest,0.827199,0.989899,0.060403
Isolation Forest,0.828957,0.989899,0.060095
Isolation Forest,0.828992,0.989899,0.060094
Isolation Forest,0.830927,0.989899,0.059789
Isolation Forest,0.83098,0.989899,0.059788
Isolation Forest,0.843906,0.989899,0.057621
Isolation Forest,0.843941,0.989899,0.057619
Isolation Forest,0.853121,0.989899,0.056018
Isolation Forest,0.853156,0.989899,0.056009
Isolation Forest,0.861228,0.989899,0.054703
Isolation Forest,0.861263,0.989899,0.054702
Isolation Forest,0.866556,0.989899,0.05383
Isolation Forest,0.866609,0.989899,0.053822
Isolation Forest,0.867664,0.989899,0.053655
Isolation Forest,0.8677,0.989899,0.053646
Isolation Forest,0.86828,0.989899,0.053551
Isolation Forest,0.868315,0.989899,0.053542
Isolation Forest,0.878128,0.989899,0.051912
Isolation Forest,0.878181,0.989899,0.051903
Isolation Forest,0.880485,0.989899,0.051531
Isolation Forest,0.88052,0.989899,0.051528
Isolation Forest,0.880907,0.989899,0.051475
Isolation Forest,0.880942,0.989899,0.051468
Isolation Forest,0.888275,0.989899,0.050257
Isolation Forest,0.888311,0.989899,0.050252
Isolation Forest,0.89443,0.989899,0.049124
Isolation Forest,0.894483,0.989899,0.049119
Isolation Forest,0.897033,0.989899,0.048649
Isolation Forest,0.897086,0.989899,0.048648
Isolation Forest,0.909256,0.989899,0.046354
Isolation Forest,0.909308,0.989899,0.046353
Isolation Forest,0.915376,0.989899,0.045114
Isolation Forest,0.915376,1.0,0.045114
Isolation Forest,0.919754,1.0,0.044232
Isolation Forest,0.91979,1.0,0.044232
Isolation Forest,0.925452,1.0,0.043174
Isolation Forest,0.92554,1.0,0.043166
Isolation Forest,0.930429,1.0,0.042101
Isolation Forest,0.930464,1.0,0.042099
Isolation Forest,0.940049,1.0,0.039942
Isolation Forest,0.940102,1.0,0.039941
Isolation Forest,0.947066,1.0,0.038335
Isolation Forest,0.947101,1.0,0.038332
Isolation Forest,0.950425,1.0,0.037509
Isolation Forest,0.95046,1.0,0.037509
Isolation Forest,0.952359,1.0,0.037056
Isolation Forest,0.952394,1.0,0.037056
Isolation Forest,0.964845,1.0,0.033699
Isolation Forest,0.964881,1.0,0.033697
Isolation Forest,0.973287,1.0,0.030999
Isolation Forest,0.973322,1.0,0.030995
Isolation Forest,0.990029,1.0,0.022786
Isolation Forest,0.990064,1.0,0.022781
Isolation Forest,0.994724,1.0,0.019286
Isolation Forest,0.9949,1.0,0.019262
Isolation Forest,0.994988,1.0,0.019149
Isolation Forest,0.995093,1.0,0.019145
Isolation Forest,0.99643,1.0,0.017417
Isolation Forest,0.996465,1.0,0.017408
Isolation Forest,0.996536,1.0,0.017346
Isolation Forest,0.996571,1.0,0.017343
Isolation Forest,1.0,1.0,0.0
