Model,Threshold,Precision,Recall,F1,TP,FP,FN,TN,FraudCaughtEUR,FraudMissedEUR,ReviewCost,TotalCost,NetSavings,IsChosenThreshold
XGBoost,0.001,0.133433,0.89899,0.232376,89,578,10,56285,7689.33,2185.02,6670.0,8855.02,1019.33,False
XGBoost,0.002,0.206497,0.89899,0.335849,89,342,10,56521,7689.33,2185.02,4310.0,6495.02,3379.33,False
XGBoost,0.003,0.266467,0.89899,0.411085,89,245,10,56618,7689.33,2185.02,3340.0,5525.02,4349.33,False
XGBoost,0.004,0.312281,0.89899,0.463542,89,196,10,56667,7689.33,2185.02,2850.0,5035.02,4839.33,False
XGBoost,0.005,0.347656,0.89899,0.501408,89,167,10,56696,7689.33,2185.02,2560.0,4745.02,5129.33,False
XGBoost,0.006,0.388646,0.89899,0.542683,89,140,10,56723,7689.33,2185.02,2290.0,4475.02,5399.33,False
XGBoost,0.007,0.423077,0.888889,0.57329,88,120,11,56743,7377.42,2496.93,2080.0,4576.93,5297.42,False
XGBoost,0.008,0.451282,0.888889,0.598639,88,107,11,56756,7377.42,2496.93,1950.0,4446.93,5427.42,False
XGBoost,0.009,0.49162,0.888889,0.633094,88,91,11,56772,7377.42,2496.93,1790.0,4286.93,5587.42,False
XGBoost,0.01,0.508671,0.888889,0.647059,88,85,11,56778,7377.42,2496.93,1730.0,4226.93,5647.42,False
XGBoost,0.011,0.526946,0.888889,0.661654,88,79,11,56784,7377.42,2496.93,1670.0,4166.93,5707.42,False
XGBoost,0.012,0.54321,0.888889,0.67433,88,74,11,56789,7377.42,2496.93,1620.0,4116.93,5757.42,False
XGBoost,0.013,0.557692,0.878788,0.682353,87,69,12,56794,7376.66,2497.69,1560.0,4057.69,5816.66,False
XGBoost,0.014,0.56129,0.878788,0.685039,87,68,12,56795,7376.66,2497.69,1550.0,4047.69,5826.66,False
XGBoost,0.015,0.564935,0.878788,0.687747,87,67,12,56796,7376.66,2497.69,1540.0,4037.69,5836.66,False
XGBoost,0.016,0.568627,0.878788,0.690476,87,66,12,56797,7376.66,2497.69,1530.0,4027.69,5846.66,False
XGBoost,0.017,0.58,0.878788,0.698795,87,63,12,56800,7376.66,2497.69,1500.0,3997.69,5876.66,False
XGBoost,0.018,0.587838,0.878788,0.704453,87,61,12,56802,7376.66,2497.69,1480.0,3977.69,5896.66,False
XGBoost,0.019,0.59589,0.878788,0.710204,87,59,12,56804,7376.66,2497.69,1460.0,3957.69,5916.66,False
XGBoost,0.02,0.59589,0.878788,0.710204,87,59,12,56804,7376.66,2497.69,1460.0,3957.69,5916.66,False
XGBoost,0.021,0.612676,0.878788,0.721992,87,55,12,56808,7376.66,2497.69,1420.0,3917.69,5956.66,False
XGBoost,0.022,0.625899,0.878788,0.731092,87,52,12,56811,7376.66,2497.69,1390.0,3887.69,5986.66,False
XGBoost,0.023,0.635036,0.878788,0.737288,87,50,12,56813,7376.66,2497.69,1370.0,3867.69,6006.66,False
XGBoost,0.024,0.654135,0.878788,0.75,87,46,12,56817,7376.66,2497.69,1330.0,3827.69,6046.66,False
XGBoost,0.025,0.656489,0.868687,0.747826,86,45,13,56818,7369.6,2504.75,1310.0,3814.75,6059.6,False
XGBoost,0.026,0.656489,0.868687,0.747826,86,45,13,56818,7369.6,2504.75,1310.0,3814.75,6059.6,False
XGBoost,0.027,0.656489,0.868687,0.747826,86,45,13,56818,7369.6,2504.75,1310.0,3814.75,6059.6,False
XGBoost,0.028,0.661538,0.868687,0.751092,86,44,13,56819,7369.6,2504.75,1300.0,3804.75,6069.6,False
XGBoost,0.029,0.666667,0.868687,0.754386,86,43,13,56820,7369.6,2504.75,1290.0,3794.75,6079.6,False
XGBoost,0.03,0.68254,0.868687,0.764444,86,40,13,56823,7369.6,2504.75,1260.0,3764.75,6109.6,False
XGBoost,0.031,0.68254,0.868687,0.764444,86,40,13,56823,7369.6,2504.75,1260.0,3764.75,6109.6,False
XGBoost,0.032,0.704918,0.868687,0.778281,86,36,13,56827,7369.6,2504.75,1220.0,3724.75,6149.6,False
XGBoost,0.033,0.722689,0.868687,0.788991,86,33,13,56830,7369.6,2504.75,1190.0,3694.75,6179.6,False
XGBoost,0.034,0.728814,0.868687,0.792627,86,32,13,56831,7369.6,2504.75,1180.0,3684.75,6189.6,False
XGBoost,0.035,0.728814,0.868687,0.792627,86,32,13,56831,7369.6,2504.75,1180.0,3684.75,6189.6,False
XGBoost,0.036,0.728814,0.868687,0.792627,86,32,13,56831,7369.6,2504.75,1180.0,3684.75,6189.6,False
XGBoost,0.037,0.741379,0.868687,0.8,86,30,13,56833,7369.6,2504.75,1160.0,3664.75,6209.6,False
XGBoost,0.038,0.741379,0.868687,0.8,86,30,13,56833,7369.6,2504.75,1160.0,3664.75,6209.6,False
XGBoost,0.039,0.741379,0.868687,0.8,86,30,13,56833,7369.6,2504.75,1160.0,3664.75,6209.6,False
XGBoost,0.04,0.747826,0.868687,0.803738,86,29,13,56834,7369.6,2504.75,1150.0,3654.75,6219.6,False
XGBoost,0.041,0.754386,0.868687,0.807512,86,28,13,56835,7369.6,2504.75,1140.0,3644.75,6229.6,False
XGBoost,0.042,0.754386,0.868687,0.807512,86,28,13,56835,7369.6,2504.75,1140.0,3644.75,6229.6,False
XGBoost,0.043,0.754386,0.868687,0.807512,86,28,13,56835,7369.6,2504.75,1140.0,3644.75,6229.6,False
XGBoost,0.044,0.772727,0.858586,0.813397,85,25,14,56838,7367.38,2506.97,1100.0,3606.97,6267.38,False
XGBoost,0.045,0.772727,0.858586,0.813397,85,25,14,56838,7367.38,2506.97,1100.0,3606.97,6267.38,False
XGBoost,0.046,0.772727,0.858586,0.813397,85,25,14,56838,7367.38,2506.97,1100.0,3606.97,6267.38,False
XGBoost,0.047,0.772727,0.858586,0.813397,85,25,14,56838,7367.38,2506.97,1100.0,3606.97,6267.38,False
XGBoost,0.048,0.779817,0.858586,0.817308,85,24,14,56839,7367.38,2506.97,1090.0,3596.97,6277.38,False
XGBoost,0.049,0.779817,0.858586,0.817308,85,24,14,56839,7367.38,2506.97,1090.0,3596.97,6277.38,False
XGBoost,0.05,0.787037,0.858586,0.821256,85,23,14,56840,7367.38,2506.97,1080.0,3586.97,6287.38,False
XGBoost,0.051,0.801887,0.858586,0.829268,85,21,14,56842,7367.38,2506.97,1060.0,3566.97,6307.38,False
XGBoost,0.052,0.817308,0.858586,0.837438,85,19,14,56844,7367.38,2506.97,1040.0,3546.97,6327.38,False
XGBoost,0.053,0.817308,0.858586,0.837438,85,19,14,56844,7367.38,2506.97,1040.0,3546.97,6327.38,False
XGBoost,0.054,0.817308,0.858586,0.837438,85,19,14,56844,7367.38,2506.97,1040.0,3546.97,6327.38,False
XGBoost,0.055,0.817308,0.858586,0.837438,85,19,14,56844,7367.38,2506.97,1040.0,3546.97,6327.38,False
XGBoost,0.056,0.825243,0.858586,0.841584,85,18,14,56845,7367.38,2506.97,1030.0,3536.97,6337.38,False
XGBoost,0.057,0.825243,0.858586,0.841584,85,18,14,56845,7367.38,2506.97,1030.0,3536.97,6337.38,False
XGBoost,0.058,0.833333,0.858586,0.845771,85,17,14,56846,7367.38,2506.97,1020.0,3526.97,6347.38,False
XGBoost,0.059,0.833333,0.858586,0.845771,85,17,14,56846,7367.38,2506.97,1020.0,3526.97,6347.38,False
XGBoost,0.06,0.833333,0.858586,0.845771,85,17,14,56846,7367.38,2506.97,1020.0,3526.97,6347.38,False
XGBoost,0.061,0.833333,0.858586,0.845771,85,17,14,56846,7367.38,2506.97,1020.0,3526.97,6347.38,False
XGBoost,0.062,0.833333,0.858586,0.845771,85,17,14,56846,7367.38,2506.97,1020.0,3526.97,6347.38,False
XGBoost,0.063,0.831683,0.848485,0.84,84,17,15,56846,7366.38,2507.97,1010.0,3517.97,6356.38,False
XGBoost,0.064,0.831683,0.848485,0.84,84,17,15,56846,7366.38,2507.97,1010.0,3517.97,6356.38,False
XGBoost,0.065,0.831683,0.848485,0.84,84,17,15,56846,7366.38,2507.97,1010.0,3517.97,6356.38,False
XGBoost,0.066,0.831683,0.848485,0.84,84,17,15,56846,7366.38,2507.97,1010.0,3517.97,6356.38,False
XGBoost,0.067,0.831683,0.848485,0.84,84,17,15,56846,7366.38,2507.97,1010.0,3517.97,6356.38,False
XGBoost,0.068,0.831683,0.848485,0.84,84,17,15,56846,7366.38,2507.97,1010.0,3517.97,6356.38,False
XGBoost,0.069,0.831683,0.848485,0.84,84,17,15,56846,7366.38,2507.97,1010.0,3517.97,6356.38,False
XGBoost,0.07,0.831683,0.848485,0.84,84,17,15,56846,7366.38,2507.97,1010.0,3517.97,6356.38,False
XGBoost,0.071,0.831683,0.848485,0.84,84,17,15,56846,7366.38,2507.97,1010.0,3517.97,6356.38,False
XGBoost,0.072,0.831683,0.848485,0.84,84,17,15,56846,7366.38,2507.97,1010.0,3517.97,6356.38,False
XGBoost,0.073,0.831683,0.848485,0.84,84,17,15,56846,7366.38,2507.97,1010.0,3517.97,6356.38,False
XGBoost,0.074,0.84,0.848485,0.844221,84,16,15,56847,7366.38,2507.97,1000.0,3507.97,6366.38,False
XGBoost,0.075,0.84,0.848485,0.844221,84,16,15,56847,7366.38,2507.97,1000.0,3507.97,6366.38,False
XGBoost,0.076,0.84,0.848485,0.844221,84,16,15,56847,7366.38,2507.97,1000.0,3507.97,6366.38,False
XGBoost,0.077,0.84,0.848485,0.844221,84,16,15,56847,7366.38,2507.97,1000.0,3507.97,6366.38,False
XGBoost,0.078,0.84,0.848485,0.844221,84,16,15,56847,7366.38,2507.97,1000.0,3507.97,6366.38,False
XGBoost,0.079,0.84,0.848485,0.844221,84,16,15,56847,7366.38,2507.97,1000.0,3507.97,6366.38,False
XGBoost,0.08,0.84,0.848485,0.844221,84,16,15,56847,7366.38,2507.97,1000.0,3507.97,6366.38,False
XGBoost,0.081,0.84,0.848485,0.844221,84,16,15,56847,7366.38,2507.97,1000.0,3507.97,6366.38,False
XGBoost,0.082,0.84,0.848485,0.844221,84,16,15,56847,7366.38,2507.97,1000.0,3507.97,6366.38,False
XGBoost,0.083,0.84,0.848485,0.844221,84,16,15,56847,7366.38,2507.97,1000.0,3507.97,6366.38,False
XGBoost,0.084,0.84,0.848485,0.844221,84,16,15,56847,7366.38,2507.97,1000.0,3507.97,6366.38,False
XGBoost,0.085,0.84,0.848485,0.844221,84,16,15,56847,7366.38,2507.97,1000.0,3507.97,6366.38,False
XGBoost,0.086,0.84,0.848485,0.844221,84,16,15,56847,7366.38,2507.97,1000.0,3507.97,6366.38,False
XGBoost,0.087,0.84,0.848485,0.844221,84,16,15,56847,7366.38,2507.97,1000.0,3507.97,6366.38,False
XGBoost,0.088,0.84,0.848485,0.844221,84,16,15,56847,7366.38,2507.97,1000.0,3507.97,6366.38,False
XGBoost,0.089,0.84,0.848485,0.844221,84,16,15,56847,7366.38,2507.97,1000.0,3507.97,6366.38,False
XGBoost,0.09,0.84,0.848485,0.844221,84,16,15,56847,7366.38,2507.97,1000.0,3507.97,6366.38,False
XGBoost,0.091,0.84,0.848485,0.844221,84,16,15,56847,7366.38,2507.97,1000.0,3507.97,6366.38,False
XGBoost,0.092,0.84,0.848485,0.844221,84,16,15,56847,7366.38,2507.97,1000.0,3507.97,6366.38,False
XGBoost,0.093,0.84,0.848485,0.844221,84,16,15,56847,7366.38,2507.97,1000.0,3507.97,6366.38,False
XGBoost,0.094,0.84,0.848485,0.844221,84,16,15,56847,7366.38,2507.97,1000.0,3507.97,6366.38,False
XGBoost,0.095,0.84,0.848485,0.844221,84,16,15,56847,7366.38,2507.97,1000.0,3507.97,6366.38,False
XGBoost,0.096,0.84,0.848485,0.844221,84,16,15,56847,7366.38,2507.97,1000.0,3507.97,6366.38,False
XGBoost,0.097,0.84,0.848485,0.844221,84,16,15,56847,7366.38,2507.97,1000.0,3507.97,6366.38,False
XGBoost,0.098,0.84,0.848485,0.844221,84,16,15,56847,7366.38,2507.97,1000.0,3507.97,6366.38,False
XGBoost,0.099,0.848485,0.848485,0.848485,84,15,15,56848,7366.38,2507.97,990.0,3497.97,6376.38,False
XGBoost,0.1,0.848485,0.848485,0.848485,84,15,15,56848,7366.38,2507.97,990.0,3497.97,6376.38,False
XGBoost,0.101,0.848485,0.848485,0.848485,84,15,15,56848,7366.38,2507.97,990.0,3497.97,6376.38,False
XGBoost,0.102,0.857143,0.848485,0.852792,84,14,15,56849,7366.38,2507.97,980.0,3487.97,6386.38,False
XGBoost,0.103,0.857143,0.848485,0.852792,84,14,15,56849,7366.38,2507.97,980.0,3487.97,6386.38,False
XGBoost,0.104,0.857143,0.848485,0.852792,84,14,15,56849,7366.38,2507.97,980.0,3487.97,6386.38,False
XGBoost,0.105,0.857143,0.848485,0.852792,84,14,15,56849,7366.38,2507.97,980.0,3487.97,6386.38,False
XGBoost,0.106,0.857143,0.848485,0.852792,84,14,15,56849,7366.38,2507.97,980.0,3487.97,6386.38,False
XGBoost,0.107,0.857143,0.848485,0.852792,84,14,15,56849,7366.38,2507.97,980.0,3487.97,6386.38,False
XGBoost,0.108,0.857143,0.848485,0.852792,84,14,15,56849,7366.38,2507.97,980.0,3487.97,6386.38,False
XGBoost,0.109,0.857143,0.848485,0.852792,84,14,15,56849,7366.38,2507.97,980.0,3487.97,6386.38,False
XGBoost,0.11,0.857143,0.848485,0.852792,84,14,15,56849,7366.38,2507.97,980.0,3487.97,6386.38,False
XGBoost,0.111,0.857143,0.848485,0.852792,84,14,15,56849,7366.38,2507.97,980.0,3487.97,6386.38,False
XGBoost,0.112,0.857143,0.848485,0.852792,84,14,15,56849,7366.38,2507.97,980.0,3487.97,6386.38,False
XGBoost,0.113,0.857143,0.848485,0.852792,84,14,15,56849,7366.38,2507.97,980.0,3487.97,6386.38,False
XGBoost,0.114,0.857143,0.848485,0.852792,84,14,15,56849,7366.38,2507.97,980.0,3487.97,6386.38,False
XGBoost,0.115,0.857143,0.848485,0.852792,84,14,15,56849,7366.38,2507.97,980.0,3487.97,6386.38,False
XGBoost,0.116,0.857143,0.848485,0.852792,84,14,15,56849,7366.38,2507.97,980.0,3487.97,6386.38,False
XGBoost,0.117,0.857143,0.848485,0.852792,84,14,15,56849,7366.38,2507.97,980.0,3487.97,6386.38,False
XGBoost,0.118,0.857143,0.848485,0.852792,84,14,15,56849,7366.38,2507.97,980.0,3487.97,6386.38,False
XGBoost,0.119,0.857143,0.848485,0.852792,84,14,15,56849,7366.38,2507.97,980.0,3487.97,6386.38,False
XGBoost,0.12,0.857143,0.848485,0.852792,84,14,15,56849,7366.38,2507.97,980.0,3487.97,6386.38,False
XGBoost,0.121,0.857143,0.848485,0.852792,84,14,15,56849,7366.38,2507.97,980.0,3487.97,6386.38,False
XGBoost,0.122,0.857143,0.848485,0.852792,84,14,15,56849,7366.38,2507.97,980.0,3487.97,6386.38,False
XGBoost,0.123,0.857143,0.848485,0.852792,84,14,15,56849,7366.38,2507.97,980.0,3487.97,6386.38,False
XGBoost,0.124,0.857143,0.848485,0.852792,84,14,15,56849,7366.38,2507.97,980.0,3487.97,6386.38,False
XGBoost,0.125,0.857143,0.848485,0.852792,84,14,15,56849,7366.38,2507.97,980.0,3487.97,6386.38,False
XGBoost,0.126,0.857143,0.848485,0.852792,84,14,15,56849,7366.38,2507.97,980.0,3487.97,6386.38,False
XGBoost,0.127,0.857143,0.848485,0.852792,84,14,15,56849,7366.38,2507.97,980.0,3487.97,6386.38,False
XGBoost,0.128,0.857143,0.848485,0.852792,84,14,15,56849,7366.38,2507.97,980.0,3487.97,6386.38,False
XGBoost,0.129,0.865979,0.848485,0.857143,84,13,15,56850,7366.38,2507.97,970.0,3477.97,6396.38,False
XGBoost,0.13,0.875,0.848485,0.861538,84,12,15,56851,7366.38,2507.97,960.0,3467.97,6406.38,False
XGBoost,0.131,0.875,0.848485,0.861538,84,12,15,56851,7366.38,2507.97,960.0,3467.97,6406.38,False
XGBoost,0.132,0.875,0.848485,0.861538,84,12,15,56851,7366.38,2507.97,960.0,3467.97,6406.38,False
XGBoost,0.133,0.875,0.848485,0.861538,84,12,15,56851,7366.38,2507.97,960.0,3467.97,6406.38,False
XGBoost,0.134,0.875,0.848485,0.861538,84,12,15,56851,7366.38,2507.97,960.0,3467.97,6406.38,False
XGBoost,0.135,0.875,0.848485,0.861538,84,12,15,56851,7366.38,2507.97,960.0,3467.97,6406.38,False
XGBoost,0.136,0.875,0.848485,0.861538,84,12,15,56851,7366.38,2507.97,960.0,3467.97,6406.38,False
XGBoost,0.137,0.875,0.848485,0.861538,84,12,15,56851,7366.38,2507.97,960.0,3467.97,6406.38,False
XGBoost,0.138,0.875,0.848485,0.861538,84,12,15,56851,7366.38,2507.97,960.0,3467.97,6406.38,False
XGBoost,0.139,0.875,0.848485,0.861538,84,12,15,56851,7366.38,2507.97,960.0,3467.97,6406.38,False
XGBoost,0.14,0.875,0.848485,0.861538,84,12,15,56851,7366.38,2507.97,960.0,3467.97,6406.38,False
XGBoost,0.141,0.875,0.848485,0.861538,84,12,15,56851,7366.38,2507.97,960.0,3467.97,6406.38,False
XGBoost,0.142,0.875,0.848485,0.861538,84,12,15,56851,7366.38,2507.97,960.0,3467.97,6406.38,False
XGBoost,0.143,0.875,0.848485,0.861538,84,12,15,56851,7366.38,2507.97,960.0,3467.97,6406.38,False
XGBoost,0.144,0.875,0.848485,0.861538,84,12,15,56851,7366.38,2507.97,960.0,3467.97,6406.38,False
XGBoost,0.145,0.875,0.848485,0.861538,84,12,15,56851,7366.38,2507.97,960.0,3467.97,6406.38,False
XGBoost,0.146,0.875,0.848485,0.861538,84,12,15,56851,7366.38,2507.97,960.0,3467.97,6406.38,False
XGBoost,0.147,0.875,0.848485,0.861538,84,12,15,56851,7366.38,2507.97,960.0,3467.97,6406.38,False
XGBoost,0.148,0.875,0.848485,0.861538,84,12,15,56851,7366.38,2507.97,960.0,3467.97,6406.38,False
XGBoost,0.149,0.884211,0.848485,0.865979,84,11,15,56852,7366.38,2507.97,950.0,3457.97,6416.38,False
XGBoost,0.15,0.884211,0.848485,0.865979,84,11,15,56852,7366.38,2507.97,950.0,3457.97,6416.38,False
XGBoost,0.151,0.884211,0.848485,0.865979,84,11,15,56852,7366.38,2507.97,950.0,3457.97,6416.38,False
XGBoost,0.152,0.884211,0.848485,0.865979,84,11,15,56852,7366.38,2507.97,950.0,3457.97,6416.38,False
XGBoost,0.153,0.884211,0.848485,0.865979,84,11,15,56852,7366.38,2507.97,950.0,3457.97,6416.38,False
XGBoost,0.154,0.884211,0.848485,0.865979,84,11,15,56852,7366.38,2507.97,950.0,3457.97,6416.38,False
XGBoost,0.155,0.884211,0.848485,0.865979,84,11,15,56852,7366.38,2507.97,950.0,3457.97,6416.38,False
XGBoost,0.156,0.884211,0.848485,0.865979,84,11,15,56852,7366.38,2507.97,950.0,3457.97,6416.38,False
XGBoost,0.157,0.884211,0.848485,0.865979,84,11,15,56852,7366.38,2507.97,950.0,3457.97,6416.38,False
XGBoost,0.158,0.884211,0.848485,0.865979,84,11,15,56852,7366.38,2507.97,950.0,3457.97,6416.38,False
XGBoost,0.159,0.884211,0.848485,0.865979,84,11,15,56852,7366.38,2507.97,950.0,3457.97,6416.38,False
XGBoost,0.16,0.884211,0.848485,0.865979,84,11,15,56852,7366.38,2507.97,950.0,3457.97,6416.38,False
XGBoost,0.161,0.884211,0.848485,0.865979,84,11,15,56852,7366.38,2507.97,950.0,3457.97,6416.38,False
XGBoost,0.162,0.884211,0.848485,0.865979,84,11,15,56852,7366.38,2507.97,950.0,3457.97,6416.38,False
XGBoost,0.163,0.884211,0.848485,0.865979,84,11,15,56852,7366.38,2507.97,950.0,3457.97,6416.38,False
XGBoost,0.164,0.884211,0.848485,0.865979,84,11,15,56852,7366.38,2507.97,950.0,3457.97,6416.38,False
XGBoost,0.165,0.884211,0.848485,0.865979,84,11,15,56852,7366.38,2507.97,950.0,3457.97,6416.38,False
XGBoost,0.166,0.884211,0.848485,0.865979,84,11,15,56852,7366.38,2507.97,950.0,3457.97,6416.38,False
XGBoost,0.167,0.884211,0.848485,0.865979,84,11,15,56852,7366.38,2507.97,950.0,3457.97,6416.38,False
XGBoost,0.168,0.893617,0.848485,0.870466,84,10,15,56853,7366.38,2507.97,940.0,3447.97,6426.38,False
XGBoost,0.169,0.893617,0.848485,0.870466,84,10,15,56853,7366.38,2507.97,940.0,3447.97,6426.38,False
XGBoost,0.17,0.893617,0.848485,0.870466,84,10,15,56853,7366.38,2507.97,940.0,3447.97,6426.38,False
XGBoost,0.171,0.893617,0.848485,0.870466,84,10,15,56853,7366.38,2507.97,940.0,3447.97,6426.38,False
XGBoost,0.172,0.893617,0.848485,0.870466,84,10,15,56853,7366.38,2507.97,940.0,3447.97,6426.38,False
XGBoost,0.173,0.893617,0.848485,0.870466,84,10,15,56853,7366.38,2507.97,940.0,3447.97,6426.38,False
XGBoost,0.174,0.893617,0.848485,0.870466,84,10,15,56853,7366.38,2507.97,940.0,3447.97,6426.38,False
XGBoost,0.175,0.893617,0.848485,0.870466,84,10,15,56853,7366.38,2507.97,940.0,3447.97,6426.38,False
XGBoost,0.176,0.893617,0.848485,0.870466,84,10,15,56853,7366.38,2507.97,940.0,3447.97,6426.38,False
XGBoost,0.177,0.893617,0.848485,0.870466,84,10,15,56853,7366.38,2507.97,940.0,3447.97,6426.38,False
XGBoost,0.178,0.893617,0.848485,0.870466,84,10,15,56853,7366.38,2507.97,940.0,3447.97,6426.38,False
XGBoost,0.179,0.893617,0.848485,0.870466,84,10,15,56853,7366.38,2507.97,940.0,3447.97,6426.38,False
XGBoost,0.18,0.893617,0.848485,0.870466,84,10,15,56853,7366.38,2507.97,940.0,3447.97,6426.38,False
XGBoost,0.181,0.893617,0.848485,0.870466,84,10,15,56853,7366.38,2507.97,940.0,3447.97,6426.38,False
XGBoost,0.182,0.893617,0.848485,0.870466,84,10,15,56853,7366.38,2507.97,940.0,3447.97,6426.38,False
XGBoost,0.183,0.893617,0.848485,0.870466,84,10,15,56853,7366.38,2507.97,940.0,3447.97,6426.38,False
XGBoost,0.184,0.893617,0.848485,0.870466,84,10,15,56853,7366.38,2507.97,940.0,3447.97,6426.38,False
XGBoost,0.185,0.893617,0.848485,0.870466,84,10,15,56853,7366.38,2507.97,940.0,3447.97,6426.38,False
XGBoost,0.186,0.893617,0.848485,0.870466,84,10,15,56853,7366.38,2507.97,940.0,3447.97,6426.38,False
XGBoost,0.187,0.893617,0.848485,0.870466,84,10,15,56853,7366.38,2507.97,940.0,3447.97,6426.38,False
XGBoost,0.188,0.893617,0.848485,0.870466,84,10,15,56853,7366.38,2507.97,940.0,3447.97,6426.38,False
XGBoost,0.189,0.893617,0.848485,0.870466,84,10,15,56853,7366.38,2507.97,940.0,3447.97,6426.38,False
XGBoost,0.19,0.893617,0.848485,0.870466,84,10,15,56853,7366.38,2507.97,940.0,3447.97,6426.38,False
XGBoost,0.191,0.893617,0.848485,0.870466,84,10,15,56853,7366.38,2507.97,940.0,3447.97,6426.38,False
XGBoost,0.192,0.893617,0.848485,0.870466,84,10,15,56853,7366.38,2507.97,940.0,3447.97,6426.38,False
XGBoost,0.193,0.893617,0.848485,0.870466,84,10,15,56853,7366.38,2507.97,940.0,3447.97,6426.38,False
XGBoost,0.194,0.893617,0.848485,0.870466,84,10,15,56853,7366.38,2507.97,940.0,3447.97,6426.38,False
XGBoost,0.195,0.893617,0.848485,0.870466,84,10,15,56853,7366.38,2507.97,940.0,3447.97,6426.38,False
XGBoost,0.196,0.893617,0.848485,0.870466,84,10,15,56853,7366.38,2507.97,940.0,3447.97,6426.38,False
XGBoost,0.197,0.893617,0.848485,0.870466,84,10,15,56853,7366.38,2507.97,940.0,3447.97,6426.38,False
XGBoost,0.198,0.893617,0.848485,0.870466,84,10,15,56853,7366.38,2507.97,940.0,3447.97,6426.38,False
XGBoost,0.199,0.893617,0.848485,0.870466,84,10,15,56853,7366.38,2507.97,940.0,3447.97,6426.38,False
XGBoost,0.2,0.893617,0.848485,0.870466,84,10,15,56853,7366.38,2507.97,940.0,3447.97,6426.38,False
XGBoost,0.201,0.893617,0.848485,0.870466,84,10,15,56853,7366.38,2507.97,940.0,3447.97,6426.38,False
XGBoost,0.202,0.893617,0.848485,0.870466,84,10,15,56853,7366.38,2507.97,940.0,3447.97,6426.38,False
XGBoost,0.203,0.893617,0.848485,0.870466,84,10,15,56853,7366.38,2507.97,940.0,3447.97,6426.38,False
XGBoost,0.204,0.893617,0.848485,0.870466,84,10,15,56853,7366.38,2507.97,940.0,3447.97,6426.38,False
XGBoost,0.205,0.893617,0.848485,0.870466,84,10,15,56853,7366.38,2507.97,940.0,3447.97,6426.38,False
XGBoost,0.206,0.893617,0.848485,0.870466,84,10,15,56853,7366.38,2507.97,940.0,3447.97,6426.38,False
XGBoost,0.207,0.893617,0.848485,0.870466,84,10,15,56853,7366.38,2507.97,940.0,3447.97,6426.38,False
XGBoost,0.208,0.893617,0.848485,0.870466,84,10,15,56853,7366.38,2507.97,940.0,3447.97,6426.38,False
XGBoost,0.209,0.893617,0.848485,0.870466,84,10,15,56853,7366.38,2507.97,940.0,3447.97,6426.38,False
XGBoost,0.21,0.893617,0.848485,0.870466,84,10,15,56853,7366.38,2507.97,940.0,3447.97,6426.38,False
XGBoost,0.211,0.893617,0.848485,0.870466,84,10,15,56853,7366.38,2507.97,940.0,3447.97,6426.38,False
XGBoost,0.212,0.893617,0.848485,0.870466,84,10,15,56853,7366.38,2507.97,940.0,3447.97,6426.38,False
XGBoost,0.213,0.893617,0.848485,0.870466,84,10,15,56853,7366.38,2507.97,940.0,3447.97,6426.38,False
XGBoost,0.214,0.893617,0.848485,0.870466,84,10,15,56853,7366.38,2507.97,940.0,3447.97,6426.38,False
XGBoost,0.215,0.893617,0.848485,0.870466,84,10,15,56853,7366.38,2507.97,940.0,3447.97,6426.38,False
XGBoost,0.216,0.893617,0.848485,0.870466,84,10,15,56853,7366.38,2507.97,940.0,3447.97,6426.38,False
XGBoost,0.217,0.893617,0.848485,0.870466,84,10,15,56853,7366.38,2507.97,940.0,3447.97,6426.38,False
XGBoost,0.218,0.893617,0.848485,0.870466,84,10,15,56853,7366.38,2507.97,940.0,3447.97,6426.38,False
XGBoost,0.219,0.893617,0.848485,0.870466,84,10,15,56853,7366.38,2507.97,940.0,3447.97,6426.38,False
XGBoost,0.22,0.893617,0.848485,0.870466,84,10,15,56853,7366.38,2507.97,940.0,3447.97,6426.38,False
XGBoost,0.221,0.893617,0.848485,0.870466,84,10,15,56853,7366.38,2507.97,940.0,3447.97,6426.38,False
XGBoost,0.222,0.893617,0.848485,0.870466,84,10,15,56853,7366.38,2507.97,940.0,3447.97,6426.38,False
XGBoost,0.223,0.893617,0.848485,0.870466,84,10,15,56853,7366.38,2507.97,940.0,3447.97,6426.38,False
XGBoost,0.224,0.893617,0.848485,0.870466,84,10,15,56853,7366.38,2507.97,940.0,3447.97,6426.38,False
XGBoost,0.225,0.893617,0.848485,0.870466,84,10,15,56853,7366.38,2507.97,940.0,3447.97,6426.38,False
XGBoost,0.226,0.893617,0.848485,0.870466,84,10,15,56853,7366.38,2507.97,940.0,3447.97,6426.38,False
XGBoost,0.227,0.893617,0.848485,0.870466,84,10,15,56853,7366.38,2507.97,940.0,3447.97,6426.38,False
XGBoost,0.228,0.893617,0.848485,0.870466,84,10,15,56853,7366.38,2507.97,940.0,3447.97,6426.38,False
XGBoost,0.229,0.893617,0.848485,0.870466,84,10,15,56853,7366.38,2507.97,940.0,3447.97,6426.38,False
XGBoost,0.23,0.893617,0.848485,0.870466,84,10,15,56853,7366.38,2507.97,940.0,3447.97,6426.38,False
XGBoost,0.231,0.893617,0.848485,0.870466,84,10,15,56853,7366.38,2507.97,940.0,3447.97,6426.38,False
XGBoost,0.232,0.893617,0.848485,0.870466,84,10,15,56853,7366.38,2507.97,940.0,3447.97,6426.38,False
XGBoost,0.233,0.893617,0.848485,0.870466,84,10,15,56853,7366.38,2507.97,940.0,3447.97,6426.38,False
XGBoost,0.234,0.893617,0.848485,0.870466,84,10,15,56853,7366.38,2507.97,940.0,3447.97,6426.38,False
XGBoost,0.235,0.893617,0.848485,0.870466,84,10,15,56853,7366.38,2507.97,940.0,3447.97,6426.38,False
XGBoost,0.236,0.893617,0.848485,0.870466,84,10,15,56853,7366.38,2507.97,940.0,3447.97,6426.38,False
XGBoost,0.237,0.893617,0.848485,0.870466,84,10,15,56853,7366.38,2507.97,940.0,3447.97,6426.38,False
XGBoost,0.238,0.893617,0.848485,0.870466,84,10,15,56853,7366.38,2507.97,940.0,3447.97,6426.38,False
XGBoost,0.239,0.893617,0.848485,0.870466,84,10,15,56853,7366.38,2507.97,940.0,3447.97,6426.38,False
XGBoost,0.24,0.893617,0.848485,0.870466,84,10,15,56853,7366.38,2507.97,940.0,3447.97,6426.38,False
XGBoost,0.241,0.893617,0.848485,0.870466,84,10,15,56853,7366.38,2507.97,940.0,3447.97,6426.38,False
XGBoost,0.242,0.893617,0.848485,0.870466,84,10,15,56853,7366.38,2507.97,940.0,3447.97,6426.38,False
XGBoost,0.243,0.893617,0.848485,0.870466,84,10,15,56853,7366.38,2507.97,940.0,3447.97,6426.38,False
XGBoost,0.244,0.893617,0.848485,0.870466,84,10,15,56853,7366.38,2507.97,940.0,3447.97,6426.38,False
XGBoost,0.245,0.893617,0.848485,0.870466,84,10,15,56853,7366.38,2507.97,940.0,3447.97,6426.38,False
XGBoost,0.246,0.893617,0.848485,0.870466,84,10,15,56853,7366.38,2507.97,940.0,3447.97,6426.38,False
XGBoost,0.247,0.893617,0.848485,0.870466,84,10,15,56853,7366.38,2507.97,940.0,3447.97,6426.38,False
XGBoost,0.248,0.893617,0.848485,0.870466,84,10,15,56853,7366.38,2507.97,940.0,3447.97,6426.38,False
XGBoost,0.249,0.893617,0.848485,0.870466,84,10,15,56853,7366.38,2507.97,940.0,3447.97,6426.38,False
XGBoost,0.25,0.893617,0.848485,0.870466,84,10,15,56853,7366.38,2507.97,940.0,3447.97,6426.38,False
XGBoost,0.251,0.893617,0.848485,0.870466,84,10,15,56853,7366.38,2507.97,940.0,3447.97,6426.38,False
XGBoost,0.252,0.893617,0.848485,0.870466,84,10,15,56853,7366.38,2507.97,940.0,3447.97,6426.38,False
XGBoost,0.253,0.893617,0.848485,0.870466,84,10,15,56853,7366.38,2507.97,940.0,3447.97,6426.38,False
XGBoost,0.254,0.893617,0.848485,0.870466,84,10,15,56853,7366.38,2507.97,940.0,3447.97,6426.38,False
XGBoost,0.255,0.893617,0.848485,0.870466,84,10,15,56853,7366.38,2507.97,940.0,3447.97,6426.38,False
XGBoost,0.256,0.893617,0.848485,0.870466,84,10,15,56853,7366.38,2507.97,940.0,3447.97,6426.38,False
XGBoost,0.257,0.893617,0.848485,0.870466,84,10,15,56853,7366.38,2507.97,940.0,3447.97,6426.38,False
XGBoost,0.258,0.893617,0.848485,0.870466,84,10,15,56853,7366.38,2507.97,940.0,3447.97,6426.38,False
XGBoost,0.259,0.893617,0.848485,0.870466,84,10,15,56853,7366.38,2507.97,940.0,3447.97,6426.38,False
XGBoost,0.26,0.893617,0.848485,0.870466,84,10,15,56853,7366.38,2507.97,940.0,3447.97,6426.38,False
XGBoost,0.261,0.893617,0.848485,0.870466,84,10,15,56853,7366.38,2507.97,940.0,3447.97,6426.38,False
XGBoost,0.262,0.893617,0.848485,0.870466,84,10,15,56853,7366.38,2507.97,940.0,3447.97,6426.38,True
XGBoost,0.263,0.893617,0.848485,0.870466,84,10,15,56853,7366.38,2507.97,940.0,3447.97,6426.38,False
XGBoost,0.264,0.893617,0.848485,0.870466,84,10,15,56853,7366.38,2507.97,940.0,3447.97,6426.38,False
XGBoost,0.265,0.893617,0.848485,0.870466,84,10,15,56853,7366.38,2507.97,940.0,3447.97,6426.38,False
XGBoost,0.266,0.893617,0.848485,0.870466,84,10,15,56853,7366.38,2507.97,940.0,3447.97,6426.38,False
XGBoost,0.267,0.893617,0.848485,0.870466,84,10,15,56853,7366.38,2507.97,940.0,3447.97,6426.38,False
XGBoost,0.268,0.893617,0.848485,0.870466,84,10,15,56853,7366.38,2507.97,940.0,3447.97,6426.38,False
XGBoost,0.269,0.893617,0.848485,0.870466,84,10,15,56853,7366.38,2507.97,940.0,3447.97,6426.38,False
XGBoost,0.27,0.893617,0.848485,0.870466,84,10,15,56853,7366.38,2507.97,940.0,3447.97,6426.38,False
XGBoost,0.271,0.893617,0.848485,0.870466,84,10,15,56853,7366.38,2507.97,940.0,3447.97,6426.38,False
XGBoost,0.272,0.893617,0.848485,0.870466,84,10,15,56853,7366.38,2507.97,940.0,3447.97,6426.38,False
XGBoost,0.273,0.893617,0.848485,0.870466,84,10,15,56853,7366.38,2507.97,940.0,3447.97,6426.38,False
XGBoost,0.274,0.893617,0.848485,0.870466,84,10,15,56853,7366.38,2507.97,940.0,3447.97,6426.38,False
XGBoost,0.275,0.893617,0.848485,0.870466,84,10,15,56853,7366.38,2507.97,940.0,3447.97,6426.38,False
XGBoost,0.276,0.892473,0.838384,0.864583,83,10,16,56853,7347.34,2527.01,930.0,3457.01,6417.34,False
XGBoost,0.277,0.892473,0.838384,0.864583,83,10,16,56853,7347.34,2527.01,930.0,3457.01,6417.34,False
XGBoost,0.278,0.892473,0.838384,0.864583,83,10,16,56853,7347.34,2527.01,930.0,3457.01,6417.34,False
XGBoost,0.279,0.892473,0.838384,0.864583,83,10,16,56853,7347.34,2527.01,930.0,3457.01,6417.34,False
XGBoost,0.28,0.892473,0.838384,0.864583,83,10,16,56853,7347.34,2527.01,930.0,3457.01,6417.34,False
XGBoost,0.281,0.892473,0.838384,0.864583,83,10,16,56853,7347.34,2527.01,930.0,3457.01,6417.34,False
XGBoost,0.282,0.892473,0.838384,0.864583,83,10,16,56853,7347.34,2527.01,930.0,3457.01,6417.34,False
XGBoost,0.283,0.892473,0.838384,0.864583,83,10,16,56853,7347.34,2527.01,930.0,3457.01,6417.34,False
XGBoost,0.284,0.892473,0.838384,0.864583,83,10,16,56853,7347.34,2527.01,930.0,3457.01,6417.34,False
XGBoost,0.285,0.892473,0.838384,0.864583,83,10,16,56853,7347.34,2527.01,930.0,3457.01,6417.34,False
XGBoost,0.286,0.892473,0.838384,0.864583,83,10,16,56853,7347.34,2527.01,930.0,3457.01,6417.34,False
XGBoost,0.287,0.892473,0.838384,0.864583,83,10,16,56853,7347.34,2527.01,930.0,3457.01,6417.34,False
XGBoost,0.288,0.892473,0.838384,0.864583,83,10,16,56853,7347.34,2527.01,930.0,3457.01,6417.34,False
XGBoost,0.289,0.892473,0.838384,0.864583,83,10,16,56853,7347.34,2527.01,930.0,3457.01,6417.34,False
XGBoost,0.29,0.892473,0.838384,0.864583,83,10,16,56853,7347.34,2527.01,930.0,3457.01,6417.34,False
XGBoost,0.291,0.902174,0.838384,0.86911,83,9,16,56854,7347.34,2527.01,920.0,3447.01,6427.34,False
XGBoost,0.292,0.902174,0.838384,0.86911,83,9,16,56854,7347.34,2527.01,920.0,3447.01,6427.34,False
XGBoost,0.293,0.902174,0.838384,0.86911,83,9,16,56854,7347.34,2527.01,920.0,3447.01,6427.34,False
XGBoost,0.294,0.902174,0.838384,0.86911,83,9,16,56854,7347.34,2527.01,920.0,3447.01,6427.34,False
XGBoost,0.295,0.902174,0.838384,0.86911,83,9,16,56854,7347.34,2527.01,920.0,3447.01,6427.34,False
XGBoost,0.296,0.902174,0.838384,0.86911,83,9,16,56854,7347.34,2527.01,920.0,3447.01,6427.34,False
XGBoost,0.297,0.902174,0.838384,0.86911,83,9,16,56854,7347.34,2527.01,920.0,3447.01,6427.34,False
XGBoost,0.298,0.902174,0.838384,0.86911,83,9,16,56854,7347.34,2527.01,920.0,3447.01,6427.34,False
XGBoost,0.299,0.902174,0.838384,0.86911,83,9,16,56854,7347.34,2527.01,920.0,3447.01,6427.34,False
XGBoost,0.3,0.902174,0.838384,0.86911,83,9,16,56854,7347.34,2527.01,920.0,3447.01,6427.34,False
XGBoost,0.301,0.902174,0.838384,0.86911,83,9,16,56854,7347.34,2527.01,920.0,3447.01,6427.34,False
XGBoost,0.302,0.902174,0.838384,0.86911,83,9,16,56854,7347.34,2527.01,920.0,3447.01,6427.34,False
XGBoost,0.303,0.902174,0.838384,0.86911,83,9,16,56854,7347.34,2527.01,920.0,3447.01,6427.34,False
XGBoost,0.304,0.902174,0.838384,0.86911,83,9,16,56854,7347.34,2527.01,920.0,3447.01,6427.34,False
XGBoost,0.305,0.902174,0.838384,0.86911,83,9,16,56854,7347.34,2527.01,920.0,3447.01,6427.34,False
XGBoost,0.306,0.902174,0.838384,0.86911,83,9,16,56854,7347.34,2527.01,920.0,3447.01,6427.34,False
XGBoost,0.307,0.902174,0.838384,0.86911,83,9,16,56854,7347.34,2527.01,920.0,3447.01,6427.34,False
XGBoost,0.308,0.902174,0.838384,0.86911,83,9,16,56854,7347.34,2527.01,920.0,3447.01,6427.34,False
XGBoost,0.309,0.902174,0.838384,0.86911,83,9,16,56854,7347.34,2527.01,920.0,3447.01,6427.34,False
XGBoost,0.31,0.902174,0.838384,0.86911,83,9,16,56854,7347.34,2527.01,920.0,3447.01,6427.34,False
XGBoost,0.311,0.902174,0.838384,0.86911,83,9,16,56854,7347.34,2527.01,920.0,3447.01,6427.34,False
XGBoost,0.312,0.902174,0.838384,0.86911,83,9,16,56854,7347.34,2527.01,920.0,3447.01,6427.34,False
XGBoost,0.313,0.902174,0.838384,0.86911,83,9,16,56854,7347.34,2527.01,920.0,3447.01,6427.34,False
XGBoost,0.314,0.902174,0.838384,0.86911,83,9,16,56854,7347.34,2527.01,920.0,3447.01,6427.34,False
XGBoost,0.315,0.902174,0.838384,0.86911,83,9,16,56854,7347.34,2527.01,920.0,3447.01,6427.34,False
XGBoost,0.316,0.902174,0.838384,0.86911,83,9,16,56854,7347.34,2527.01,920.0,3447.01,6427.34,False
XGBoost,0.317,0.902174,0.838384,0.86911,83,9,16,56854,7347.34,2527.01,920.0,3447.01,6427.34,False
XGBoost,0.318,0.902174,0.838384,0.86911,83,9,16,56854,7347.34,2527.01,920.0,3447.01,6427.34,False
XGBoost,0.319,0.902174,0.838384,0.86911,83,9,16,56854,7347.34,2527.01,920.0,3447.01,6427.34,False
XGBoost,0.32,0.902174,0.838384,0.86911,83,9,16,56854,7347.34,2527.01,920.0,3447.01,6427.34,False
XGBoost,0.321,0.902174,0.838384,0.86911,83,9,16,56854,7347.34,2527.01,920.0,3447.01,6427.34,False
XGBoost,0.322,0.902174,0.838384,0.86911,83,9,16,56854,7347.34,2527.01,920.0,3447.01,6427.34,False
XGBoost,0.323,0.902174,0.838384,0.86911,83,9,16,56854,7347.34,2527.01,920.0,3447.01,6427.34,False
XGBoost,0.324,0.902174,0.838384,0.86911,83,9,16,56854,7347.34,2527.01,920.0,3447.01,6427.34,False
XGBoost,0.325,0.902174,0.838384,0.86911,83,9,16,56854,7347.34,2527.01,920.0,3447.01,6427.34,False
XGBoost,0.326,0.902174,0.838384,0.86911,83,9,16,56854,7347.34,2527.01,920.0,3447.01,6427.34,False
XGBoost,0.327,0.902174,0.838384,0.86911,83,9,16,56854,7347.34,2527.01,920.0,3447.01,6427.34,False
XGBoost,0.328,0.902174,0.838384,0.86911,83,9,16,56854,7347.34,2527.01,920.0,3447.01,6427.34,False
XGBoost,0.329,0.902174,0.838384,0.86911,83,9,16,56854,7347.34,2527.01,920.0,3447.01,6427.34,False
XGBoost,0.33,0.912088,0.838384,0.873684,83,8,16,56855,7347.34,2527.01,910.0,3437.01,6437.34,False
XGBoost,0.331,0.912088,0.838384,0.873684,83,8,16,56855,7347.34,2527.01,910.0,3437.01,6437.34,False
XGBoost,0.332,0.912088,0.838384,0.873684,83,8,16,56855,7347.34,2527.01,910.0,3437.01,6437.34,False
XGBoost,0.333,0.912088,0.838384,0.873684,83,8,16,56855,7347.34,2527.01,910.0,3437.01,6437.34,False
XGBoost,0.334,0.912088,0.838384,0.873684,83,8,16,56855,7347.34,2527.01,910.0,3437.01,6437.34,False
XGBoost,0.335,0.912088,0.838384,0.873684,83,8,16,56855,7347.34,2527.01,910.0,3437.01,6437.34,False
XGBoost,0.336,0.912088,0.838384,0.873684,83,8,16,56855,7347.34,2527.01,910.0,3437.01,6437.34,False
XGBoost,0.337,0.912088,0.838384,0.873684,83,8,16,56855,7347.34,2527.01,910.0,3437.01,6437.34,False
XGBoost,0.338,0.911111,0.828283,0.867725,82,8,17,56855,7167.68,2706.67,900.0,3606.67,6267.68,False
XGBoost,0.339,0.911111,0.828283,0.867725,82,8,17,56855,7167.68,2706.67,900.0,3606.67,6267.68,False
XGBoost,0.34,0.911111,0.828283,0.867725,82,8,17,56855,7167.68,2706.67,900.0,3606.67,6267.68,False
XGBoost,0.341,0.911111,0.828283,0.867725,82,8,17,56855,7167.68,2706.67,900.0,3606.67,6267.68,False
XGBoost,0.342,0.911111,0.828283,0.867725,82,8,17,56855,7167.68,2706.67,900.0,3606.67,6267.68,False
XGBoost,0.343,0.911111,0.828283,0.867725,82,8,17,56855,7167.68,2706.67,900.0,3606.67,6267.68,False
XGBoost,0.344,0.911111,0.828283,0.867725,82,8,17,56855,7167.68,2706.67,900.0,3606.67,6267.68,False
XGBoost,0.345,0.911111,0.828283,0.867725,82,8,17,56855,7167.68,2706.67,900.0,3606.67,6267.68,False
XGBoost,0.346,0.911111,0.828283,0.867725,82,8,17,56855,7167.68,2706.67,900.0,3606.67,6267.68,False
XGBoost,0.347,0.911111,0.828283,0.867725,82,8,17,56855,7167.68,2706.67,900.0,3606.67,6267.68,False
XGBoost,0.348,0.911111,0.828283,0.867725,82,8,17,56855,7167.68,2706.67,900.0,3606.67,6267.68,False
XGBoost,0.349,0.921348,0.828283,0.87234,82,7,17,56856,7167.68,2706.67,890.0,3596.67,6277.68,False
XGBoost,0.35,0.921348,0.828283,0.87234,82,7,17,56856,7167.68,2706.67,890.0,3596.67,6277.68,False
XGBoost,0.351,0.921348,0.828283,0.87234,82,7,17,56856,7167.68,2706.67,890.0,3596.67,6277.68,False
XGBoost,0.352,0.921348,0.828283,0.87234,82,7,17,56856,7167.68,2706.67,890.0,3596.67,6277.68,False
XGBoost,0.353,0.921348,0.828283,0.87234,82,7,17,56856,7167.68,2706.67,890.0,3596.67,6277.68,False
XGBoost,0.354,0.921348,0.828283,0.87234,82,7,17,56856,7167.68,2706.67,890.0,3596.67,6277.68,False
XGBoost,0.355,0.921348,0.828283,0.87234,82,7,17,56856,7167.68,2706.67,890.0,3596.67,6277.68,False
XGBoost,0.356,0.921348,0.828283,0.87234,82,7,17,56856,7167.68,2706.67,890.0,3596.67,6277.68,False
XGBoost,0.357,0.921348,0.828283,0.87234,82,7,17,56856,7167.68,2706.67,890.0,3596.67,6277.68,False
XGBoost,0.358,0.921348,0.828283,0.87234,82,7,17,56856,7167.68,2706.67,890.0,3596.67,6277.68,False
XGBoost,0.359,0.921348,0.828283,0.87234,82,7,17,56856,7167.68,2706.67,890.0,3596.67,6277.68,False
XGBoost,0.36,0.921348,0.828283,0.87234,82,7,17,56856,7167.68,2706.67,890.0,3596.67,6277.68,False
XGBoost,0.361,0.921348,0.828283,0.87234,82,7,17,56856,7167.68,2706.67,890.0,3596.67,6277.68,False
XGBoost,0.362,0.921348,0.828283,0.87234,82,7,17,56856,7167.68,2706.67,890.0,3596.67,6277.68,False
XGBoost,0.363,0.921348,0.828283,0.87234,82,7,17,56856,7167.68,2706.67,890.0,3596.67,6277.68,False
XGBoost,0.364,0.921348,0.828283,0.87234,82,7,17,56856,7167.68,2706.67,890.0,3596.67,6277.68,False
XGBoost,0.365,0.921348,0.828283,0.87234,82,7,17,56856,7167.68,2706.67,890.0,3596.67,6277.68,False
XGBoost,0.366,0.921348,0.828283,0.87234,82,7,17,56856,7167.68,2706.67,890.0,3596.67,6277.68,False
XGBoost,0.367,0.921348,0.828283,0.87234,82,7,17,56856,7167.68,2706.67,890.0,3596.67,6277.68,False
XGBoost,0.368,0.921348,0.828283,0.87234,82,7,17,56856,7167.68,2706.67,890.0,3596.67,6277.68,False
XGBoost,0.369,0.921348,0.828283,0.87234,82,7,17,56856,7167.68,2706.67,890.0,3596.67,6277.68,False
XGBoost,0.37,0.921348,0.828283,0.87234,82,7,17,56856,7167.68,2706.67,890.0,3596.67,6277.68,False
XGBoost,0.371,0.921348,0.828283,0.87234,82,7,17,56856,7167.68,2706.67,890.0,3596.67,6277.68,False
XGBoost,0.372,0.921348,0.828283,0.87234,82,7,17,56856,7167.68,2706.67,890.0,3596.67,6277.68,False
XGBoost,0.373,0.921348,0.828283,0.87234,82,7,17,56856,7167.68,2706.67,890.0,3596.67,6277.68,False
XGBoost,0.374,0.921348,0.828283,0.87234,82,7,17,56856,7167.68,2706.67,890.0,3596.67,6277.68,False
XGBoost,0.375,0.921348,0.828283,0.87234,82,7,17,56856,7167.68,2706.67,890.0,3596.67,6277.68,False
XGBoost,0.376,0.921348,0.828283,0.87234,82,7,17,56856,7167.68,2706.67,890.0,3596.67,6277.68,False
XGBoost,0.377,0.921348,0.828283,0.87234,82,7,17,56856,7167.68,2706.67,890.0,3596.67,6277.68,False
XGBoost,0.378,0.921348,0.828283,0.87234,82,7,17,56856,7167.68,2706.67,890.0,3596.67,6277.68,False
XGBoost,0.379,0.921348,0.828283,0.87234,82,7,17,56856,7167.68,2706.67,890.0,3596.67,6277.68,False
XGBoost,0.38,0.921348,0.828283,0.87234,82,7,17,56856,7167.68,2706.67,890.0,3596.67,6277.68,False
XGBoost,0.381,0.921348,0.828283,0.87234,82,7,17,56856,7167.68,2706.67,890.0,3596.67,6277.68,False
XGBoost,0.382,0.921348,0.828283,0.87234,82,7,17,56856,7167.68,2706.67,890.0,3596.67,6277.68,False
XGBoost,0.383,0.921348,0.828283,0.87234,82,7,17,56856,7167.68,2706.67,890.0,3596.67,6277.68,False
XGBoost,0.384,0.921348,0.828283,0.87234,82,7,17,56856,7167.68,2706.67,890.0,3596.67,6277.68,False
XGBoost,0.385,0.921348,0.828283,0.87234,82,7,17,56856,7167.68,2706.67,890.0,3596.67,6277.68,False
XGBoost,0.386,0.921348,0.828283,0.87234,82,7,17,56856,7167.68,2706.67,890.0,3596.67,6277.68,False
XGBoost,0.387,0.921348,0.828283,0.87234,82,7,17,56856,7167.68,2706.67,890.0,3596.67,6277.68,False
XGBoost,0.388,0.921348,0.828283,0.87234,82,7,17,56856,7167.68,2706.67,890.0,3596.67,6277.68,False
XGBoost,0.389,0.921348,0.828283,0.87234,82,7,17,56856,7167.68,2706.67,890.0,3596.67,6277.68,False
XGBoost,0.39,0.921348,0.828283,0.87234,82,7,17,56856,7167.68,2706.67,890.0,3596.67,6277.68,False
XGBoost,0.391,0.921348,0.828283,0.87234,82,7,17,56856,7167.68,2706.67,890.0,3596.67,6277.68,False
XGBoost,0.392,0.921348,0.828283,0.87234,82,7,17,56856,7167.68,2706.67,890.0,3596.67,6277.68,False
XGBoost,0.393,0.921348,0.828283,0.87234,82,7,17,56856,7167.68,2706.67,890.0,3596.67,6277.68,False
XGBoost,0.394,0.921348,0.828283,0.87234,82,7,17,56856,7167.68,2706.67,890.0,3596.67,6277.68,False
XGBoost,0.395,0.921348,0.828283,0.87234,82,7,17,56856,7167.68,2706.67,890.0,3596.67,6277.68,False
XGBoost,0.396,0.921348,0.828283,0.87234,82,7,17,56856,7167.68,2706.67,890.0,3596.67,6277.68,False
XGBoost,0.397,0.921348,0.828283,0.87234,82,7,17,56856,7167.68,2706.67,890.0,3596.67,6277.68,False
XGBoost,0.398,0.921348,0.828283,0.87234,82,7,17,56856,7167.68,2706.67,890.0,3596.67,6277.68,False
XGBoost,0.399,0.921348,0.828283,0.87234,82,7,17,56856,7167.68,2706.67,890.0,3596.67,6277.68,False
XGBoost,0.4,0.921348,0.828283,0.87234,82,7,17,56856,7167.68,2706.67,890.0,3596.67,6277.68,False
XGBoost,0.401,0.921348,0.828283,0.87234,82,7,17,56856,7167.68,2706.67,890.0,3596.67,6277.68,False
XGBoost,0.402,0.921348,0.828283,0.87234,82,7,17,56856,7167.68,2706.67,890.0,3596.67,6277.68,False
XGBoost,0.403,0.921348,0.828283,0.87234,82,7,17,56856,7167.68,2706.67,890.0,3596.67,6277.68,False
XGBoost,0.404,0.921348,0.828283,0.87234,82,7,17,56856,7167.68,2706.67,890.0,3596.67,6277.68,False
XGBoost,0.405,0.921348,0.828283,0.87234,82,7,17,56856,7167.68,2706.67,890.0,3596.67,6277.68,False
XGBoost,0.406,0.931818,0.828283,0.877005,82,6,17,56857,7167.68,2706.67,880.0,3586.67,6287.68,False
XGBoost,0.407,0.931818,0.828283,0.877005,82,6,17,56857,7167.68,2706.67,880.0,3586.67,6287.68,False
XGBoost,0.408,0.931818,0.828283,0.877005,82,6,17,56857,7167.68,2706.67,880.0,3586.67,6287.68,False
XGBoost,0.409,0.931818,0.828283,0.877005,82,6,17,56857,7167.68,2706.67,880.0,3586.67,6287.68,False
XGBoost,0.41,0.931818,0.828283,0.877005,82,6,17,56857,7167.68,2706.67,880.0,3586.67,6287.68,False
XGBoost,0.411,0.931818,0.828283,0.877005,82,6,17,56857,7167.68,2706.67,880.0,3586.67,6287.68,False
XGBoost,0.412,0.931818,0.828283,0.877005,82,6,17,56857,7167.68,2706.67,880.0,3586.67,6287.68,False
XGBoost,0.413,0.931818,0.828283,0.877005,82,6,17,56857,7167.68,2706.67,880.0,3586.67,6287.68,False
XGBoost,0.414,0.931818,0.828283,0.877005,82,6,17,56857,7167.68,2706.67,880.0,3586.67,6287.68,False
XGBoost,0.415,0.931818,0.828283,0.877005,82,6,17,56857,7167.68,2706.67,880.0,3586.67,6287.68,False
XGBoost,0.416,0.931818,0.828283,0.877005,82,6,17,56857,7167.68,2706.67,880.0,3586.67,6287.68,False
XGBoost,0.417,0.931818,0.828283,0.877005,82,6,17,56857,7167.68,2706.67,880.0,3586.67,6287.68,False
XGBoost,0.418,0.931818,0.828283,0.877005,82,6,17,56857,7167.68,2706.67,880.0,3586.67,6287.68,False
XGBoost,0.419,0.931818,0.828283,0.877005,82,6,17,56857,7167.68,2706.67,880.0,3586.67,6287.68,False
XGBoost,0.42,0.931818,0.828283,0.877005,82,6,17,56857,7167.68,2706.67,880.0,3586.67,6287.68,False
XGBoost,0.421,0.931818,0.828283,0.877005,82,6,17,56857,7167.68,2706.67,880.0,3586.67,6287.68,False
XGBoost,0.422,0.931034,0.818182,0.870968,81,6,18,56857,7156.29,2718.06,870.0,3588.06,6286.29,False
XGBoost,0.423,0.931034,0.818182,0.870968,81,6,18,56857,7156.29,2718.06,870.0,3588.06,6286.29,False
XGBoost,0.424,0.931034,0.818182,0.870968,81,6,18,56857,7156.29,2718.06,870.0,3588.06,6286.29,False
XGBoost,0.425,0.931034,0.818182,0.870968,81,6,18,56857,7156.29,2718.06,870.0,3588.06,6286.29,False
XGBoost,0.426,0.931034,0.818182,0.870968,81,6,18,56857,7156.29,2718.06,870.0,3588.06,6286.29,False
XGBoost,0.427,0.931034,0.818182,0.870968,81,6,18,56857,7156.29,2718.06,870.0,3588.06,6286.29,False
XGBoost,0.428,0.931034,0.818182,0.870968,81,6,18,56857,7156.29,2718.06,870.0,3588.06,6286.29,False
XGBoost,0.429,0.931034,0.818182,0.870968,81,6,18,56857,7156.29,2718.06,870.0,3588.06,6286.29,False
XGBoost,0.43,0.931034,0.818182,0.870968,81,6,18,56857,7156.29,2718.06,870.0,3588.06,6286.29,False
XGBoost,0.431,0.931034,0.818182,0.870968,81,6,18,56857,7156.29,2718.06,870.0,3588.06,6286.29,False
XGBoost,0.432,0.931034,0.818182,0.870968,81,6,18,56857,7156.29,2718.06,870.0,3588.06,6286.29,False
XGBoost,0.433,0.931034,0.818182,0.870968,81,6,18,56857,7156.29,2718.06,870.0,3588.06,6286.29,False
XGBoost,0.434,0.931034,0.818182,0.870968,81,6,18,56857,7156.29,2718.06,870.0,3588.06,6286.29,False
XGBoost,0.435,0.931034,0.818182,0.870968,81,6,18,56857,7156.29,2718.06,870.0,3588.06,6286.29,False
XGBoost,0.436,0.931034,0.818182,0.870968,81,6,18,56857,7156.29,2718.06,870.0,3588.06,6286.29,False
XGBoost,0.437,0.931034,0.818182,0.870968,81,6,18,56857,7156.29,2718.06,870.0,3588.06,6286.29,False
XGBoost,0.438,0.931034,0.818182,0.870968,81,6,18,56857,7156.29,2718.06,870.0,3588.06,6286.29,False
XGBoost,0.439,0.931034,0.818182,0.870968,81,6,18,56857,7156.29,2718.06,870.0,3588.06,6286.29,False
XGBoost,0.44,0.931034,0.818182,0.870968,81,6,18,56857,7156.29,2718.06,870.0,3588.06,6286.29,False
XGBoost,0.441,0.931034,0.818182,0.870968,81,6,18,56857,7156.29,2718.06,870.0,3588.06,6286.29,False
XGBoost,0.442,0.931034,0.818182,0.870968,81,6,18,56857,7156.29,2718.06,870.0,3588.06,6286.29,False
XGBoost,0.443,0.931034,0.818182,0.870968,81,6,18,56857,7156.29,2718.06,870.0,3588.06,6286.29,False
XGBoost,0.444,0.931034,0.818182,0.870968,81,6,18,56857,7156.29,2718.06,870.0,3588.06,6286.29,False
XGBoost,0.445,0.931034,0.818182,0.870968,81,6,18,56857,7156.29,2718.06,870.0,3588.06,6286.29,False
XGBoost,0.446,0.931034,0.818182,0.870968,81,6,18,56857,7156.29,2718.06,870.0,3588.06,6286.29,False
XGBoost,0.447,0.931034,0.818182,0.870968,81,6,18,56857,7156.29,2718.06,870.0,3588.06,6286.29,False
XGBoost,0.448,0.931034,0.818182,0.870968,81,6,18,56857,7156.29,2718.06,870.0,3588.06,6286.29,False
XGBoost,0.449,0.931034,0.818182,0.870968,81,6,18,56857,7156.29,2718.06,870.0,3588.06,6286.29,False
XGBoost,0.45,0.931034,0.818182,0.870968,81,6,18,56857,7156.29,2718.06,870.0,3588.06,6286.29,False
XGBoost,0.451,0.931034,0.818182,0.870968,81,6,18,56857,7156.29,2718.06,870.0,3588.06,6286.29,False
XGBoost,0.452,0.931034,0.818182,0.870968,81,6,18,56857,7156.29,2718.06,870.0,3588.06,6286.29,False
XGBoost,0.453,0.931034,0.818182,0.870968,81,6,18,56857,7156.29,2718.06,870.0,3588.06,6286.29,False
XGBoost,0.454,0.931034,0.818182,0.870968,81,6,18,56857,7156.29,2718.06,870.0,3588.06,6286.29,False
XGBoost,0.455,0.931034,0.818182,0.870968,81,6,18,56857,7156.29,2718.06,870.0,3588.06,6286.29,False
XGBoost,0.456,0.931034,0.818182,0.870968,81,6,18,56857,7156.29,2718.06,870.0,3588.06,6286.29,False
XGBoost,0.457,0.931034,0.818182,0.870968,81,6,18,56857,7156.29,2718.06,870.0,3588.06,6286.29,False
XGBoost,0.458,0.931034,0.818182,0.870968,81,6,18,56857,7156.29,2718.06,870.0,3588.06,6286.29,False
XGBoost,0.459,0.931034,0.818182,0.870968,81,6,18,56857,7156.29,2718.06,870.0,3588.06,6286.29,False
XGBoost,0.46,0.931034,0.818182,0.870968,81,6,18,56857,7156.29,2718.06,870.0,3588.06,6286.29,False
XGBoost,0.461,0.931034,0.818182,0.870968,81,6,18,56857,7156.29,2718.06,870.0,3588.06,6286.29,False
XGBoost,0.462,0.931034,0.818182,0.870968,81,6,18,56857,7156.29,2718.06,870.0,3588.06,6286.29,False
XGBoost,0.463,0.931034,0.818182,0.870968,81,6,18,56857,7156.29,2718.06,870.0,3588.06,6286.29,False
XGBoost,0.464,0.931034,0.818182,0.870968,81,6,18,56857,7156.29,2718.06,870.0,3588.06,6286.29,False
XGBoost,0.465,0.931034,0.818182,0.870968,81,6,18,56857,7156.29,2718.06,870.0,3588.06,6286.29,False
XGBoost,0.466,0.931034,0.818182,0.870968,81,6,18,56857,7156.29,2718.06,870.0,3588.06,6286.29,False
XGBoost,0.467,0.931034,0.818182,0.870968,81,6,18,56857,7156.29,2718.06,870.0,3588.06,6286.29,False
XGBoost,0.468,0.931034,0.818182,0.870968,81,6,18,56857,7156.29,2718.06,870.0,3588.06,6286.29,False
XGBoost,0.469,0.931034,0.818182,0.870968,81,6,18,56857,7156.29,2718.06,870.0,3588.06,6286.29,False
XGBoost,0.47,0.931034,0.818182,0.870968,81,6,18,56857,7156.29,2718.06,870.0,3588.06,6286.29,False
XGBoost,0.471,0.931034,0.818182,0.870968,81,6,18,56857,7156.29,2718.06,870.0,3588.06,6286.29,False
XGBoost,0.472,0.931034,0.818182,0.870968,81,6,18,56857,7156.29,2718.06,870.0,3588.06,6286.29,False
XGBoost,0.473,0.931034,0.818182,0.870968,81,6,18,56857,7156.29,2718.06,870.0,3588.06,6286.29,False
XGBoost,0.474,0.931034,0.818182,0.870968,81,6,18,56857,7156.29,2718.06,870.0,3588.06,6286.29,False
XGBoost,0.475,0.931034,0.818182,0.870968,81,6,18,56857,7156.29,2718.06,870.0,3588.06,6286.29,False
XGBoost,0.476,0.931034,0.818182,0.870968,81,6,18,56857,7156.29,2718.06,870.0,3588.06,6286.29,False
XGBoost,0.477,0.931034,0.818182,0.870968,81,6,18,56857,7156.29,2718.06,870.0,3588.06,6286.29,False
XGBoost,0.478,0.931034,0.818182,0.870968,81,6,18,56857,7156.29,2718.06,870.0,3588.06,6286.29,False
XGBoost,0.479,0.931034,0.818182,0.870968,81,6,18,56857,7156.29,2718.06,870.0,3588.06,6286.29,False
XGBoost,0.48,0.931034,0.818182,0.870968,81,6,18,56857,7156.29,2718.06,870.0,3588.06,6286.29,False
XGBoost,0.481,0.931034,0.818182,0.870968,81,6,18,56857,7156.29,2718.06,870.0,3588.06,6286.29,False
XGBoost,0.482,0.931034,0.818182,0.870968,81,6,18,56857,7156.29,2718.06,870.0,3588.06,6286.29,False
XGBoost,0.483,0.931034,0.818182,0.870968,81,6,18,56857,7156.29,2718.06,870.0,3588.06,6286.29,False
XGBoost,0.484,0.931034,0.818182,0.870968,81,6,18,56857,7156.29,2718.06,870.0,3588.06,6286.29,False
XGBoost,0.485,0.931034,0.818182,0.870968,81,6,18,56857,7156.29,2718.06,870.0,3588.06,6286.29,False
XGBoost,0.486,0.931034,0.818182,0.870968,81,6,18,56857,7156.29,2718.06,870.0,3588.06,6286.29,False
XGBoost,0.487,0.931034,0.818182,0.870968,81,6,18,56857,7156.29,2718.06,870.0,3588.06,6286.29,False
XGBoost,0.488,0.931034,0.818182,0.870968,81,6,18,56857,7156.29,2718.06,870.0,3588.06,6286.29,False
XGBoost,0.489,0.931034,0.818182,0.870968,81,6,18,56857,7156.29,2718.06,870.0,3588.06,6286.29,False
XGBoost,0.49,0.931034,0.818182,0.870968,81,6,18,56857,7156.29,2718.06,870.0,3588.06,6286.29,False
XGBoost,0.491,0.931034,0.818182,0.870968,81,6,18,56857,7156.29,2718.06,870.0,3588.06,6286.29,False
XGBoost,0.492,0.931034,0.818182,0.870968,81,6,18,56857,7156.29,2718.06,870.0,3588.06,6286.29,False
XGBoost,0.493,0.931034,0.818182,0.870968,81,6,18,56857,7156.29,2718.06,870.0,3588.06,6286.29,False
XGBoost,0.494,0.931034,0.818182,0.870968,81,6,18,56857,7156.29,2718.06,870.0,3588.06,6286.29,False
XGBoost,0.495,0.931034,0.818182,0.870968,81,6,18,56857,7156.29,2718.06,870.0,3588.06,6286.29,False
XGBoost,0.496,0.931034,0.818182,0.870968,81,6,18,56857,7156.29,2718.06,870.0,3588.06,6286.29,False
XGBoost,0.497,0.931034,0.818182,0.870968,81,6,18,56857,7156.29,2718.06,870.0,3588.06,6286.29,False
XGBoost,0.498,0.931034,0.818182,0.870968,81,6,18,56857,7156.29,2718.06,870.0,3588.06,6286.29,False
XGBoost,0.499,0.931034,0.818182,0.870968,81,6,18,56857,7156.29,2718.06,870.0,3588.06,6286.29,False
XGBoost,0.5,0.931034,0.818182,0.870968,81,6,18,56857,7156.29,2718.06,870.0,3588.06,6286.29,False
XGBoost,0.501,0.931034,0.818182,0.870968,81,6,18,56857,7156.29,2718.06,870.0,3588.06,6286.29,False
XGBoost,0.502,0.931034,0.818182,0.870968,81,6,18,56857,7156.29,2718.06,870.0,3588.06,6286.29,False
XGBoost,0.503,0.931034,0.818182,0.870968,81,6,18,56857,7156.29,2718.06,870.0,3588.06,6286.29,False
XGBoost,0.504,0.931034,0.818182,0.870968,81,6,18,56857,7156.29,2718.06,870.0,3588.06,6286.29,False
XGBoost,0.505,0.931034,0.818182,0.870968,81,6,18,56857,7156.29,2718.06,870.0,3588.06,6286.29,False
XGBoost,0.506,0.931034,0.818182,0.870968,81,6,18,56857,7156.29,2718.06,870.0,3588.06,6286.29,False
XGBoost,0.507,0.931034,0.818182,0.870968,81,6,18,56857,7156.29,2718.06,870.0,3588.06,6286.29,False
XGBoost,0.508,0.931034,0.818182,0.870968,81,6,18,56857,7156.29,2718.06,870.0,3588.06,6286.29,False
XGBoost,0.509,0.931034,0.818182,0.870968,81,6,18,56857,7156.29,2718.06,870.0,3588.06,6286.29,False
XGBoost,0.51,0.931034,0.818182,0.870968,81,6,18,56857,7156.29,2718.06,870.0,3588.06,6286.29,False
XGBoost,0.511,0.931034,0.818182,0.870968,81,6,18,56857,7156.29,2718.06,870.0,3588.06,6286.29,False
XGBoost,0.512,0.931034,0.818182,0.870968,81,6,18,56857,7156.29,2718.06,870.0,3588.06,6286.29,False
XGBoost,0.513,0.931034,0.818182,0.870968,81,6,18,56857,7156.29,2718.06,870.0,3588.06,6286.29,False
XGBoost,0.514,0.931034,0.818182,0.870968,81,6,18,56857,7156.29,2718.06,870.0,3588.06,6286.29,False
XGBoost,0.515,0.931034,0.818182,0.870968,81,6,18,56857,7156.29,2718.06,870.0,3588.06,6286.29,False
XGBoost,0.516,0.931034,0.818182,0.870968,81,6,18,56857,7156.29,2718.06,870.0,3588.06,6286.29,False
XGBoost,0.517,0.931034,0.818182,0.870968,81,6,18,56857,7156.29,2718.06,870.0,3588.06,6286.29,False
XGBoost,0.518,0.931034,0.818182,0.870968,81,6,18,56857,7156.29,2718.06,870.0,3588.06,6286.29,False
XGBoost,0.519,0.931034,0.818182,0.870968,81,6,18,56857,7156.29,2718.06,870.0,3588.06,6286.29,False
XGBoost,0.52,0.931034,0.818182,0.870968,81,6,18,56857,7156.29,2718.06,870.0,3588.06,6286.29,False
XGBoost,0.521,0.931034,0.818182,0.870968,81,6,18,56857,7156.29,2718.06,870.0,3588.06,6286.29,False
XGBoost,0.522,0.931034,0.818182,0.870968,81,6,18,56857,7156.29,2718.06,870.0,3588.06,6286.29,False
XGBoost,0.523,0.931034,0.818182,0.870968,81,6,18,56857,7156.29,2718.06,870.0,3588.06,6286.29,False
XGBoost,0.524,0.931034,0.818182,0.870968,81,6,18,56857,7156.29,2718.06,870.0,3588.06,6286.29,False
XGBoost,0.525,0.931034,0.818182,0.870968,81,6,18,56857,7156.29,2718.06,870.0,3588.06,6286.29,False
XGBoost,0.526,0.931034,0.818182,0.870968,81,6,18,56857,7156.29,2718.06,870.0,3588.06,6286.29,False
XGBoost,0.527,0.931034,0.818182,0.870968,81,6,18,56857,7156.29,2718.06,870.0,3588.06,6286.29,False
XGBoost,0.528,0.931034,0.818182,0.870968,81,6,18,56857,7156.29,2718.06,870.0,3588.06,6286.29,False
XGBoost,0.529,0.931034,0.818182,0.870968,81,6,18,56857,7156.29,2718.06,870.0,3588.06,6286.29,False
XGBoost,0.53,0.931034,0.818182,0.870968,81,6,18,56857,7156.29,2718.06,870.0,3588.06,6286.29,False
XGBoost,0.531,0.931034,0.818182,0.870968,81,6,18,56857,7156.29,2718.06,870.0,3588.06,6286.29,False
XGBoost,0.532,0.931034,0.818182,0.870968,81,6,18,56857,7156.29,2718.06,870.0,3588.06,6286.29,False
XGBoost,0.533,0.931034,0.818182,0.870968,81,6,18,56857,7156.29,2718.06,870.0,3588.06,6286.29,False
XGBoost,0.534,0.931034,0.818182,0.870968,81,6,18,56857,7156.29,2718.06,870.0,3588.06,6286.29,False
XGBoost,0.535,0.931034,0.818182,0.870968,81,6,18,56857,7156.29,2718.06,870.0,3588.06,6286.29,False
XGBoost,0.536,0.931034,0.818182,0.870968,81,6,18,56857,7156.29,2718.06,870.0,3588.06,6286.29,False
XGBoost,0.537,0.931034,0.818182,0.870968,81,6,18,56857,7156.29,2718.06,870.0,3588.06,6286.29,False
XGBoost,0.538,0.931034,0.818182,0.870968,81,6,18,56857,7156.29,2718.06,870.0,3588.06,6286.29,False
XGBoost,0.539,0.931034,0.818182,0.870968,81,6,18,56857,7156.29,2718.06,870.0,3588.06,6286.29,False
XGBoost,0.54,0.931034,0.818182,0.870968,81,6,18,56857,7156.29,2718.06,870.0,3588.06,6286.29,False
XGBoost,0.541,0.931034,0.818182,0.870968,81,6,18,56857,7156.29,2718.06,870.0,3588.06,6286.29,False
XGBoost,0.542,0.931034,0.818182,0.870968,81,6,18,56857,7156.29,2718.06,870.0,3588.06,6286.29,False
XGBoost,0.543,0.931034,0.818182,0.870968,81,6,18,56857,7156.29,2718.06,870.0,3588.06,6286.29,False
XGBoost,0.544,0.931034,0.818182,0.870968,81,6,18,56857,7156.29,2718.06,870.0,3588.06,6286.29,False
XGBoost,0.545,0.931034,0.818182,0.870968,81,6,18,56857,7156.29,2718.06,870.0,3588.06,6286.29,False
XGBoost,0.546,0.931034,0.818182,0.870968,81,6,18,56857,7156.29,2718.06,870.0,3588.06,6286.29,False
XGBoost,0.547,0.931034,0.818182,0.870968,81,6,18,56857,7156.29,2718.06,870.0,3588.06,6286.29,False
XGBoost,0.548,0.931034,0.818182,0.870968,81,6,18,56857,7156.29,2718.06,870.0,3588.06,6286.29,False
XGBoost,0.549,0.931034,0.818182,0.870968,81,6,18,56857,7156.29,2718.06,870.0,3588.06,6286.29,False
XGBoost,0.55,0.931034,0.818182,0.870968,81,6,18,56857,7156.29,2718.06,870.0,3588.06,6286.29,False
XGBoost,0.551,0.931034,0.818182,0.870968,81,6,18,56857,7156.29,2718.06,870.0,3588.06,6286.29,False
XGBoost,0.552,0.931034,0.818182,0.870968,81,6,18,56857,7156.29,2718.06,870.0,3588.06,6286.29,False
XGBoost,0.553,0.931034,0.818182,0.870968,81,6,18,56857,7156.29,2718.06,870.0,3588.06,6286.29,False
XGBoost,0.554,0.931034,0.818182,0.870968,81,6,18,56857,7156.29,2718.06,870.0,3588.06,6286.29,False
XGBoost,0.555,0.931034,0.818182,0.870968,81,6,18,56857,7156.29,2718.06,870.0,3588.06,6286.29,False
XGBoost,0.556,0.931034,0.818182,0.870968,81,6,18,56857,7156.29,2718.06,870.0,3588.06,6286.29,False
XGBoost,0.557,0.931034,0.818182,0.870968,81,6,18,56857,7156.29,2718.06,870.0,3588.06,6286.29,False
XGBoost,0.558,0.931034,0.818182,0.870968,81,6,18,56857,7156.29,2718.06,870.0,3588.06,6286.29,False
XGBoost,0.559,0.931034,0.818182,0.870968,81,6,18,56857,7156.29,2718.06,870.0,3588.06,6286.29,False
XGBoost,0.56,0.931034,0.818182,0.870968,81,6,18,56857,7156.29,2718.06,870.0,3588.06,6286.29,False
XGBoost,0.561,0.931034,0.818182,0.870968,81,6,18,56857,7156.29,2718.06,870.0,3588.06,6286.29,False
XGBoost,0.562,0.931034,0.818182,0.870968,81,6,18,56857,7156.29,2718.06,870.0,3588.06,6286.29,False
XGBoost,0.563,0.931034,0.818182,0.870968,81,6,18,56857,7156.29,2718.06,870.0,3588.06,6286.29,False
XGBoost,0.564,0.931034,0.818182,0.870968,81,6,18,56857,7156.29,2718.06,870.0,3588.06,6286.29,False
XGBoost,0.565,0.931034,0.818182,0.870968,81,6,18,56857,7156.29,2718.06,870.0,3588.06,6286.29,False
XGBoost,0.566,0.931034,0.818182,0.870968,81,6,18,56857,7156.29,2718.06,870.0,3588.06,6286.29,False
XGBoost,0.567,0.931034,0.818182,0.870968,81,6,18,56857,7156.29,2718.06,870.0,3588.06,6286.29,False
XGBoost,0.568,0.931034,0.818182,0.870968,81,6,18,56857,7156.29,2718.06,870.0,3588.06,6286.29,False
XGBoost,0.569,0.931034,0.818182,0.870968,81,6,18,56857,7156.29,2718.06,870.0,3588.06,6286.29,False
XGBoost,0.57,0.931034,0.818182,0.870968,81,6,18,56857,7156.29,2718.06,870.0,3588.06,6286.29,False
XGBoost,0.571,0.931034,0.818182,0.870968,81,6,18,56857,7156.29,2718.06,870.0,3588.06,6286.29,False
XGBoost,0.572,0.931034,0.818182,0.870968,81,6,18,56857,7156.29,2718.06,870.0,3588.06,6286.29,False
XGBoost,0.573,0.931034,0.818182,0.870968,81,6,18,56857,7156.29,2718.06,870.0,3588.06,6286.29,False
XGBoost,0.574,0.931034,0.818182,0.870968,81,6,18,56857,7156.29,2718.06,870.0,3588.06,6286.29,False
XGBoost,0.575,0.931034,0.818182,0.870968,81,6,18,56857,7156.29,2718.06,870.0,3588.06,6286.29,False
XGBoost,0.576,0.931034,0.818182,0.870968,81,6,18,56857,7156.29,2718.06,870.0,3588.06,6286.29,False
XGBoost,0.577,0.931034,0.818182,0.870968,81,6,18,56857,7156.29,2718.06,870.0,3588.06,6286.29,False
XGBoost,0.578,0.931034,0.818182,0.870968,81,6,18,56857,7156.29,2718.06,870.0,3588.06,6286.29,False
XGBoost,0.579,0.931034,0.818182,0.870968,81,6,18,56857,7156.29,2718.06,870.0,3588.06,6286.29,False
XGBoost,0.58,0.931034,0.818182,0.870968,81,6,18,56857,7156.29,2718.06,870.0,3588.06,6286.29,False
XGBoost,0.581,0.930233,0.808081,0.864865,80,6,19,56857,7131.39,2742.96,860.0,3602.96,6271.39,False
XGBoost,0.582,0.930233,0.808081,0.864865,80,6,19,56857,7131.39,2742.96,860.0,3602.96,6271.39,False
XGBoost,0.583,0.930233,0.808081,0.864865,80,6,19,56857,7131.39,2742.96,860.0,3602.96,6271.39,False
XGBoost,0.584,0.930233,0.808081,0.864865,80,6,19,56857,7131.39,2742.96,860.0,3602.96,6271.39,False
XGBoost,0.585,0.930233,0.808081,0.864865,80,6,19,56857,7131.39,2742.96,860.0,3602.96,6271.39,False
XGBoost,0.586,0.930233,0.808081,0.864865,80,6,19,56857,7131.39,2742.96,860.0,3602.96,6271.39,False
XGBoost,0.587,0.930233,0.808081,0.864865,80,6,19,56857,7131.39,2742.96,860.0,3602.96,6271.39,False
XGBoost,0.588,0.930233,0.808081,0.864865,80,6,19,56857,7131.39,2742.96,860.0,3602.96,6271.39,False
XGBoost,0.589,0.930233,0.808081,0.864865,80,6,19,56857,7131.39,2742.96,860.0,3602.96,6271.39,False
XGBoost,0.59,0.930233,0.808081,0.864865,80,6,19,56857,7131.39,2742.96,860.0,3602.96,6271.39,False
XGBoost,0.591,0.930233,0.808081,0.864865,80,6,19,56857,7131.39,2742.96,860.0,3602.96,6271.39,False
XGBoost,0.592,0.930233,0.808081,0.864865,80,6,19,56857,7131.39,2742.96,860.0,3602.96,6271.39,False
XGBoost,0.593,0.930233,0.808081,0.864865,80,6,19,56857,7131.39,2742.96,860.0,3602.96,6271.39,False
XGBoost,0.594,0.930233,0.808081,0.864865,80,6,19,56857,7131.39,2742.96,860.0,3602.96,6271.39,False
XGBoost,0.595,0.930233,0.808081,0.864865,80,6,19,56857,7131.39,2742.96,860.0,3602.96,6271.39,False
XGBoost,0.596,0.930233,0.808081,0.864865,80,6,19,56857,7131.39,2742.96,860.0,3602.96,6271.39,False
XGBoost,0.597,0.930233,0.808081,0.864865,80,6,19,56857,7131.39,2742.96,860.0,3602.96,6271.39,False
XGBoost,0.598,0.930233,0.808081,0.864865,80,6,19,56857,7131.39,2742.96,860.0,3602.96,6271.39,False
XGBoost,0.599,0.930233,0.808081,0.864865,80,6,19,56857,7131.39,2742.96,860.0,3602.96,6271.39,False
XGBoost,0.6,0.930233,0.808081,0.864865,80,6,19,56857,7131.39,2742.96,860.0,3602.96,6271.39,False
XGBoost,0.601,0.930233,0.808081,0.864865,80,6,19,56857,7131.39,2742.96,860.0,3602.96,6271.39,False
XGBoost,0.602,0.930233,0.808081,0.864865,80,6,19,56857,7131.39,2742.96,860.0,3602.96,6271.39,False
XGBoost,0.603,0.930233,0.808081,0.864865,80,6,19,56857,7131.39,2742.96,860.0,3602.96,6271.39,False
XGBoost,0.604,0.930233,0.808081,0.864865,80,6,19,56857,7131.39,2742.96,860.0,3602.96,6271.39,False
XGBoost,0.605,0.930233,0.808081,0.864865,80,6,19,56857,7131.39,2742.96,860.0,3602.96,6271.39,False
XGBoost,0.606,0.930233,0.808081,0.864865,80,6,19,56857,7131.39,2742.96,860.0,3602.96,6271.39,False
XGBoost,0.607,0.930233,0.808081,0.864865,80,6,19,56857,7131.39,2742.96,860.0,3602.96,6271.39,False
XGBoost,0.608,0.930233,0.808081,0.864865,80,6,19,56857,7131.39,2742.96,860.0,3602.96,6271.39,False
XGBoost,0.609,0.930233,0.808081,0.864865,80,6,19,56857,7131.39,2742.96,860.0,3602.96,6271.39,False
XGBoost,0.61,0.930233,0.808081,0.864865,80,6,19,56857,7131.39,2742.96,860.0,3602.96,6271.39,False
XGBoost,0.611,0.930233,0.808081,0.864865,80,6,19,56857,7131.39,2742.96,860.0,3602.96,6271.39,False
XGBoost,0.612,0.930233,0.808081,0.864865,80,6,19,56857,7131.39,2742.96,860.0,3602.96,6271.39,False
XGBoost,0.613,0.930233,0.808081,0.864865,80,6,19,56857,7131.39,2742.96,860.0,3602.96,6271.39,False
XGBoost,0.614,0.930233,0.808081,0.864865,80,6,19,56857,7131.39,2742.96,860.0,3602.96,6271.39,False
XGBoost,0.615,0.930233,0.808081,0.864865,80,6,19,56857,7131.39,2742.96,860.0,3602.96,6271.39,False
XGBoost,0.616,0.930233,0.808081,0.864865,80,6,19,56857,7131.39,2742.96,860.0,3602.96,6271.39,False
XGBoost,0.617,0.930233,0.808081,0.864865,80,6,19,56857,7131.39,2742.96,860.0,3602.96,6271.39,False
XGBoost,0.618,0.930233,0.808081,0.864865,80,6,19,56857,7131.39,2742.96,860.0,3602.96,6271.39,False
XGBoost,0.619,0.930233,0.808081,0.864865,80,6,19,56857,7131.39,2742.96,860.0,3602.96,6271.39,False
XGBoost,0.62,0.930233,0.808081,0.864865,80,6,19,56857,7131.39,2742.96,860.0,3602.96,6271.39,False
XGBoost,0.621,0.930233,0.808081,0.864865,80,6,19,56857,7131.39,2742.96,860.0,3602.96,6271.39,False
XGBoost,0.622,0.930233,0.808081,0.864865,80,6,19,56857,7131.39,2742.96,860.0,3602.96,6271.39,False
XGBoost,0.623,0.930233,0.808081,0.864865,80,6,19,56857,7131.39,2742.96,860.0,3602.96,6271.39,False
XGBoost,0.624,0.930233,0.808081,0.864865,80,6,19,56857,7131.39,2742.96,860.0,3602.96,6271.39,False
XGBoost,0.625,0.930233,0.808081,0.864865,80,6,19,56857,7131.39,2742.96,860.0,3602.96,6271.39,False
XGBoost,0.626,0.930233,0.808081,0.864865,80,6,19,56857,7131.39,2742.96,860.0,3602.96,6271.39,False
XGBoost,0.627,0.930233,0.808081,0.864865,80,6,19,56857,7131.39,2742.96,860.0,3602.96,6271.39,False
XGBoost,0.628,0.930233,0.808081,0.864865,80,6,19,56857,7131.39,2742.96,860.0,3602.96,6271.39,False
XGBoost,0.629,0.930233,0.808081,0.864865,80,6,19,56857,7131.39,2742.96,860.0,3602.96,6271.39,False
XGBoost,0.63,0.930233,0.808081,0.864865,80,6,19,56857,7131.39,2742.96,860.0,3602.96,6271.39,False
XGBoost,0.631,0.930233,0.808081,0.864865,80,6,19,56857,7131.39,2742.96,860.0,3602.96,6271.39,False
XGBoost,0.632,0.930233,0.808081,0.864865,80,6,19,56857,7131.39,2742.96,860.0,3602.96,6271.39,False
XGBoost,0.633,0.930233,0.808081,0.864865,80,6,19,56857,7131.39,2742.96,860.0,3602.96,6271.39,False
XGBoost,0.634,0.930233,0.808081,0.864865,80,6,19,56857,7131.39,2742.96,860.0,3602.96,6271.39,False
XGBoost,0.635,0.930233,0.808081,0.864865,80,6,19,56857,7131.39,2742.96,860.0,3602.96,6271.39,False
XGBoost,0.636,0.930233,0.808081,0.864865,80,6,19,56857,7131.39,2742.96,860.0,3602.96,6271.39,False
XGBoost,0.637,0.930233,0.808081,0.864865,80,6,19,56857,7131.39,2742.96,860.0,3602.96,6271.39,False
XGBoost,0.638,0.930233,0.808081,0.864865,80,6,19,56857,7131.39,2742.96,860.0,3602.96,6271.39,False
XGBoost,0.639,0.930233,0.808081,0.864865,80,6,19,56857,7131.39,2742.96,860.0,3602.96,6271.39,False
XGBoost,0.64,0.930233,0.808081,0.864865,80,6,19,56857,7131.39,2742.96,860.0,3602.96,6271.39,False
XGBoost,0.641,0.930233,0.808081,0.864865,80,6,19,56857,7131.39,2742.96,860.0,3602.96,6271.39,False
XGBoost,0.642,0.930233,0.808081,0.864865,80,6,19,56857,7131.39,2742.96,860.0,3602.96,6271.39,False
XGBoost,0.643,0.930233,0.808081,0.864865,80,6,19,56857,7131.39,2742.96,860.0,3602.96,6271.39,False
XGBoost,0.644,0.930233,0.808081,0.864865,80,6,19,56857,7131.39,2742.96,860.0,3602.96,6271.39,False
XGBoost,0.645,0.930233,0.808081,0.864865,80,6,19,56857,7131.39,2742.96,860.0,3602.96,6271.39,False
XGBoost,0.646,0.930233,0.808081,0.864865,80,6,19,56857,7131.39,2742.96,860.0,3602.96,6271.39,False
XGBoost,0.647,0.930233,0.808081,0.864865,80,6,19,56857,7131.39,2742.96,860.0,3602.96,6271.39,False
XGBoost,0.648,0.941176,0.808081,0.869565,80,5,19,56858,7131.39,2742.96,850.0,3592.96,6281.39,False
XGBoost,0.649,0.941176,0.808081,0.869565,80,5,19,56858,7131.39,2742.96,850.0,3592.96,6281.39,False
XGBoost,0.65,0.941176,0.808081,0.869565,80,5,19,56858,7131.39,2742.96,850.0,3592.96,6281.39,False
XGBoost,0.651,0.941176,0.808081,0.869565,80,5,19,56858,7131.39,2742.96,850.0,3592.96,6281.39,False
XGBoost,0.652,0.941176,0.808081,0.869565,80,5,19,56858,7131.39,2742.96,850.0,3592.96,6281.39,False
XGBoost,0.653,0.941176,0.808081,0.869565,80,5,19,56858,7131.39,2742.96,850.0,3592.96,6281.39,False
XGBoost,0.654,0.941176,0.808081,0.869565,80,5,19,56858,7131.39,2742.96,850.0,3592.96,6281.39,False
XGBoost,0.655,0.941176,0.808081,0.869565,80,5,19,56858,7131.39,2742.96,850.0,3592.96,6281.39,False
XGBoost,0.656,0.941176,0.808081,0.869565,80,5,19,56858,7131.39,2742.96,850.0,3592.96,6281.39,False
XGBoost,0.657,0.941176,0.808081,0.869565,80,5,19,56858,7131.39,2742.96,850.0,3592.96,6281.39,False
XGBoost,0.658,0.941176,0.808081,0.869565,80,5,19,56858,7131.39,2742.96,850.0,3592.96,6281.39,False
XGBoost,0.659,0.941176,0.808081,0.869565,80,5,19,56858,7131.39,2742.96,850.0,3592.96,6281.39,False
XGBoost,0.66,0.941176,0.808081,0.869565,80,5,19,56858,7131.39,2742.96,850.0,3592.96,6281.39,False
XGBoost,0.661,0.941176,0.808081,0.869565,80,5,19,56858,7131.39,2742.96,850.0,3592.96,6281.39,False
XGBoost,0.662,0.941176,0.808081,0.869565,80,5,19,56858,7131.39,2742.96,850.0,3592.96,6281.39,False
XGBoost,0.663,0.941176,0.808081,0.869565,80,5,19,56858,7131.39,2742.96,850.0,3592.96,6281.39,False
XGBoost,0.664,0.941176,0.808081,0.869565,80,5,19,56858,7131.39,2742.96,850.0,3592.96,6281.39,False
XGBoost,0.665,0.941176,0.808081,0.869565,80,5,19,56858,7131.39,2742.96,850.0,3592.96,6281.39,False
XGBoost,0.666,0.941176,0.808081,0.869565,80,5,19,56858,7131.39,2742.96,850.0,3592.96,6281.39,False
XGBoost,0.667,0.941176,0.808081,0.869565,80,5,19,56858,7131.39,2742.96,850.0,3592.96,6281.39,False
XGBoost,0.668,0.941176,0.808081,0.869565,80,5,19,56858,7131.39,2742.96,850.0,3592.96,6281.39,False
XGBoost,0.669,0.941176,0.808081,0.869565,80,5,19,56858,7131.39,2742.96,850.0,3592.96,6281.39,False
XGBoost,0.67,0.941176,0.808081,0.869565,80,5,19,56858,7131.39,2742.96,850.0,3592.96,6281.39,False
XGBoost,0.671,0.941176,0.808081,0.869565,80,5,19,56858,7131.39,2742.96,850.0,3592.96,6281.39,False
XGBoost,0.672,0.941176,0.808081,0.869565,80,5,19,56858,7131.39,2742.96,850.0,3592.96,6281.39,False
XGBoost,0.673,0.941176,0.808081,0.869565,80,5,19,56858,7131.39,2742.96,850.0,3592.96,6281.39,False
XGBoost,0.674,0.941176,0.808081,0.869565,80,5,19,56858,7131.39,2742.96,850.0,3592.96,6281.39,False
XGBoost,0.675,0.941176,0.808081,0.869565,80,5,19,56858,7131.39,2742.96,850.0,3592.96,6281.39,False
XGBoost,0.676,0.941176,0.808081,0.869565,80,5,19,56858,7131.39,2742.96,850.0,3592.96,6281.39,False
XGBoost,0.677,0.941176,0.808081,0.869565,80,5,19,56858,7131.39,2742.96,850.0,3592.96,6281.39,False
XGBoost,0.678,0.941176,0.808081,0.869565,80,5,19,56858,7131.39,2742.96,850.0,3592.96,6281.39,False
XGBoost,0.679,0.941176,0.808081,0.869565,80,5,19,56858,7131.39,2742.96,850.0,3592.96,6281.39,False
XGBoost,0.68,0.941176,0.808081,0.869565,80,5,19,56858,7131.39,2742.96,850.0,3592.96,6281.39,False
XGBoost,0.681,0.941176,0.808081,0.869565,80,5,19,56858,7131.39,2742.96,850.0,3592.96,6281.39,False
XGBoost,0.682,0.941176,0.808081,0.869565,80,5,19,56858,7131.39,2742.96,850.0,3592.96,6281.39,False
XGBoost,0.683,0.941176,0.808081,0.869565,80,5,19,56858,7131.39,2742.96,850.0,3592.96,6281.39,False
XGBoost,0.684,0.941176,0.808081,0.869565,80,5,19,56858,7131.39,2742.96,850.0,3592.96,6281.39,False
XGBoost,0.685,0.941176,0.808081,0.869565,80,5,19,56858,7131.39,2742.96,850.0,3592.96,6281.39,False
XGBoost,0.686,0.941176,0.808081,0.869565,80,5,19,56858,7131.39,2742.96,850.0,3592.96,6281.39,False
XGBoost,0.687,0.941176,0.808081,0.869565,80,5,19,56858,7131.39,2742.96,850.0,3592.96,6281.39,False
XGBoost,0.688,0.941176,0.808081,0.869565,80,5,19,56858,7131.39,2742.96,850.0,3592.96,6281.39,False
XGBoost,0.689,0.941176,0.808081,0.869565,80,5,19,56858,7131.39,2742.96,850.0,3592.96,6281.39,False
XGBoost,0.69,0.941176,0.808081,0.869565,80,5,19,56858,7131.39,2742.96,850.0,3592.96,6281.39,False
XGBoost,0.691,0.941176,0.808081,0.869565,80,5,19,56858,7131.39,2742.96,850.0,3592.96,6281.39,False
XGBoost,0.692,0.941176,0.808081,0.869565,80,5,19,56858,7131.39,2742.96,850.0,3592.96,6281.39,False
XGBoost,0.693,0.941176,0.808081,0.869565,80,5,19,56858,7131.39,2742.96,850.0,3592.96,6281.39,False
XGBoost,0.694,0.941176,0.808081,0.869565,80,5,19,56858,7131.39,2742.96,850.0,3592.96,6281.39,False
XGBoost,0.695,0.941176,0.808081,0.869565,80,5,19,56858,7131.39,2742.96,850.0,3592.96,6281.39,False
XGBoost,0.696,0.941176,0.808081,0.869565,80,5,19,56858,7131.39,2742.96,850.0,3592.96,6281.39,False
XGBoost,0.697,0.941176,0.808081,0.869565,80,5,19,56858,7131.39,2742.96,850.0,3592.96,6281.39,False
XGBoost,0.698,0.941176,0.808081,0.869565,80,5,19,56858,7131.39,2742.96,850.0,3592.96,6281.39,False
XGBoost,0.699,0.952381,0.808081,0.874317,80,4,19,56859,7131.39,2742.96,840.0,3582.96,6291.39,False
XGBoost,0.7,0.952381,0.808081,0.874317,80,4,19,56859,7131.39,2742.96,840.0,3582.96,6291.39,False
XGBoost,0.701,0.952381,0.808081,0.874317,80,4,19,56859,7131.39,2742.96,840.0,3582.96,6291.39,False
XGBoost,0.702,0.952381,0.808081,0.874317,80,4,19,56859,7131.39,2742.96,840.0,3582.96,6291.39,False
XGBoost,0.703,0.952381,0.808081,0.874317,80,4,19,56859,7131.39,2742.96,840.0,3582.96,6291.39,False
XGBoost,0.704,0.952381,0.808081,0.874317,80,4,19,56859,7131.39,2742.96,840.0,3582.96,6291.39,False
XGBoost,0.705,0.952381,0.808081,0.874317,80,4,19,56859,7131.39,2742.96,840.0,3582.96,6291.39,False
XGBoost,0.706,0.952381,0.808081,0.874317,80,4,19,56859,7131.39,2742.96,840.0,3582.96,6291.39,False
XGBoost,0.707,0.952381,0.808081,0.874317,80,4,19,56859,7131.39,2742.96,840.0,3582.96,6291.39,False
XGBoost,0.708,0.952381,0.808081,0.874317,80,4,19,56859,7131.39,2742.96,840.0,3582.96,6291.39,False
XGBoost,0.709,0.952381,0.808081,0.874317,80,4,19,56859,7131.39,2742.96,840.0,3582.96,6291.39,False
XGBoost,0.71,0.952381,0.808081,0.874317,80,4,19,56859,7131.39,2742.96,840.0,3582.96,6291.39,False
XGBoost,0.711,0.952381,0.808081,0.874317,80,4,19,56859,7131.39,2742.96,840.0,3582.96,6291.39,False
XGBoost,0.712,0.952381,0.808081,0.874317,80,4,19,56859,7131.39,2742.96,840.0,3582.96,6291.39,False
XGBoost,0.713,0.952381,0.808081,0.874317,80,4,19,56859,7131.39,2742.96,840.0,3582.96,6291.39,False
XGBoost,0.714,0.952381,0.808081,0.874317,80,4,19,56859,7131.39,2742.96,840.0,3582.96,6291.39,False
XGBoost,0.715,0.952381,0.808081,0.874317,80,4,19,56859,7131.39,2742.96,840.0,3582.96,6291.39,False
XGBoost,0.716,0.952381,0.808081,0.874317,80,4,19,56859,7131.39,2742.96,840.0,3582.96,6291.39,False
XGBoost,0.717,0.952381,0.808081,0.874317,80,4,19,56859,7131.39,2742.96,840.0,3582.96,6291.39,False
XGBoost,0.718,0.952381,0.808081,0.874317,80,4,19,56859,7131.39,2742.96,840.0,3582.96,6291.39,False
XGBoost,0.719,0.952381,0.808081,0.874317,80,4,19,56859,7131.39,2742.96,840.0,3582.96,6291.39,False
XGBoost,0.72,0.952381,0.808081,0.874317,80,4,19,56859,7131.39,2742.96,840.0,3582.96,6291.39,False
XGBoost,0.721,0.952381,0.808081,0.874317,80,4,19,56859,7131.39,2742.96,840.0,3582.96,6291.39,False
XGBoost,0.722,0.952381,0.808081,0.874317,80,4,19,56859,7131.39,2742.96,840.0,3582.96,6291.39,False
XGBoost,0.723,0.952381,0.808081,0.874317,80,4,19,56859,7131.39,2742.96,840.0,3582.96,6291.39,False
XGBoost,0.724,0.952381,0.808081,0.874317,80,4,19,56859,7131.39,2742.96,840.0,3582.96,6291.39,False
XGBoost,0.725,0.952381,0.808081,0.874317,80,4,19,56859,7131.39,2742.96,840.0,3582.96,6291.39,False
XGBoost,0.726,0.952381,0.808081,0.874317,80,4,19,56859,7131.39,2742.96,840.0,3582.96,6291.39,False
XGBoost,0.727,0.952381,0.808081,0.874317,80,4,19,56859,7131.39,2742.96,840.0,3582.96,6291.39,False
XGBoost,0.728,0.952381,0.808081,0.874317,80,4,19,56859,7131.39,2742.96,840.0,3582.96,6291.39,False
XGBoost,0.729,0.952381,0.808081,0.874317,80,4,19,56859,7131.39,2742.96,840.0,3582.96,6291.39,False
XGBoost,0.73,0.952381,0.808081,0.874317,80,4,19,56859,7131.39,2742.96,840.0,3582.96,6291.39,False
XGBoost,0.731,0.952381,0.808081,0.874317,80,4,19,56859,7131.39,2742.96,840.0,3582.96,6291.39,False
XGBoost,0.732,0.952381,0.808081,0.874317,80,4,19,56859,7131.39,2742.96,840.0,3582.96,6291.39,False
XGBoost,0.733,0.952381,0.808081,0.874317,80,4,19,56859,7131.39,2742.96,840.0,3582.96,6291.39,False
XGBoost,0.734,0.952381,0.808081,0.874317,80,4,19,56859,7131.39,2742.96,840.0,3582.96,6291.39,False
XGBoost,0.735,0.952381,0.808081,0.874317,80,4,19,56859,7131.39,2742.96,840.0,3582.96,6291.39,False
XGBoost,0.736,0.952381,0.808081,0.874317,80,4,19,56859,7131.39,2742.96,840.0,3582.96,6291.39,False
XGBoost,0.737,0.952381,0.808081,0.874317,80,4,19,56859,7131.39,2742.96,840.0,3582.96,6291.39,False
XGBoost,0.738,0.952381,0.808081,0.874317,80,4,19,56859,7131.39,2742.96,840.0,3582.96,6291.39,False
XGBoost,0.739,0.952381,0.808081,0.874317,80,4,19,56859,7131.39,2742.96,840.0,3582.96,6291.39,False
XGBoost,0.74,0.952381,0.808081,0.874317,80,4,19,56859,7131.39,2742.96,840.0,3582.96,6291.39,False
XGBoost,0.741,0.952381,0.808081,0.874317,80,4,19,56859,7131.39,2742.96,840.0,3582.96,6291.39,False
XGBoost,0.742,0.952381,0.808081,0.874317,80,4,19,56859,7131.39,2742.96,840.0,3582.96,6291.39,False
XGBoost,0.743,0.952381,0.808081,0.874317,80,4,19,56859,7131.39,2742.96,840.0,3582.96,6291.39,False
XGBoost,0.744,0.952381,0.808081,0.874317,80,4,19,56859,7131.39,2742.96,840.0,3582.96,6291.39,False
XGBoost,0.745,0.952381,0.808081,0.874317,80,4,19,56859,7131.39,2742.96,840.0,3582.96,6291.39,False
XGBoost,0.746,0.952381,0.808081,0.874317,80,4,19,56859,7131.39,2742.96,840.0,3582.96,6291.39,False
XGBoost,0.747,0.952381,0.808081,0.874317,80,4,19,56859,7131.39,2742.96,840.0,3582.96,6291.39,False
XGBoost,0.748,0.952381,0.808081,0.874317,80,4,19,56859,7131.39,2742.96,840.0,3582.96,6291.39,False
XGBoost,0.749,0.952381,0.808081,0.874317,80,4,19,56859,7131.39,2742.96,840.0,3582.96,6291.39,False
XGBoost,0.75,0.952381,0.808081,0.874317,80,4,19,56859,7131.39,2742.96,840.0,3582.96,6291.39,False
XGBoost,0.751,0.952381,0.808081,0.874317,80,4,19,56859,7131.39,2742.96,840.0,3582.96,6291.39,False
XGBoost,0.752,0.952381,0.808081,0.874317,80,4,19,56859,7131.39,2742.96,840.0,3582.96,6291.39,False
XGBoost,0.753,0.952381,0.808081,0.874317,80,4,19,56859,7131.39,2742.96,840.0,3582.96,6291.39,False
XGBoost,0.754,0.952381,0.808081,0.874317,80,4,19,56859,7131.39,2742.96,840.0,3582.96,6291.39,False
XGBoost,0.755,0.952381,0.808081,0.874317,80,4,19,56859,7131.39,2742.96,840.0,3582.96,6291.39,False
XGBoost,0.756,0.952381,0.808081,0.874317,80,4,19,56859,7131.39,2742.96,840.0,3582.96,6291.39,False
XGBoost,0.757,0.952381,0.808081,0.874317,80,4,19,56859,7131.39,2742.96,840.0,3582.96,6291.39,False
XGBoost,0.758,0.952381,0.808081,0.874317,80,4,19,56859,7131.39,2742.96,840.0,3582.96,6291.39,False
XGBoost,0.759,0.952381,0.808081,0.874317,80,4,19,56859,7131.39,2742.96,840.0,3582.96,6291.39,False
XGBoost,0.76,0.952381,0.808081,0.874317,80,4,19,56859,7131.39,2742.96,840.0,3582.96,6291.39,False
XGBoost,0.761,0.952381,0.808081,0.874317,80,4,19,56859,7131.39,2742.96,840.0,3582.96,6291.39,False
XGBoost,0.762,0.952381,0.808081,0.874317,80,4,19,56859,7131.39,2742.96,840.0,3582.96,6291.39,False
XGBoost,0.763,0.952381,0.808081,0.874317,80,4,19,56859,7131.39,2742.96,840.0,3582.96,6291.39,False
XGBoost,0.764,0.952381,0.808081,0.874317,80,4,19,56859,7131.39,2742.96,840.0,3582.96,6291.39,False
XGBoost,0.765,0.952381,0.808081,0.874317,80,4,19,56859,7131.39,2742.96,840.0,3582.96,6291.39,False
XGBoost,0.766,0.952381,0.808081,0.874317,80,4,19,56859,7131.39,2742.96,840.0,3582.96,6291.39,False
XGBoost,0.767,0.952381,0.808081,0.874317,80,4,19,56859,7131.39,2742.96,840.0,3582.96,6291.39,False
XGBoost,0.768,0.952381,0.808081,0.874317,80,4,19,56859,7131.39,2742.96,840.0,3582.96,6291.39,False
XGBoost,0.769,0.952381,0.808081,0.874317,80,4,19,56859,7131.39,2742.96,840.0,3582.96,6291.39,False
XGBoost,0.77,0.952381,0.808081,0.874317,80,4,19,56859,7131.39,2742.96,840.0,3582.96,6291.39,False
XGBoost,0.771,0.952381,0.808081,0.874317,80,4,19,56859,7131.39,2742.96,840.0,3582.96,6291.39,False
XGBoost,0.772,0.952381,0.808081,0.874317,80,4,19,56859,7131.39,2742.96,840.0,3582.96,6291.39,False
XGBoost,0.773,0.952381,0.808081,0.874317,80,4,19,56859,7131.39,2742.96,840.0,3582.96,6291.39,False
XGBoost,0.774,0.952381,0.808081,0.874317,80,4,19,56859,7131.39,2742.96,840.0,3582.96,6291.39,False
XGBoost,0.775,0.952381,0.808081,0.874317,80,4,19,56859,7131.39,2742.96,840.0,3582.96,6291.39,False
XGBoost,0.776,0.952381,0.808081,0.874317,80,4,19,56859,7131.39,2742.96,840.0,3582.96,6291.39,False
XGBoost,0.777,0.952381,0.808081,0.874317,80,4,19,56859,7131.39,2742.96,840.0,3582.96,6291.39,False
XGBoost,0.778,0.952381,0.808081,0.874317,80,4,19,56859,7131.39,2742.96,840.0,3582.96,6291.39,False
XGBoost,0.779,0.952381,0.808081,0.874317,80,4,19,56859,7131.39,2742.96,840.0,3582.96,6291.39,False
XGBoost,0.78,0.952381,0.808081,0.874317,80,4,19,56859,7131.39,2742.96,840.0,3582.96,6291.39,False
XGBoost,0.781,0.952381,0.808081,0.874317,80,4,19,56859,7131.39,2742.96,840.0,3582.96,6291.39,False
XGBoost,0.782,0.952381,0.808081,0.874317,80,4,19,56859,7131.39,2742.96,840.0,3582.96,6291.39,False
XGBoost,0.783,0.952381,0.808081,0.874317,80,4,19,56859,7131.39,2742.96,840.0,3582.96,6291.39,False
XGBoost,0.784,0.952381,0.808081,0.874317,80,4,19,56859,7131.39,2742.96,840.0,3582.96,6291.39,False
XGBoost,0.785,0.952381,0.808081,0.874317,80,4,19,56859,7131.39,2742.96,840.0,3582.96,6291.39,False
XGBoost,0.786,0.952381,0.808081,0.874317,80,4,19,56859,7131.39,2742.96,840.0,3582.96,6291.39,False
XGBoost,0.787,0.952381,0.808081,0.874317,80,4,19,56859,7131.39,2742.96,840.0,3582.96,6291.39,False
XGBoost,0.788,0.952381,0.808081,0.874317,80,4,19,56859,7131.39,2742.96,840.0,3582.96,6291.39,False
XGBoost,0.789,0.952381,0.808081,0.874317,80,4,19,56859,7131.39,2742.96,840.0,3582.96,6291.39,False
XGBoost,0.79,0.952381,0.808081,0.874317,80,4,19,56859,7131.39,2742.96,840.0,3582.96,6291.39,False
XGBoost,0.791,0.952381,0.808081,0.874317,80,4,19,56859,7131.39,2742.96,840.0,3582.96,6291.39,False
XGBoost,0.792,0.952381,0.808081,0.874317,80,4,19,56859,7131.39,2742.96,840.0,3582.96,6291.39,False
XGBoost,0.793,0.952381,0.808081,0.874317,80,4,19,56859,7131.39,2742.96,840.0,3582.96,6291.39,False
XGBoost,0.794,0.952381,0.808081,0.874317,80,4,19,56859,7131.39,2742.96,840.0,3582.96,6291.39,False
XGBoost,0.795,0.952381,0.808081,0.874317,80,4,19,56859,7131.39,2742.96,840.0,3582.96,6291.39,False
XGBoost,0.796,0.952381,0.808081,0.874317,80,4,19,56859,7131.39,2742.96,840.0,3582.96,6291.39,False
XGBoost,0.797,0.952381,0.808081,0.874317,80,4,19,56859,7131.39,2742.96,840.0,3582.96,6291.39,False
XGBoost,0.798,0.952381,0.808081,0.874317,80,4,19,56859,7131.39,2742.96,840.0,3582.96,6291.39,False
XGBoost,0.799,0.952381,0.808081,0.874317,80,4,19,56859,7131.39,2742.96,840.0,3582.96,6291.39,False
XGBoost,0.8,0.952381,0.808081,0.874317,80,4,19,56859,7131.39,2742.96,840.0,3582.96,6291.39,False
XGBoost,0.801,0.952381,0.808081,0.874317,80,4,19,56859,7131.39,2742.96,840.0,3582.96,6291.39,False
XGBoost,0.802,0.952381,0.808081,0.874317,80,4,19,56859,7131.39,2742.96,840.0,3582.96,6291.39,False
XGBoost,0.803,0.952381,0.808081,0.874317,80,4,19,56859,7131.39,2742.96,840.0,3582.96,6291.39,False
XGBoost,0.804,0.952381,0.808081,0.874317,80,4,19,56859,7131.39,2742.96,840.0,3582.96,6291.39,False
XGBoost,0.805,0.952381,0.808081,0.874317,80,4,19,56859,7131.39,2742.96,840.0,3582.96,6291.39,False
XGBoost,0.806,0.952381,0.808081,0.874317,80,4,19,56859,7131.39,2742.96,840.0,3582.96,6291.39,False
XGBoost,0.807,0.952381,0.808081,0.874317,80,4,19,56859,7131.39,2742.96,840.0,3582.96,6291.39,False
XGBoost,0.808,0.952381,0.808081,0.874317,80,4,19,56859,7131.39,2742.96,840.0,3582.96,6291.39,False
XGBoost,0.809,0.952381,0.808081,0.874317,80,4,19,56859,7131.39,2742.96,840.0,3582.96,6291.39,False
XGBoost,0.81,0.952381,0.808081,0.874317,80,4,19,56859,7131.39,2742.96,840.0,3582.96,6291.39,False
XGBoost,0.811,0.952381,0.808081,0.874317,80,4,19,56859,7131.39,2742.96,840.0,3582.96,6291.39,False
XGBoost,0.812,0.952381,0.808081,0.874317,80,4,19,56859,7131.39,2742.96,840.0,3582.96,6291.39,False
XGBoost,0.813,0.951807,0.79798,0.868132,79,4,20,56859,7126.49,2747.86,830.0,3577.86,6296.49,False
XGBoost,0.814,0.951807,0.79798,0.868132,79,4,20,56859,7126.49,2747.86,830.0,3577.86,6296.49,False
XGBoost,0.815,0.951807,0.79798,0.868132,79,4,20,56859,7126.49,2747.86,830.0,3577.86,6296.49,False
XGBoost,0.816,0.951807,0.79798,0.868132,79,4,20,56859,7126.49,2747.86,830.0,3577.86,6296.49,False
XGBoost,0.817,0.951807,0.79798,0.868132,79,4,20,56859,7126.49,2747.86,830.0,3577.86,6296.49,False
XGBoost,0.818,0.951807,0.79798,0.868132,79,4,20,56859,7126.49,2747.86,830.0,3577.86,6296.49,False
XGBoost,0.819,0.951807,0.79798,0.868132,79,4,20,56859,7126.49,2747.86,830.0,3577.86,6296.49,False
XGBoost,0.82,0.951807,0.79798,0.868132,79,4,20,56859,7126.49,2747.86,830.0,3577.86,6296.49,False
XGBoost,0.821,0.951807,0.79798,0.868132,79,4,20,56859,7126.49,2747.86,830.0,3577.86,6296.49,False
XGBoost,0.822,0.951807,0.79798,0.868132,79,4,20,56859,7126.49,2747.86,830.0,3577.86,6296.49,False
XGBoost,0.823,0.951807,0.79798,0.868132,79,4,20,56859,7126.49,2747.86,830.0,3577.86,6296.49,False
XGBoost,0.824,0.951807,0.79798,0.868132,79,4,20,56859,7126.49,2747.86,830.0,3577.86,6296.49,False
XGBoost,0.825,0.951807,0.79798,0.868132,79,4,20,56859,7126.49,2747.86,830.0,3577.86,6296.49,False
XGBoost,0.826,0.951807,0.79798,0.868132,79,4,20,56859,7126.49,2747.86,830.0,3577.86,6296.49,False
XGBoost,0.827,0.951807,0.79798,0.868132,79,4,20,56859,7126.49,2747.86,830.0,3577.86,6296.49,False
XGBoost,0.828,0.951807,0.79798,0.868132,79,4,20,56859,7126.49,2747.86,830.0,3577.86,6296.49,False
XGBoost,0.829,0.951807,0.79798,0.868132,79,4,20,56859,7126.49,2747.86,830.0,3577.86,6296.49,False
XGBoost,0.83,0.951807,0.79798,0.868132,79,4,20,56859,7126.49,2747.86,830.0,3577.86,6296.49,False
XGBoost,0.831,0.951807,0.79798,0.868132,79,4,20,56859,7126.49,2747.86,830.0,3577.86,6296.49,False
XGBoost,0.832,0.951807,0.79798,0.868132,79,4,20,56859,7126.49,2747.86,830.0,3577.86,6296.49,False
XGBoost,0.833,0.951807,0.79798,0.868132,79,4,20,56859,7126.49,2747.86,830.0,3577.86,6296.49,False
XGBoost,0.834,0.951807,0.79798,0.868132,79,4,20,56859,7126.49,2747.86,830.0,3577.86,6296.49,False
XGBoost,0.835,0.951807,0.79798,0.868132,79,4,20,56859,7126.49,2747.86,830.0,3577.86,6296.49,False
XGBoost,0.836,0.951807,0.79798,0.868132,79,4,20,56859,7126.49,2747.86,830.0,3577.86,6296.49,False
XGBoost,0.837,0.951807,0.79798,0.868132,79,4,20,56859,7126.49,2747.86,830.0,3577.86,6296.49,False
XGBoost,0.838,0.951807,0.79798,0.868132,79,4,20,56859,7126.49,2747.86,830.0,3577.86,6296.49,False
XGBoost,0.839,0.951807,0.79798,0.868132,79,4,20,56859,7126.49,2747.86,830.0,3577.86,6296.49,False
XGBoost,0.84,0.951807,0.79798,0.868132,79,4,20,56859,7126.49,2747.86,830.0,3577.86,6296.49,False
XGBoost,0.841,0.951807,0.79798,0.868132,79,4,20,56859,7126.49,2747.86,830.0,3577.86,6296.49,False
XGBoost,0.842,0.951807,0.79798,0.868132,79,4,20,56859,7126.49,2747.86,830.0,3577.86,6296.49,False
XGBoost,0.843,0.951807,0.79798,0.868132,79,4,20,56859,7126.49,2747.86,830.0,3577.86,6296.49,False
XGBoost,0.844,0.951807,0.79798,0.868132,79,4,20,56859,7126.49,2747.86,830.0,3577.86,6296.49,False
XGBoost,0.845,0.951807,0.79798,0.868132,79,4,20,56859,7126.49,2747.86,830.0,3577.86,6296.49,False
XGBoost,0.846,0.951807,0.79798,0.868132,79,4,20,56859,7126.49,2747.86,830.0,3577.86,6296.49,False
XGBoost,0.847,0.951807,0.79798,0.868132,79,4,20,56859,7126.49,2747.86,830.0,3577.86,6296.49,False
XGBoost,0.848,0.951807,0.79798,0.868132,79,4,20,56859,7126.49,2747.86,830.0,3577.86,6296.49,False
XGBoost,0.849,0.951807,0.79798,0.868132,79,4,20,56859,7126.49,2747.86,830.0,3577.86,6296.49,False
XGBoost,0.85,0.951807,0.79798,0.868132,79,4,20,56859,7126.49,2747.86,830.0,3577.86,6296.49,False
XGBoost,0.851,0.951807,0.79798,0.868132,79,4,20,56859,7126.49,2747.86,830.0,3577.86,6296.49,False
XGBoost,0.852,0.951807,0.79798,0.868132,79,4,20,56859,7126.49,2747.86,830.0,3577.86,6296.49,False
XGBoost,0.853,0.951807,0.79798,0.868132,79,4,20,56859,7126.49,2747.86,830.0,3577.86,6296.49,False
XGBoost,0.854,0.951807,0.79798,0.868132,79,4,20,56859,7126.49,2747.86,830.0,3577.86,6296.49,False
XGBoost,0.855,0.951807,0.79798,0.868132,79,4,20,56859,7126.49,2747.86,830.0,3577.86,6296.49,False
XGBoost,0.856,0.951807,0.79798,0.868132,79,4,20,56859,7126.49,2747.86,830.0,3577.86,6296.49,False
XGBoost,0.857,0.951807,0.79798,0.868132,79,4,20,56859,7126.49,2747.86,830.0,3577.86,6296.49,False
XGBoost,0.858,0.951807,0.79798,0.868132,79,4,20,56859,7126.49,2747.86,830.0,3577.86,6296.49,False
XGBoost,0.859,0.951807,0.79798,0.868132,79,4,20,56859,7126.49,2747.86,830.0,3577.86,6296.49,False
XGBoost,0.86,0.951807,0.79798,0.868132,79,4,20,56859,7126.49,2747.86,830.0,3577.86,6296.49,False
XGBoost,0.861,0.951807,0.79798,0.868132,79,4,20,56859,7126.49,2747.86,830.0,3577.86,6296.49,False
XGBoost,0.862,0.951807,0.79798,0.868132,79,4,20,56859,7126.49,2747.86,830.0,3577.86,6296.49,False
XGBoost,0.863,0.951807,0.79798,0.868132,79,4,20,56859,7126.49,2747.86,830.0,3577.86,6296.49,False
XGBoost,0.864,0.95122,0.787879,0.861878,78,4,21,56859,7125.49,2748.86,820.0,3568.86,6305.49,False
XGBoost,0.865,0.95122,0.787879,0.861878,78,4,21,56859,7125.49,2748.86,820.0,3568.86,6305.49,False
XGBoost,0.866,0.95122,0.787879,0.861878,78,4,21,56859,7125.49,2748.86,820.0,3568.86,6305.49,False
XGBoost,0.867,0.95122,0.787879,0.861878,78,4,21,56859,7125.49,2748.86,820.0,3568.86,6305.49,False
XGBoost,0.868,0.95122,0.787879,0.861878,78,4,21,56859,7125.49,2748.86,820.0,3568.86,6305.49,False
XGBoost,0.869,0.95122,0.787879,0.861878,78,4,21,56859,7125.49,2748.86,820.0,3568.86,6305.49,False
XGBoost,0.87,0.95122,0.787879,0.861878,78,4,21,56859,7125.49,2748.86,820.0,3568.86,6305.49,False
XGBoost,0.871,0.95122,0.787879,0.861878,78,4,21,56859,7125.49,2748.86,820.0,3568.86,6305.49,False
XGBoost,0.872,0.95122,0.787879,0.861878,78,4,21,56859,7125.49,2748.86,820.0,3568.86,6305.49,False
XGBoost,0.873,0.95122,0.787879,0.861878,78,4,21,56859,7125.49,2748.86,820.0,3568.86,6305.49,False
XGBoost,0.874,0.95122,0.787879,0.861878,78,4,21,56859,7125.49,2748.86,820.0,3568.86,6305.49,False
XGBoost,0.875,0.95122,0.787879,0.861878,78,4,21,56859,7125.49,2748.86,820.0,3568.86,6305.49,False
XGBoost,0.876,0.95122,0.787879,0.861878,78,4,21,56859,7125.49,2748.86,820.0,3568.86,6305.49,False
XGBoost,0.877,0.95122,0.787879,0.861878,78,4,21,56859,7125.49,2748.86,820.0,3568.86,6305.49,False
XGBoost,0.878,0.95122,0.787879,0.861878,78,4,21,56859,7125.49,2748.86,820.0,3568.86,6305.49,False
XGBoost,0.879,0.95122,0.787879,0.861878,78,4,21,56859,7125.49,2748.86,820.0,3568.86,6305.49,False
XGBoost,0.88,0.95122,0.787879,0.861878,78,4,21,56859,7125.49,2748.86,820.0,3568.86,6305.49,False
XGBoost,0.881,0.95122,0.787879,0.861878,78,4,21,56859,7125.49,2748.86,820.0,3568.86,6305.49,False
XGBoost,0.882,0.95122,0.787879,0.861878,78,4,21,56859,7125.49,2748.86,820.0,3568.86,6305.49,False
XGBoost,0.883,0.95122,0.787879,0.861878,78,4,21,56859,7125.49,2748.86,820.0,3568.86,6305.49,False
XGBoost,0.884,0.95122,0.787879,0.861878,78,4,21,56859,7125.49,2748.86,820.0,3568.86,6305.49,False
XGBoost,0.885,0.95122,0.787879,0.861878,78,4,21,56859,7125.49,2748.86,820.0,3568.86,6305.49,False
XGBoost,0.886,0.95122,0.787879,0.861878,78,4,21,56859,7125.49,2748.86,820.0,3568.86,6305.49,False
XGBoost,0.887,0.95122,0.787879,0.861878,78,4,21,56859,7125.49,2748.86,820.0,3568.86,6305.49,False
XGBoost,0.888,0.95122,0.787879,0.861878,78,4,21,56859,7125.49,2748.86,820.0,3568.86,6305.49,False
XGBoost,0.889,0.95122,0.787879,0.861878,78,4,21,56859,7125.49,2748.86,820.0,3568.86,6305.49,False
XGBoost,0.89,0.95122,0.787879,0.861878,78,4,21,56859,7125.49,2748.86,820.0,3568.86,6305.49,False
XGBoost,0.891,0.95122,0.787879,0.861878,78,4,21,56859,7125.49,2748.86,820.0,3568.86,6305.49,False
XGBoost,0.892,0.95122,0.787879,0.861878,78,4,21,56859,7125.49,2748.86,820.0,3568.86,6305.49,False
XGBoost,0.893,0.95122,0.787879,0.861878,78,4,21,56859,7125.49,2748.86,820.0,3568.86,6305.49,False
XGBoost,0.894,0.95122,0.787879,0.861878,78,4,21,56859,7125.49,2748.86,820.0,3568.86,6305.49,False
XGBoost,0.895,0.95122,0.787879,0.861878,78,4,21,56859,7125.49,2748.86,820.0,3568.86,6305.49,False
XGBoost,0.896,0.95122,0.787879,0.861878,78,4,21,56859,7125.49,2748.86,820.0,3568.86,6305.49,False
XGBoost,0.897,0.95122,0.787879,0.861878,78,4,21,56859,7125.49,2748.86,820.0,3568.86,6305.49,False
XGBoost,0.898,0.962963,0.787879,0.866667,78,3,21,56860,7125.49,2748.86,810.0,3558.86,6315.49,False
XGBoost,0.899,0.962963,0.787879,0.866667,78,3,21,56860,7125.49,2748.86,810.0,3558.86,6315.49,False
XGBoost,0.9,0.962963,0.787879,0.866667,78,3,21,56860,7125.49,2748.86,810.0,3558.86,6315.49,False
XGBoost,0.901,0.962963,0.787879,0.866667,78,3,21,56860,7125.49,2748.86,810.0,3558.86,6315.49,False
XGBoost,0.902,0.962963,0.787879,0.866667,78,3,21,56860,7125.49,2748.86,810.0,3558.86,6315.49,False
XGBoost,0.903,0.962963,0.787879,0.866667,78,3,21,56860,7125.49,2748.86,810.0,3558.86,6315.49,False
XGBoost,0.904,0.962963,0.787879,0.866667,78,3,21,56860,7125.49,2748.86,810.0,3558.86,6315.49,False
XGBoost,0.905,0.962963,0.787879,0.866667,78,3,21,56860,7125.49,2748.86,810.0,3558.86,6315.49,False
XGBoost,0.906,0.962963,0.787879,0.866667,78,3,21,56860,7125.49,2748.86,810.0,3558.86,6315.49,False
XGBoost,0.907,0.962963,0.787879,0.866667,78,3,21,56860,7125.49,2748.86,810.0,3558.86,6315.49,False
XGBoost,0.908,0.962963,0.787879,0.866667,78,3,21,56860,7125.49,2748.86,810.0,3558.86,6315.49,False
XGBoost,0.909,0.962963,0.787879,0.866667,78,3,21,56860,7125.49,2748.86,810.0,3558.86,6315.49,False
XGBoost,0.91,0.962963,0.787879,0.866667,78,3,21,56860,7125.49,2748.86,810.0,3558.86,6315.49,False
XGBoost,0.911,0.962963,0.787879,0.866667,78,3,21,56860,7125.49,2748.86,810.0,3558.86,6315.49,False
XGBoost,0.912,0.962963,0.787879,0.866667,78,3,21,56860,7125.49,2748.86,810.0,3558.86,6315.49,False
XGBoost,0.913,0.962963,0.787879,0.866667,78,3,21,56860,7125.49,2748.86,810.0,3558.86,6315.49,False
XGBoost,0.914,0.962963,0.787879,0.866667,78,3,21,56860,7125.49,2748.86,810.0,3558.86,6315.49,False
XGBoost,0.915,0.962963,0.787879,0.866667,78,3,21,56860,7125.49,2748.86,810.0,3558.86,6315.49,False
XGBoost,0.916,0.962963,0.787879,0.866667,78,3,21,56860,7125.49,2748.86,810.0,3558.86,6315.49,False
XGBoost,0.917,0.962963,0.787879,0.866667,78,3,21,56860,7125.49,2748.86,810.0,3558.86,6315.49,False
XGBoost,0.918,0.962963,0.787879,0.866667,78,3,21,56860,7125.49,2748.86,810.0,3558.86,6315.49,False
XGBoost,0.919,0.962963,0.787879,0.866667,78,3,21,56860,7125.49,2748.86,810.0,3558.86,6315.49,False
XGBoost,0.92,0.962963,0.787879,0.866667,78,3,21,56860,7125.49,2748.86,810.0,3558.86,6315.49,False
XGBoost,0.921,0.975,0.787879,0.871508,78,2,21,56861,7125.49,2748.86,800.0,3548.86,6325.49,False
XGBoost,0.922,0.975,0.787879,0.871508,78,2,21,56861,7125.49,2748.86,800.0,3548.86,6325.49,False
XGBoost,0.923,0.975,0.787879,0.871508,78,2,21,56861,7125.49,2748.86,800.0,3548.86,6325.49,False
XGBoost,0.924,0.975,0.787879,0.871508,78,2,21,56861,7125.49,2748.86,800.0,3548.86,6325.49,False
XGBoost,0.925,0.975,0.787879,0.871508,78,2,21,56861,7125.49,2748.86,800.0,3548.86,6325.49,False
XGBoost,0.926,0.975,0.787879,0.871508,78,2,21,56861,7125.49,2748.86,800.0,3548.86,6325.49,False
XGBoost,0.927,0.975,0.787879,0.871508,78,2,21,56861,7125.49,2748.86,800.0,3548.86,6325.49,False
XGBoost,0.928,0.975,0.787879,0.871508,78,2,21,56861,7125.49,2748.86,800.0,3548.86,6325.49,False
XGBoost,0.929,0.975,0.787879,0.871508,78,2,21,56861,7125.49,2748.86,800.0,3548.86,6325.49,False
XGBoost,0.93,0.975,0.787879,0.871508,78,2,21,56861,7125.49,2748.86,800.0,3548.86,6325.49,False
XGBoost,0.931,0.975,0.787879,0.871508,78,2,21,56861,7125.49,2748.86,800.0,3548.86,6325.49,False
XGBoost,0.932,0.975,0.787879,0.871508,78,2,21,56861,7125.49,2748.86,800.0,3548.86,6325.49,False
XGBoost,0.933,0.975,0.787879,0.871508,78,2,21,56861,7125.49,2748.86,800.0,3548.86,6325.49,False
XGBoost,0.934,0.975,0.787879,0.871508,78,2,21,56861,7125.49,2748.86,800.0,3548.86,6325.49,False
XGBoost,0.935,0.975,0.787879,0.871508,78,2,21,56861,7125.49,2748.86,800.0,3548.86,6325.49,False
XGBoost,0.936,0.975,0.787879,0.871508,78,2,21,56861,7125.49,2748.86,800.0,3548.86,6325.49,False
XGBoost,0.937,0.974684,0.777778,0.865169,77,2,22,56861,7123.22,2751.13,790.0,3541.13,6333.22,False
XGBoost,0.938,0.974684,0.777778,0.865169,77,2,22,56861,7123.22,2751.13,790.0,3541.13,6333.22,False
XGBoost,0.939,0.974684,0.777778,0.865169,77,2,22,56861,7123.22,2751.13,790.0,3541.13,6333.22,False
XGBoost,0.94,0.974684,0.777778,0.865169,77,2,22,56861,7123.22,2751.13,790.0,3541.13,6333.22,False
XGBoost,0.941,0.974684,0.777778,0.865169,77,2,22,56861,7123.22,2751.13,790.0,3541.13,6333.22,False
XGBoost,0.942,0.974684,0.777778,0.865169,77,2,22,56861,7123.22,2751.13,790.0,3541.13,6333.22,False
XGBoost,0.943,0.974684,0.777778,0.865169,77,2,22,56861,7123.22,2751.13,790.0,3541.13,6333.22,False
XGBoost,0.944,0.974359,0.767677,0.858757,76,2,23,56861,7099.86,2774.49,780.0,3554.49,6319.86,False
XGBoost,0.945,0.974359,0.767677,0.858757,76,2,23,56861,7099.86,2774.49,780.0,3554.49,6319.86,False
XGBoost,0.946,0.974359,0.767677,0.858757,76,2,23,56861,7099.86,2774.49,780.0,3554.49,6319.86,False
XGBoost,0.947,0.974359,0.767677,0.858757,76,2,23,56861,7099.86,2774.49,780.0,3554.49,6319.86,False
XGBoost,0.948,0.974359,0.767677,0.858757,76,2,23,56861,7099.86,2774.49,780.0,3554.49,6319.86,False
XGBoost,0.949,0.974359,0.767677,0.858757,76,2,23,56861,7099.86,2774.49,780.0,3554.49,6319.86,False
XGBoost,0.95,0.974359,0.767677,0.858757,76,2,23,56861,7099.86,2774.49,780.0,3554.49,6319.86,False
XGBoost,0.951,0.974359,0.767677,0.858757,76,2,23,56861,7099.86,2774.49,780.0,3554.49,6319.86,False
XGBoost,0.952,0.974359,0.767677,0.858757,76,2,23,56861,7099.86,2774.49,780.0,3554.49,6319.86,False
XGBoost,0.953,0.974359,0.767677,0.858757,76,2,23,56861,7099.86,2774.49,780.0,3554.49,6319.86,False
XGBoost,0.954,0.974359,0.767677,0.858757,76,2,23,56861,7099.86,2774.49,780.0,3554.49,6319.86,False
XGBoost,0.955,0.974026,0.757576,0.852273,75,2,24,56861,7059.86,2814.49,770.0,3584.49,6289.86,False
XGBoost,0.956,0.974026,0.757576,0.852273,75,2,24,56861,7059.86,2814.49,770.0,3584.49,6289.86,False
XGBoost,0.957,0.974026,0.757576,0.852273,75,2,24,56861,7059.86,2814.49,770.0,3584.49,6289.86,False
XGBoost,0.958,0.974026,0.757576,0.852273,75,2,24,56861,7059.86,2814.49,770.0,3584.49,6289.86,False
XGBoost,0.959,0.974026,0.757576,0.852273,75,2,24,56861,7059.86,2814.49,770.0,3584.49,6289.86,False
XGBoost,0.96,0.974026,0.757576,0.852273,75,2,24,56861,7059.86,2814.49,770.0,3584.49,6289.86,False
XGBoost,0.961,0.974026,0.757576,0.852273,75,2,24,56861,7059.86,2814.49,770.0,3584.49,6289.86,False
XGBoost,0.962,0.974026,0.757576,0.852273,75,2,24,56861,7059.86,2814.49,770.0,3584.49,6289.86,False
XGBoost,0.963,0.974026,0.757576,0.852273,75,2,24,56861,7059.86,2814.49,770.0,3584.49,6289.86,False
XGBoost,0.964,0.974026,0.757576,0.852273,75,2,24,56861,7059.86,2814.49,770.0,3584.49,6289.86,False
XGBoost,0.965,0.974026,0.757576,0.852273,75,2,24,56861,7059.86,2814.49,770.0,3584.49,6289.86,False
XGBoost,0.966,0.974026,0.757576,0.852273,75,2,24,56861,7059.86,2814.49,770.0,3584.49,6289.86,False
XGBoost,0.967,0.974026,0.757576,0.852273,75,2,24,56861,7059.86,2814.49,770.0,3584.49,6289.86,False
XGBoost,0.968,0.974026,0.757576,0.852273,75,2,24,56861,7059.86,2814.49,770.0,3584.49,6289.86,False
XGBoost,0.969,0.974026,0.757576,0.852273,75,2,24,56861,7059.86,2814.49,770.0,3584.49,6289.86,False
XGBoost,0.97,0.974026,0.757576,0.852273,75,2,24,56861,7059.86,2814.49,770.0,3584.49,6289.86,False
XGBoost,0.971,0.974026,0.757576,0.852273,75,2,24,56861,7059.86,2814.49,770.0,3584.49,6289.86,False
XGBoost,0.972,0.974026,0.757576,0.852273,75,2,24,56861,7059.86,2814.49,770.0,3584.49,6289.86,False
XGBoost,0.973,0.974026,0.757576,0.852273,75,2,24,56861,7059.86,2814.49,770.0,3584.49,6289.86,False
XGBoost,0.974,0.974026,0.757576,0.852273,75,2,24,56861,7059.86,2814.49,770.0,3584.49,6289.86,False
XGBoost,0.975,0.974026,0.757576,0.852273,75,2,24,56861,7059.86,2814.49,770.0,3584.49,6289.86,False
XGBoost,0.976,0.974026,0.757576,0.852273,75,2,24,56861,7059.86,2814.49,770.0,3584.49,6289.86,False
XGBoost,0.977,0.974026,0.757576,0.852273,75,2,24,56861,7059.86,2814.49,770.0,3584.49,6289.86,False
XGBoost,0.978,0.974026,0.757576,0.852273,75,2,24,56861,7059.86,2814.49,770.0,3584.49,6289.86,False
XGBoost,0.979,0.974026,0.757576,0.852273,75,2,24,56861,7059.86,2814.49,770.0,3584.49,6289.86,False
XGBoost,0.98,0.973684,0.747475,0.845714,74,2,25,56861,6935.33,2939.02,760.0,3699.02,6175.33,False
XGBoost,0.981,0.973684,0.747475,0.845714,74,2,25,56861,6935.33,2939.02,760.0,3699.02,6175.33,False
XGBoost,0.982,0.973684,0.747475,0.845714,74,2,25,56861,6935.33,2939.02,760.0,3699.02,6175.33,False
XGBoost,0.983,0.986301,0.727273,0.837209,72,1,27,56862,6925.43,2948.92,730.0,3678.92,6195.43,False
XGBoost,0.984,0.986301,0.727273,0.837209,72,1,27,56862,6925.43,2948.92,730.0,3678.92,6195.43,False
XGBoost,0.985,0.986301,0.727273,0.837209,72,1,27,56862,6925.43,2948.92,730.0,3678.92,6195.43,False
XGBoost,0.986,0.985915,0.707071,0.823529,70,1,29,56862,6801.43,3072.92,710.0,3782.92,6091.43,False
XGBoost,0.987,0.985915,0.707071,0.823529,70,1,29,56862,6801.43,3072.92,710.0,3782.92,6091.43,False
XGBoost,0.988,0.985714,0.69697,0.816568,69,1,30,56862,6800.66,3073.69,700.0,3773.69,6100.66,False
XGBoost,0.989,0.985714,0.69697,0.816568,69,1,30,56862,6800.66,3073.69,700.0,3773.69,6100.66,False
XGBoost,0.99,1.0,0.69697,0.821429,69,0,30,56863,6800.66,3073.69,690.0,3763.69,6110.66,False
XGBoost,0.991,1.0,0.686869,0.814371,68,0,31,56863,6799.9,3074.45,680.0,3754.45,6119.9,False
XGBoost,0.992,1.0,0.676768,0.807229,67,0,32,56863,6538.68,3335.67,670.0,4005.67,5868.68,False
XGBoost,0.993,1.0,0.656566,0.792683,65,0,34,56863,6529.38,3344.97,650.0,3994.97,5879.38,False
XGBoost,0.994,1.0,0.646465,0.785276,64,0,35,56863,6528.38,3345.97,640.0,3985.97,5888.38,False
XGBoost,0.995,1.0,0.616162,0.7625,61,0,38,56863,6434.95,3439.4,610.0,4049.4,5824.95,False
XGBoost,0.996,1.0,0.575758,0.730769,57,0,42,56863,5886.3,3988.05,570.0,4558.05,5316.3,False
XGBoost,0.997,1.0,0.535354,0.697368,53,0,46,56863,5642.67,4231.68,530.0,4761.68,5112.67,False
XGBoost,0.998,1.0,0.505051,0.671141,50,0,49,56863,5480.94,4393.41,500.0,4893.41,4980.94,False
XGBoost,0.999,1.0,0.383838,0.554745,38,0,61,56863,4694.4,5179.95,380.0,5559.95,4314.4,False
Random Forest,0.001,0.023466,0.919192,0.045763,91,3787,8,53076,7731.86,2142.49,38780.0,40922.49,-31048.14,False
Random Forest,0.002,0.023466,0.919192,0.045763,91,3787,8,53076,7731.86,2142.49,38780.0,40922.49,-31048.14,False
Random Forest,0.003,0.023466,0.919192,0.045763,91,3787,8,53076,7731.86,2142.49,38780.0,40922.49,-31048.14,False
Random Forest,0.004,0.065886,0.909091,0.122867,90,1276,9,55587,7731.86,2142.49,13660.0,15802.49,-5928.14,False
Random Forest,0.005,0.065886,0.909091,0.122867,90,1276,9,55587,7731.86,2142.49,13660.0,15802.49,-5928.14,False
Random Forest,0.006,0.065886,0.909091,0.122867,90,1276,9,55587,7731.86,2142.49,13660.0,15802.49,-5928.14,False
Random Forest,0.007,0.117035,0.909091,0.207373,90,679,9,56184,7731.86,2142.49,7690.0,9832.49,41.86,False
Random Forest,0.008,0.117035,0.909091,0.207373,90,679,9,56184,7731.86,2142.49,7690.0,9832.49,41.86,False
Random Forest,0.009,0.117035,0.909091,0.207373,90,679,9,56184,7731.86,2142.49,7690.0,9832.49,41.86,False
Random Forest,0.01,0.171429,0.909091,0.288462,90,435,9,56428,7731.86,2142.49,5250.0,7392.49,2481.86,False
Random Forest,0.011,0.175097,0.909091,0.293638,90,424,9,56439,7731.86,2142.49,5140.0,7282.49,2591.86,False
Random Forest,0.012,0.175097,0.909091,0.293638,90,424,9,56439,7731.86,2142.49,5140.0,7282.49,2591.86,False
Random Forest,0.013,0.175097,0.909091,0.293638,90,424,9,56439,7731.86,2142.49,5140.0,7282.49,2591.86,False
Random Forest,0.014,0.22739,0.888889,0.36214,88,299,11,56564,7377.42,2496.93,3870.0,6366.93,3507.42,False
Random Forest,0.015,0.22739,0.888889,0.36214,88,299,11,56564,7377.42,2496.93,3870.0,6366.93,3507.42,False
Random Forest,0.016,0.22739,0.888889,0.36214,88,299,11,56564,7377.42,2496.93,3870.0,6366.93,3507.42,False
Random Forest,0.017,0.27673,0.888889,0.422062,88,230,11,56633,7377.42,2496.93,3180.0,5676.93,4197.42,False
Random Forest,0.018,0.27673,0.888889,0.422062,88,230,11,56633,7377.42,2496.93,3180.0,5676.93,4197.42,False
Random Forest,0.019,0.27673,0.888889,0.422062,88,230,11,56633,7377.42,2496.93,3180.0,5676.93,4197.42,False
Random Forest,0.02,0.31769,0.888889,0.468085,88,189,11,56674,7377.42,2496.93,2770.0,5266.93,4607.42,False
Random Forest,0.021,0.318841,0.888889,0.469333,88,188,11,56675,7377.42,2496.93,2760.0,5256.93,4617.42,False
Random Forest,0.022,0.318841,0.888889,0.469333,88,188,11,56675,7377.42,2496.93,2760.0,5256.93,4617.42,False
Random Forest,0.023,0.318841,0.888889,0.469333,88,188,11,56675,7377.42,2496.93,2760.0,5256.93,4617.42,False
Random Forest,0.024,0.36214,0.888889,0.51462,88,155,11,56708,7377.42,2496.93,2430.0,4926.93,4947.42,False
Random Forest,0.025,0.36214,0.888889,0.51462,88,155,11,56708,7377.42,2496.93,2430.0,4926.93,4947.42,False
Random Forest,0.026,0.36214,0.888889,0.51462,88,155,11,56708,7377.42,2496.93,2430.0,4926.93,4947.42,False
Random Forest,0.027,0.407407,0.888889,0.55873,88,128,11,56735,7377.42,2496.93,2160.0,4656.93,5217.42,False
Random Forest,0.028,0.407407,0.888889,0.55873,88,128,11,56735,7377.42,2496.93,2160.0,4656.93,5217.42,False
Random Forest,0.029,0.407407,0.888889,0.55873,88,128,11,56735,7377.42,2496.93,2160.0,4656.93,5217.42,False
Random Forest,0.03,0.44898,0.888889,0.59661,88,108,11,56755,7377.42,2496.93,1960.0,4456.93,5417.42,False
Random Forest,0.031,0.44898,0.888889,0.59661,88,108,11,56755,7377.42,2496.93,1960.0,4456.93,5417.42,False
Random Forest,0.032,0.44898,0.888889,0.59661,88,108,11,56755,7377.42,2496.93,1960.0,4456.93,5417.42,False
Random Forest,0.033,0.44898,0.888889,0.59661,88,108,11,56755,7377.42,2496.93,1960.0,4456.93,5417.42,False
Random Forest,0.034,0.480874,0.888889,0.624113,88,95,11,56768,7377.42,2496.93,1830.0,4326.93,5547.42,False
Random Forest,0.035,0.480874,0.888889,0.624113,88,95,11,56768,7377.42,2496.93,1830.0,4326.93,5547.42,False
Random Forest,0.036,0.480874,0.888889,0.624113,88,95,11,56768,7377.42,2496.93,1830.0,4326.93,5547.42,False
Random Forest,0.037,0.494382,0.888889,0.635379,88,90,11,56773,7377.42,2496.93,1780.0,4276.93,5597.42,False
Random Forest,0.038,0.494382,0.888889,0.635379,88,90,11,56773,7377.42,2496.93,1780.0,4276.93,5597.42,False
Random Forest,0.039,0.494382,0.888889,0.635379,88,90,11,56773,7377.42,2496.93,1780.0,4276.93,5597.42,False
Random Forest,0.04,0.527273,0.878788,0.659091,87,78,12,56785,7376.66,2497.69,1650.0,4147.69,5726.66,False
Random Forest,0.041,0.527273,0.878788,0.659091,87,78,12,56785,7376.66,2497.69,1650.0,4147.69,5726.66,False
Random Forest,0.042,0.527273,0.878788,0.659091,87,78,12,56785,7376.66,2497.69,1650.0,4147.69,5726.66,False
Random Forest,0.043,0.527273,0.878788,0.659091,87,78,12,56785,7376.66,2497.69,1650.0,4147.69,5726.66,False
Random Forest,0.044,0.550633,0.878788,0.677043,87,71,12,56792,7376.66,2497.69,1580.0,4077.69,5796.66,False
Random Forest,0.045,0.550633,0.878788,0.677043,87,71,12,56792,7376.66,2497.69,1580.0,4077.69,5796.66,False
Random Forest,0.046,0.550633,0.878788,0.677043,87,71,12,56792,7376.66,2497.69,1580.0,4077.69,5796.66,False
Random Forest,0.047,0.564935,0.878788,0.687747,87,67,12,56796,7376.66,2497.69,1540.0,4037.69,5836.66,False
Random Forest,0.048,0.564935,0.878788,0.687747,87,67,12,56796,7376.66,2497.69,1540.0,4037.69,5836.66,False
Random Forest,0.049,0.564935,0.878788,0.687747,87,67,12,56796,7376.66,2497.69,1540.0,4037.69,5836.66,False
Random Forest,0.05,0.587838,0.878788,0.704453,87,61,12,56802,7376.66,2497.69,1480.0,3977.69,5896.66,False
Random Forest,0.051,0.587838,0.878788,0.704453,87,61,12,56802,7376.66,2497.69,1480.0,3977.69,5896.66,False
Random Forest,0.052,0.587838,0.878788,0.704453,87,61,12,56802,7376.66,2497.69,1480.0,3977.69,5896.66,False
Random Forest,0.053,0.587838,0.878788,0.704453,87,61,12,56802,7376.66,2497.69,1480.0,3977.69,5896.66,False
Random Forest,0.054,0.6,0.878788,0.713115,87,58,12,56805,7376.66,2497.69,1450.0,3947.69,5926.66,False
Random Forest,0.055,0.6,0.878788,0.713115,87,58,12,56805,7376.66,2497.69,1450.0,3947.69,5926.66,False
Random Forest,0.056,0.6,0.878788,0.713115,87,58,12,56805,7376.66,2497.69,1450.0,3947.69,5926.66,False
Random Forest,0.057,0.617021,0.878788,0.725,87,54,12,56809,7376.66,2497.69,1410.0,3907.69,5966.66,False
Random Forest,0.058,0.617021,0.878788,0.725,87,54,12,56809,7376.66,2497.69,1410.0,3907.69,5966.66,False
Random Forest,0.059,0.617021,0.878788,0.725,87,54,12,56809,7376.66,2497.69,1410.0,3907.69,5966.66,False
Random Forest,0.06,0.635036,0.878788,0.737288,87,50,12,56813,7376.66,2497.69,1370.0,3867.69,6006.66,False
Random Forest,0.061,0.635036,0.878788,0.737288,87,50,12,56813,7376.66,2497.69,1370.0,3867.69,6006.66,False
Random Forest,0.062,0.635036,0.878788,0.737288,87,50,12,56813,7376.66,2497.69,1370.0,3867.69,6006.66,False
Random Forest,0.063,0.635036,0.878788,0.737288,87,50,12,56813,7376.66,2497.69,1370.0,3867.69,6006.66,False
Random Forest,0.064,0.644444,0.878788,0.74359,87,48,12,56815,7376.66,2497.69,1350.0,3847.69,6026.66,False
Random Forest,0.065,0.644444,0.878788,0.74359,87,48,12,56815,7376.66,2497.69,1350.0,3847.69,6026.66,False
Random Forest,0.066,0.644444,0.878788,0.74359,87,48,12,56815,7376.66,2497.69,1350.0,3847.69,6026.66,False
Random Forest,0.067,0.654135,0.878788,0.75,87,46,12,56817,7376.66,2497.69,1330.0,3827.69,6046.66,False
Random Forest,0.068,0.654135,0.878788,0.75,87,46,12,56817,7376.66,2497.69,1330.0,3827.69,6046.66,False
Random Forest,0.069,0.654135,0.878788,0.75,87,46,12,56817,7376.66,2497.69,1330.0,3827.69,6046.66,False
Random Forest,0.07,0.674419,0.878788,0.763158,87,42,12,56821,7376.66,2497.69,1290.0,3787.69,6086.66,False
Random Forest,0.071,0.674419,0.878788,0.763158,87,42,12,56821,7376.66,2497.69,1290.0,3787.69,6086.66,False
Random Forest,0.072,0.674419,0.878788,0.763158,87,42,12,56821,7376.66,2497.69,1290.0,3787.69,6086.66,False
Random Forest,0.073,0.674419,0.878788,0.763158,87,42,12,56821,7376.66,2497.69,1290.0,3787.69,6086.66,False
Random Forest,0.074,0.685039,0.878788,0.769912,87,40,12,56823,7376.66,2497.69,1270.0,3767.69,6106.66,False
Random Forest,0.075,0.685039,0.878788,0.769912,87,40,12,56823,7376.66,2497.69,1270.0,3767.69,6106.66,False
Random Forest,0.076,0.685039,0.878788,0.769912,87,40,12,56823,7376.66,2497.69,1270.0,3767.69,6106.66,False
Random Forest,0.077,0.701613,0.878788,0.780269,87,37,12,56826,7376.66,2497.69,1240.0,3737.69,6136.66,False
Random Forest,0.078,0.701613,0.878788,0.780269,87,37,12,56826,7376.66,2497.69,1240.0,3737.69,6136.66,False
Random Forest,0.079,0.701613,0.878788,0.780269,87,37,12,56826,7376.66,2497.69,1240.0,3737.69,6136.66,False
Random Forest,0.08,0.707317,0.878788,0.783784,87,36,12,56827,7376.66,2497.69,1230.0,3727.69,6146.66,False
Random Forest,0.081,0.707317,0.878788,0.783784,87,36,12,56827,7376.66,2497.69,1230.0,3727.69,6146.66,False
Random Forest,0.082,0.707317,0.878788,0.783784,87,36,12,56827,7376.66,2497.69,1230.0,3727.69,6146.66,False
Random Forest,0.083,0.707317,0.878788,0.783784,87,36,12,56827,7376.66,2497.69,1230.0,3727.69,6146.66,False
Random Forest,0.084,0.719008,0.878788,0.790909,87,34,12,56829,7376.66,2497.69,1210.0,3707.69,6166.66,False
Random Forest,0.085,0.719008,0.878788,0.790909,87,34,12,56829,7376.66,2497.69,1210.0,3707.69,6166.66,False
Random Forest,0.086,0.719008,0.878788,0.790909,87,34,12,56829,7376.66,2497.69,1210.0,3707.69,6166.66,False
Random Forest,0.087,0.725,0.878788,0.794521,87,33,12,56830,7376.66,2497.69,1200.0,3697.69,6176.66,False
Random Forest,0.088,0.725,0.878788,0.794521,87,33,12,56830,7376.66,2497.69,1200.0,3697.69,6176.66,False
Random Forest,0.089,0.725,0.878788,0.794521,87,33,12,56830,7376.66,2497.69,1200.0,3697.69,6176.66,False
Random Forest,0.09,0.731092,0.878788,0.798165,87,32,12,56831,7376.66,2497.69,1190.0,3687.69,6186.66,False
Random Forest,0.091,0.731092,0.878788,0.798165,87,32,12,56831,7376.66,2497.69,1190.0,3687.69,6186.66,False
Random Forest,0.092,0.731092,0.878788,0.798165,87,32,12,56831,7376.66,2497.69,1190.0,3687.69,6186.66,False
Random Forest,0.093,0.731092,0.878788,0.798165,87,32,12,56831,7376.66,2497.69,1190.0,3687.69,6186.66,False
Random Forest,0.094,0.74359,0.878788,0.805556,87,30,12,56833,7376.66,2497.69,1170.0,3667.69,6206.66,False
Random Forest,0.095,0.74359,0.878788,0.805556,87,30,12,56833,7376.66,2497.69,1170.0,3667.69,6206.66,False
Random Forest,0.096,0.74359,0.878788,0.805556,87,30,12,56833,7376.66,2497.69,1170.0,3667.69,6206.66,False
Random Forest,0.097,0.756522,0.878788,0.813084,87,28,12,56835,7376.66,2497.69,1150.0,3647.69,6226.66,False
Random Forest,0.098,0.756522,0.878788,0.813084,87,28,12,56835,7376.66,2497.69,1150.0,3647.69,6226.66,False
Random Forest,0.099,0.756522,0.878788,0.813084,87,28,12,56835,7376.66,2497.69,1150.0,3647.69,6226.66,False
Random Forest,0.1,0.776786,0.878788,0.824645,87,25,12,56838,7376.66,2497.69,1120.0,3617.69,6256.66,False
Random Forest,0.101,0.776786,0.878788,0.824645,87,25,12,56838,7376.66,2497.69,1120.0,3617.69,6256.66,False
Random Forest,0.102,0.776786,0.878788,0.824645,87,25,12,56838,7376.66,2497.69,1120.0,3617.69,6256.66,False
Random Forest,0.103,0.776786,0.878788,0.824645,87,25,12,56838,7376.66,2497.69,1120.0,3617.69,6256.66,False
Random Forest,0.104,0.774775,0.868687,0.819048,86,25,13,56838,7369.6,2504.75,1110.0,3614.75,6259.6,False
Random Forest,0.105,0.774775,0.868687,0.819048,86,25,13,56838,7369.6,2504.75,1110.0,3614.75,6259.6,False
Random Forest,0.106,0.774775,0.868687,0.819048,86,25,13,56838,7369.6,2504.75,1110.0,3614.75,6259.6,False
Random Forest,0.107,0.788991,0.868687,0.826923,86,23,13,56840,7369.6,2504.75,1090.0,3594.75,6279.6,False
Random Forest,0.108,0.788991,0.868687,0.826923,86,23,13,56840,7369.6,2504.75,1090.0,3594.75,6279.6,False
Random Forest,0.109,0.788991,0.868687,0.826923,86,23,13,56840,7369.6,2504.75,1090.0,3594.75,6279.6,False
Random Forest,0.11,0.796296,0.868687,0.830918,86,22,13,56841,7369.6,2504.75,1080.0,3584.75,6289.6,False
Random Forest,0.111,0.796296,0.868687,0.830918,86,22,13,56841,7369.6,2504.75,1080.0,3584.75,6289.6,False
Random Forest,0.112,0.796296,0.868687,0.830918,86,22,13,56841,7369.6,2504.75,1080.0,3584.75,6289.6,False
Random Forest,0.113,0.796296,0.868687,0.830918,86,22,13,56841,7369.6,2504.75,1080.0,3584.75,6289.6,False
Random Forest,0.114,0.796296,0.868687,0.830918,86,22,13,56841,7369.6,2504.75,1080.0,3584.75,6289.6,False
Random Forest,0.115,0.796296,0.868687,0.830918,86,22,13,56841,7369.6,2504.75,1080.0,3584.75,6289.6,False
Random Forest,0.116,0.796296,0.868687,0.830918,86,22,13,56841,7369.6,2504.75,1080.0,3584.75,6289.6,False
Random Forest,0.117,0.796296,0.868687,0.830918,86,22,13,56841,7369.6,2504.75,1080.0,3584.75,6289.6,False
Random Forest,0.118,0.796296,0.868687,0.830918,86,22,13,56841,7369.6,2504.75,1080.0,3584.75,6289.6,False
Random Forest,0.119,0.796296,0.868687,0.830918,86,22,13,56841,7369.6,2504.75,1080.0,3584.75,6289.6,False
Random Forest,0.12,0.796296,0.868687,0.830918,86,22,13,56841,7369.6,2504.75,1080.0,3584.75,6289.6,False
Random Forest,0.121,0.796296,0.868687,0.830918,86,22,13,56841,7369.6,2504.75,1080.0,3584.75,6289.6,False
Random Forest,0.122,0.796296,0.868687,0.830918,86,22,13,56841,7369.6,2504.75,1080.0,3584.75,6289.6,False
Random Forest,0.123,0.796296,0.868687,0.830918,86,22,13,56841,7369.6,2504.75,1080.0,3584.75,6289.6,False
Random Forest,0.124,0.796296,0.868687,0.830918,86,22,13,56841,7369.6,2504.75,1080.0,3584.75,6289.6,False
Random Forest,0.125,0.796296,0.868687,0.830918,86,22,13,56841,7369.6,2504.75,1080.0,3584.75,6289.6,False
Random Forest,0.126,0.796296,0.868687,0.830918,86,22,13,56841,7369.6,2504.75,1080.0,3584.75,6289.6,False
Random Forest,0.127,0.796296,0.868687,0.830918,86,22,13,56841,7369.6,2504.75,1080.0,3584.75,6289.6,False
Random Forest,0.128,0.796296,0.868687,0.830918,86,22,13,56841,7369.6,2504.75,1080.0,3584.75,6289.6,False
Random Forest,0.129,0.796296,0.868687,0.830918,86,22,13,56841,7369.6,2504.75,1080.0,3584.75,6289.6,False
Random Forest,0.13,0.811321,0.868687,0.839024,86,20,13,56843,7369.6,2504.75,1060.0,3564.75,6309.6,False
Random Forest,0.131,0.811321,0.868687,0.839024,86,20,13,56843,7369.6,2504.75,1060.0,3564.75,6309.6,False
Random Forest,0.132,0.811321,0.868687,0.839024,86,20,13,56843,7369.6,2504.75,1060.0,3564.75,6309.6,False
Random Forest,0.133,0.811321,0.868687,0.839024,86,20,13,56843,7369.6,2504.75,1060.0,3564.75,6309.6,False
Random Forest,0.134,0.826923,0.868687,0.847291,86,18,13,56845,7369.6,2504.75,1040.0,3544.75,6329.6,False
Random Forest,0.135,0.826923,0.868687,0.847291,86,18,13,56845,7369.6,2504.75,1040.0,3544.75,6329.6,False
Random Forest,0.136,0.826923,0.868687,0.847291,86,18,13,56845,7369.6,2504.75,1040.0,3544.75,6329.6,False
Random Forest,0.137,0.843137,0.868687,0.855721,86,16,13,56847,7369.6,2504.75,1020.0,3524.75,6349.6,False
Random Forest,0.138,0.843137,0.868687,0.855721,86,16,13,56847,7369.6,2504.75,1020.0,3524.75,6349.6,False
Random Forest,0.139,0.843137,0.868687,0.855721,86,16,13,56847,7369.6,2504.75,1020.0,3524.75,6349.6,False
Random Forest,0.14,0.851485,0.868687,0.86,86,15,13,56848,7369.6,2504.75,1010.0,3514.75,6359.6,False
Random Forest,0.141,0.851485,0.868687,0.86,86,15,13,56848,7369.6,2504.75,1010.0,3514.75,6359.6,False
Random Forest,0.142,0.851485,0.868687,0.86,86,15,13,56848,7369.6,2504.75,1010.0,3514.75,6359.6,False
Random Forest,0.143,0.851485,0.868687,0.86,86,15,13,56848,7369.6,2504.75,1010.0,3514.75,6359.6,False
Random Forest,0.144,0.851485,0.868687,0.86,86,15,13,56848,7369.6,2504.75,1010.0,3514.75,6359.6,False
Random Forest,0.145,0.851485,0.868687,0.86,86,15,13,56848,7369.6,2504.75,1010.0,3514.75,6359.6,False
Random Forest,0.146,0.851485,0.868687,0.86,86,15,13,56848,7369.6,2504.75,1010.0,3514.75,6359.6,False
Random Forest,0.147,0.86,0.868687,0.864322,86,14,13,56849,7369.6,2504.75,1000.0,3504.75,6369.6,False
Random Forest,0.148,0.86,0.868687,0.864322,86,14,13,56849,7369.6,2504.75,1000.0,3504.75,6369.6,False
Random Forest,0.149,0.86,0.868687,0.864322,86,14,13,56849,7369.6,2504.75,1000.0,3504.75,6369.6,False
Random Forest,0.15,0.86,0.868687,0.864322,86,14,13,56849,7369.6,2504.75,1000.0,3504.75,6369.6,False
Random Forest,0.151,0.86,0.868687,0.864322,86,14,13,56849,7369.6,2504.75,1000.0,3504.75,6369.6,False
Random Forest,0.152,0.86,0.868687,0.864322,86,14,13,56849,7369.6,2504.75,1000.0,3504.75,6369.6,False
Random Forest,0.153,0.86,0.868687,0.864322,86,14,13,56849,7369.6,2504.75,1000.0,3504.75,6369.6,False
Random Forest,0.154,0.868687,0.868687,0.868687,86,13,13,56850,7369.6,2504.75,990.0,3494.75,6379.6,False
Random Forest,0.155,0.868687,0.868687,0.868687,86,13,13,56850,7369.6,2504.75,990.0,3494.75,6379.6,False
Random Forest,0.156,0.868687,0.868687,0.868687,86,13,13,56850,7369.6,2504.75,990.0,3494.75,6379.6,False
Random Forest,0.157,0.877551,0.868687,0.873096,86,12,13,56851,7369.6,2504.75,980.0,3484.75,6389.6,False
Random Forest,0.158,0.877551,0.868687,0.873096,86,12,13,56851,7369.6,2504.75,980.0,3484.75,6389.6,False
Random Forest,0.159,0.877551,0.868687,0.873096,86,12,13,56851,7369.6,2504.75,980.0,3484.75,6389.6,False
Random Forest,0.16,0.877551,0.868687,0.873096,86,12,13,56851,7369.6,2504.75,980.0,3484.75,6389.6,False
Random Forest,0.161,0.877551,0.868687,0.873096,86,12,13,56851,7369.6,2504.75,980.0,3484.75,6389.6,False
Random Forest,0.162,0.877551,0.868687,0.873096,86,12,13,56851,7369.6,2504.75,980.0,3484.75,6389.6,False
Random Forest,0.163,0.877551,0.868687,0.873096,86,12,13,56851,7369.6,2504.75,980.0,3484.75,6389.6,False
Random Forest,0.164,0.877551,0.868687,0.873096,86,12,13,56851,7369.6,2504.75,980.0,3484.75,6389.6,False
Random Forest,0.165,0.877551,0.868687,0.873096,86,12,13,56851,7369.6,2504.75,980.0,3484.75,6389.6,False
Random Forest,0.166,0.877551,0.868687,0.873096,86,12,13,56851,7369.6,2504.75,980.0,3484.75,6389.6,False
Random Forest,0.167,0.877551,0.868687,0.873096,86,12,13,56851,7369.6,2504.75,980.0,3484.75,6389.6,False
Random Forest,0.168,0.877551,0.868687,0.873096,86,12,13,56851,7369.6,2504.75,980.0,3484.75,6389.6,False
Random Forest,0.169,0.877551,0.868687,0.873096,86,12,13,56851,7369.6,2504.75,980.0,3484.75,6389.6,False
Random Forest,0.17,0.877551,0.868687,0.873096,86,12,13,56851,7369.6,2504.75,980.0,3484.75,6389.6,False
Random Forest,0.171,0.877551,0.868687,0.873096,86,12,13,56851,7369.6,2504.75,980.0,3484.75,6389.6,False
Random Forest,0.172,0.877551,0.868687,0.873096,86,12,13,56851,7369.6,2504.75,980.0,3484.75,6389.6,False
Random Forest,0.173,0.877551,0.868687,0.873096,86,12,13,56851,7369.6,2504.75,980.0,3484.75,6389.6,False
Random Forest,0.174,0.877551,0.868687,0.873096,86,12,13,56851,7369.6,2504.75,980.0,3484.75,6389.6,False
Random Forest,0.175,0.877551,0.868687,0.873096,86,12,13,56851,7369.6,2504.75,980.0,3484.75,6389.6,False
Random Forest,0.176,0.877551,0.868687,0.873096,86,12,13,56851,7369.6,2504.75,980.0,3484.75,6389.6,False
Random Forest,0.177,0.877551,0.868687,0.873096,86,12,13,56851,7369.6,2504.75,980.0,3484.75,6389.6,False
Random Forest,0.178,0.877551,0.868687,0.873096,86,12,13,56851,7369.6,2504.75,980.0,3484.75,6389.6,False
Random Forest,0.179,0.877551,0.868687,0.873096,86,12,13,56851,7369.6,2504.75,980.0,3484.75,6389.6,False
Random Forest,0.18,0.877551,0.868687,0.873096,86,12,13,56851,7369.6,2504.75,980.0,3484.75,6389.6,False
Random Forest,0.181,0.877551,0.868687,0.873096,86,12,13,56851,7369.6,2504.75,980.0,3484.75,6389.6,False
Random Forest,0.182,0.877551,0.868687,0.873096,86,12,13,56851,7369.6,2504.75,980.0,3484.75,6389.6,False
Random Forest,0.183,0.877551,0.868687,0.873096,86,12,13,56851,7369.6,2504.75,980.0,3484.75,6389.6,False
Random Forest,0.184,0.877551,0.868687,0.873096,86,12,13,56851,7369.6,2504.75,980.0,3484.75,6389.6,False
Random Forest,0.185,0.877551,0.868687,0.873096,86,12,13,56851,7369.6,2504.75,980.0,3484.75,6389.6,False
Random Forest,0.186,0.877551,0.868687,0.873096,86,12,13,56851,7369.6,2504.75,980.0,3484.75,6389.6,False
Random Forest,0.187,0.886598,0.868687,0.877551,86,11,13,56852,7369.6,2504.75,970.0,3474.75,6399.6,False
Random Forest,0.188,0.886598,0.868687,0.877551,86,11,13,56852,7369.6,2504.75,970.0,3474.75,6399.6,False
Random Forest,0.189,0.886598,0.868687,0.877551,86,11,13,56852,7369.6,2504.75,970.0,3474.75,6399.6,False
Random Forest,0.19,0.885417,0.858586,0.871795,85,11,14,56852,7367.38,2506.97,960.0,3466.97,6407.38,False
Random Forest,0.191,0.885417,0.858586,0.871795,85,11,14,56852,7367.38,2506.97,960.0,3466.97,6407.38,False
Random Forest,0.192,0.885417,0.858586,0.871795,85,11,14,56852,7367.38,2506.97,960.0,3466.97,6407.38,False
Random Forest,0.193,0.885417,0.858586,0.871795,85,11,14,56852,7367.38,2506.97,960.0,3466.97,6407.38,False
Random Forest,0.194,0.885417,0.858586,0.871795,85,11,14,56852,7367.38,2506.97,960.0,3466.97,6407.38,False
Random Forest,0.195,0.885417,0.858586,0.871795,85,11,14,56852,7367.38,2506.97,960.0,3466.97,6407.38,False
Random Forest,0.196,0.885417,0.858586,0.871795,85,11,14,56852,7367.38,2506.97,960.0,3466.97,6407.38,False
Random Forest,0.197,0.885417,0.858586,0.871795,85,11,14,56852,7367.38,2506.97,960.0,3466.97,6407.38,False
Random Forest,0.198,0.885417,0.858586,0.871795,85,11,14,56852,7367.38,2506.97,960.0,3466.97,6407.38,False
Random Forest,0.199,0.885417,0.858586,0.871795,85,11,14,56852,7367.38,2506.97,960.0,3466.97,6407.38,False
Random Forest,0.2,0.885417,0.858586,0.871795,85,11,14,56852,7367.38,2506.97,960.0,3466.97,6407.38,False
Random Forest,0.201,0.885417,0.858586,0.871795,85,11,14,56852,7367.38,2506.97,960.0,3466.97,6407.38,False
Random Forest,0.202,0.885417,0.858586,0.871795,85,11,14,56852,7367.38,2506.97,960.0,3466.97,6407.38,False
Random Forest,0.203,0.885417,0.858586,0.871795,85,11,14,56852,7367.38,2506.97,960.0,3466.97,6407.38,False
Random Forest,0.204,0.885417,0.858586,0.871795,85,11,14,56852,7367.38,2506.97,960.0,3466.97,6407.38,False
Random Forest,0.205,0.885417,0.858586,0.871795,85,11,14,56852,7367.38,2506.97,960.0,3466.97,6407.38,False
Random Forest,0.206,0.885417,0.858586,0.871795,85,11,14,56852,7367.38,2506.97,960.0,3466.97,6407.38,False
Random Forest,0.207,0.885417,0.858586,0.871795,85,11,14,56852,7367.38,2506.97,960.0,3466.97,6407.38,False
Random Forest,0.208,0.885417,0.858586,0.871795,85,11,14,56852,7367.38,2506.97,960.0,3466.97,6407.38,False
Random Forest,0.209,0.885417,0.858586,0.871795,85,11,14,56852,7367.38,2506.97,960.0,3466.97,6407.38,False
Random Forest,0.21,0.885417,0.858586,0.871795,85,11,14,56852,7367.38,2506.97,960.0,3466.97,6407.38,False
Random Forest,0.211,0.885417,0.858586,0.871795,85,11,14,56852,7367.38,2506.97,960.0,3466.97,6407.38,False
Random Forest,0.212,0.885417,0.858586,0.871795,85,11,14,56852,7367.38,2506.97,960.0,3466.97,6407.38,False
Random Forest,0.213,0.885417,0.858586,0.871795,85,11,14,56852,7367.38,2506.97,960.0,3466.97,6407.38,False
Random Forest,0.214,0.885417,0.858586,0.871795,85,11,14,56852,7367.38,2506.97,960.0,3466.97,6407.38,False
Random Forest,0.215,0.885417,0.858586,0.871795,85,11,14,56852,7367.38,2506.97,960.0,3466.97,6407.38,False
Random Forest,0.216,0.885417,0.858586,0.871795,85,11,14,56852,7367.38,2506.97,960.0,3466.97,6407.38,False
Random Forest,0.217,0.885417,0.858586,0.871795,85,11,14,56852,7367.38,2506.97,960.0,3466.97,6407.38,False
Random Forest,0.218,0.885417,0.858586,0.871795,85,11,14,56852,7367.38,2506.97,960.0,3466.97,6407.38,False
Random Forest,0.219,0.885417,0.858586,0.871795,85,11,14,56852,7367.38,2506.97,960.0,3466.97,6407.38,False
Random Forest,0.22,0.885417,0.858586,0.871795,85,11,14,56852,7367.38,2506.97,960.0,3466.97,6407.38,False
Random Forest,0.221,0.885417,0.858586,0.871795,85,11,14,56852,7367.38,2506.97,960.0,3466.97,6407.38,False
Random Forest,0.222,0.885417,0.858586,0.871795,85,11,14,56852,7367.38,2506.97,960.0,3466.97,6407.38,False
Random Forest,0.223,0.885417,0.858586,0.871795,85,11,14,56852,7367.38,2506.97,960.0,3466.97,6407.38,False
Random Forest,0.224,0.885417,0.858586,0.871795,85,11,14,56852,7367.38,2506.97,960.0,3466.97,6407.38,False
Random Forest,0.225,0.885417,0.858586,0.871795,85,11,14,56852,7367.38,2506.97,960.0,3466.97,6407.38,False
Random Forest,0.226,0.885417,0.858586,0.871795,85,11,14,56852,7367.38,2506.97,960.0,3466.97,6407.38,False
Random Forest,0.227,0.885417,0.858586,0.871795,85,11,14,56852,7367.38,2506.97,960.0,3466.97,6407.38,False
Random Forest,0.228,0.885417,0.858586,0.871795,85,11,14,56852,7367.38,2506.97,960.0,3466.97,6407.38,False
Random Forest,0.229,0.885417,0.858586,0.871795,85,11,14,56852,7367.38,2506.97,960.0,3466.97,6407.38,False
Random Forest,0.23,0.894737,0.858586,0.876289,85,10,14,56853,7367.38,2506.97,950.0,3456.97,6417.38,False
Random Forest,0.231,0.894737,0.858586,0.876289,85,10,14,56853,7367.38,2506.97,950.0,3456.97,6417.38,False
Random Forest,0.232,0.894737,0.858586,0.876289,85,10,14,56853,7367.38,2506.97,950.0,3456.97,6417.38,False
Random Forest,0.233,0.894737,0.858586,0.876289,85,10,14,56853,7367.38,2506.97,950.0,3456.97,6417.38,False
Random Forest,0.234,0.894737,0.858586,0.876289,85,10,14,56853,7367.38,2506.97,950.0,3456.97,6417.38,False
Random Forest,0.235,0.894737,0.858586,0.876289,85,10,14,56853,7367.38,2506.97,950.0,3456.97,6417.38,False
Random Forest,0.236,0.894737,0.858586,0.876289,85,10,14,56853,7367.38,2506.97,950.0,3456.97,6417.38,False
Random Forest,0.237,0.894737,0.858586,0.876289,85,10,14,56853,7367.38,2506.97,950.0,3456.97,6417.38,False
Random Forest,0.238,0.894737,0.858586,0.876289,85,10,14,56853,7367.38,2506.97,950.0,3456.97,6417.38,False
Random Forest,0.239,0.894737,0.858586,0.876289,85,10,14,56853,7367.38,2506.97,950.0,3456.97,6417.38,False
Random Forest,0.24,0.894737,0.858586,0.876289,85,10,14,56853,7367.38,2506.97,950.0,3456.97,6417.38,False
Random Forest,0.241,0.894737,0.858586,0.876289,85,10,14,56853,7367.38,2506.97,950.0,3456.97,6417.38,False
Random Forest,0.242,0.894737,0.858586,0.876289,85,10,14,56853,7367.38,2506.97,950.0,3456.97,6417.38,False
Random Forest,0.243,0.894737,0.858586,0.876289,85,10,14,56853,7367.38,2506.97,950.0,3456.97,6417.38,False
Random Forest,0.244,0.894737,0.858586,0.876289,85,10,14,56853,7367.38,2506.97,950.0,3456.97,6417.38,False
Random Forest,0.245,0.894737,0.858586,0.876289,85,10,14,56853,7367.38,2506.97,950.0,3456.97,6417.38,False
Random Forest,0.246,0.894737,0.858586,0.876289,85,10,14,56853,7367.38,2506.97,950.0,3456.97,6417.38,False
Random Forest,0.247,0.894737,0.858586,0.876289,85,10,14,56853,7367.38,2506.97,950.0,3456.97,6417.38,False
Random Forest,0.248,0.894737,0.858586,0.876289,85,10,14,56853,7367.38,2506.97,950.0,3456.97,6417.38,False
Random Forest,0.249,0.894737,0.858586,0.876289,85,10,14,56853,7367.38,2506.97,950.0,3456.97,6417.38,False
Random Forest,0.25,0.892473,0.838384,0.864583,83,10,16,56853,7186.72,2687.63,930.0,3617.63,6256.72,False
Random Forest,0.251,0.892473,0.838384,0.864583,83,10,16,56853,7186.72,2687.63,930.0,3617.63,6256.72,False
Random Forest,0.252,0.892473,0.838384,0.864583,83,10,16,56853,7186.72,2687.63,930.0,3617.63,6256.72,False
Random Forest,0.253,0.892473,0.838384,0.864583,83,10,16,56853,7186.72,2687.63,930.0,3617.63,6256.72,False
Random Forest,0.254,0.892473,0.838384,0.864583,83,10,16,56853,7186.72,2687.63,930.0,3617.63,6256.72,False
Random Forest,0.255,0.892473,0.838384,0.864583,83,10,16,56853,7186.72,2687.63,930.0,3617.63,6256.72,False
Random Forest,0.256,0.892473,0.838384,0.864583,83,10,16,56853,7186.72,2687.63,930.0,3617.63,6256.72,False
Random Forest,0.257,0.891304,0.828283,0.858639,82,10,17,56853,7167.68,2706.67,920.0,3626.67,6247.68,False
Random Forest,0.258,0.891304,0.828283,0.858639,82,10,17,56853,7167.68,2706.67,920.0,3626.67,6247.68,False
Random Forest,0.259,0.891304,0.828283,0.858639,82,10,17,56853,7167.68,2706.67,920.0,3626.67,6247.68,False
Random Forest,0.26,0.891304,0.828283,0.858639,82,10,17,56853,7167.68,2706.67,920.0,3626.67,6247.68,False
Random Forest,0.261,0.891304,0.828283,0.858639,82,10,17,56853,7167.68,2706.67,920.0,3626.67,6247.68,False
Random Forest,0.262,0.891304,0.828283,0.858639,82,10,17,56853,7167.68,2706.67,920.0,3626.67,6247.68,False
Random Forest,0.263,0.891304,0.828283,0.858639,82,10,17,56853,7167.68,2706.67,920.0,3626.67,6247.68,False
Random Forest,0.264,0.891304,0.828283,0.858639,82,10,17,56853,7167.68,2706.67,920.0,3626.67,6247.68,False
Random Forest,0.265,0.891304,0.828283,0.858639,82,10,17,56853,7167.68,2706.67,920.0,3626.67,6247.68,False
Random Forest,0.266,0.891304,0.828283,0.858639,82,10,17,56853,7167.68,2706.67,920.0,3626.67,6247.68,False
Random Forest,0.267,0.89011,0.818182,0.852632,81,10,18,56853,7156.29,2718.06,910.0,3628.06,6246.29,False
Random Forest,0.268,0.89011,0.818182,0.852632,81,10,18,56853,7156.29,2718.06,910.0,3628.06,6246.29,False
Random Forest,0.269,0.89011,0.818182,0.852632,81,10,18,56853,7156.29,2718.06,910.0,3628.06,6246.29,False
Random Forest,0.27,0.89011,0.818182,0.852632,81,10,18,56853,7156.29,2718.06,910.0,3628.06,6246.29,False
Random Forest,0.271,0.89011,0.818182,0.852632,81,10,18,56853,7156.29,2718.06,910.0,3628.06,6246.29,False
Random Forest,0.272,0.89011,0.818182,0.852632,81,10,18,56853,7156.29,2718.06,910.0,3628.06,6246.29,False
Random Forest,0.273,0.89011,0.818182,0.852632,81,10,18,56853,7156.29,2718.06,910.0,3628.06,6246.29,False
Random Forest,0.274,0.89011,0.818182,0.852632,81,10,18,56853,7156.29,2718.06,910.0,3628.06,6246.29,False
Random Forest,0.275,0.89011,0.818182,0.852632,81,10,18,56853,7156.29,2718.06,910.0,3628.06,6246.29,False
Random Forest,0.276,0.89011,0.818182,0.852632,81,10,18,56853,7156.29,2718.06,910.0,3628.06,6246.29,False
Random Forest,0.277,0.89011,0.818182,0.852632,81,10,18,56853,7156.29,2718.06,910.0,3628.06,6246.29,True
Random Forest,0.278,0.89011,0.818182,0.852632,81,10,18,56853,7156.29,2718.06,910.0,3628.06,6246.29,False
Random Forest,0.279,0.89011,0.818182,0.852632,81,10,18,56853,7156.29,2718.06,910.0,3628.06,6246.29,False
Random Forest,0.28,0.89011,0.818182,0.852632,81,10,18,56853,7156.29,2718.06,910.0,3628.06,6246.29,False
Random Forest,0.281,0.89011,0.818182,0.852632,81,10,18,56853,7156.29,2718.06,910.0,3628.06,6246.29,False
Random Forest,0.282,0.89011,0.818182,0.852632,81,10,18,56853,7156.29,2718.06,910.0,3628.06,6246.29,False
Random Forest,0.283,0.89011,0.818182,0.852632,81,10,18,56853,7156.29,2718.06,910.0,3628.06,6246.29,False
Random Forest,0.284,0.89011,0.818182,0.852632,81,10,18,56853,7156.29,2718.06,910.0,3628.06,6246.29,False
Random Forest,0.285,0.89011,0.818182,0.852632,81,10,18,56853,7156.29,2718.06,910.0,3628.06,6246.29,False
Random Forest,0.286,0.89011,0.818182,0.852632,81,10,18,56853,7156.29,2718.06,910.0,3628.06,6246.29,False
Random Forest,0.287,0.89011,0.818182,0.852632,81,10,18,56853,7156.29,2718.06,910.0,3628.06,6246.29,False
Random Forest,0.288,0.89011,0.818182,0.852632,81,10,18,56853,7156.29,2718.06,910.0,3628.06,6246.29,False
Random Forest,0.289,0.89011,0.818182,0.852632,81,10,18,56853,7156.29,2718.06,910.0,3628.06,6246.29,False
Random Forest,0.29,0.89011,0.818182,0.852632,81,10,18,56853,7156.29,2718.06,910.0,3628.06,6246.29,False
Random Forest,0.291,0.89011,0.818182,0.852632,81,10,18,56853,7156.29,2718.06,910.0,3628.06,6246.29,False
Random Forest,0.292,0.89011,0.818182,0.852632,81,10,18,56853,7156.29,2718.06,910.0,3628.06,6246.29,False
Random Forest,0.293,0.89011,0.818182,0.852632,81,10,18,56853,7156.29,2718.06,910.0,3628.06,6246.29,False
Random Forest,0.294,0.89011,0.818182,0.852632,81,10,18,56853,7156.29,2718.06,910.0,3628.06,6246.29,False
Random Forest,0.295,0.89011,0.818182,0.852632,81,10,18,56853,7156.29,2718.06,910.0,3628.06,6246.29,False
Random Forest,0.296,0.89011,0.818182,0.852632,81,10,18,56853,7156.29,2718.06,910.0,3628.06,6246.29,False
Random Forest,0.297,0.89011,0.818182,0.852632,81,10,18,56853,7156.29,2718.06,910.0,3628.06,6246.29,False
Random Forest,0.298,0.89011,0.818182,0.852632,81,10,18,56853,7156.29,2718.06,910.0,3628.06,6246.29,False
Random Forest,0.299,0.89011,0.818182,0.852632,81,10,18,56853,7156.29,2718.06,910.0,3628.06,6246.29,False
Random Forest,0.3,0.89011,0.818182,0.852632,81,10,18,56853,7156.29,2718.06,910.0,3628.06,6246.29,False
Random Forest,0.301,0.89011,0.818182,0.852632,81,10,18,56853,7156.29,2718.06,910.0,3628.06,6246.29,False
Random Forest,0.302,0.89011,0.818182,0.852632,81,10,18,56853,7156.29,2718.06,910.0,3628.06,6246.29,False
Random Forest,0.303,0.89011,0.818182,0.852632,81,10,18,56853,7156.29,2718.06,910.0,3628.06,6246.29,False
Random Forest,0.304,0.89011,0.818182,0.852632,81,10,18,56853,7156.29,2718.06,910.0,3628.06,6246.29,False
Random Forest,0.305,0.89011,0.818182,0.852632,81,10,18,56853,7156.29,2718.06,910.0,3628.06,6246.29,False
Random Forest,0.306,0.89011,0.818182,0.852632,81,10,18,56853,7156.29,2718.06,910.0,3628.06,6246.29,False
Random Forest,0.307,0.89011,0.818182,0.852632,81,10,18,56853,7156.29,2718.06,910.0,3628.06,6246.29,False
Random Forest,0.308,0.89011,0.818182,0.852632,81,10,18,56853,7156.29,2718.06,910.0,3628.06,6246.29,False
Random Forest,0.309,0.89011,0.818182,0.852632,81,10,18,56853,7156.29,2718.06,910.0,3628.06,6246.29,False
Random Forest,0.31,0.89011,0.818182,0.852632,81,10,18,56853,7156.29,2718.06,910.0,3628.06,6246.29,False
Random Forest,0.311,0.89011,0.818182,0.852632,81,10,18,56853,7156.29,2718.06,910.0,3628.06,6246.29,False
Random Forest,0.312,0.89011,0.818182,0.852632,81,10,18,56853,7156.29,2718.06,910.0,3628.06,6246.29,False
Random Forest,0.313,0.89011,0.818182,0.852632,81,10,18,56853,7156.29,2718.06,910.0,3628.06,6246.29,False
Random Forest,0.314,0.89011,0.818182,0.852632,81,10,18,56853,7156.29,2718.06,910.0,3628.06,6246.29,False
Random Forest,0.315,0.89011,0.818182,0.852632,81,10,18,56853,7156.29,2718.06,910.0,3628.06,6246.29,False
Random Forest,0.316,0.89011,0.818182,0.852632,81,10,18,56853,7156.29,2718.06,910.0,3628.06,6246.29,False
Random Forest,0.317,0.89011,0.818182,0.852632,81,10,18,56853,7156.29,2718.06,910.0,3628.06,6246.29,False
Random Forest,0.318,0.89011,0.818182,0.852632,81,10,18,56853,7156.29,2718.06,910.0,3628.06,6246.29,False
Random Forest,0.319,0.89011,0.818182,0.852632,81,10,18,56853,7156.29,2718.06,910.0,3628.06,6246.29,False
Random Forest,0.32,0.89011,0.818182,0.852632,81,10,18,56853,7156.29,2718.06,910.0,3628.06,6246.29,False
Random Forest,0.321,0.89011,0.818182,0.852632,81,10,18,56853,7156.29,2718.06,910.0,3628.06,6246.29,False
Random Forest,0.322,0.89011,0.818182,0.852632,81,10,18,56853,7156.29,2718.06,910.0,3628.06,6246.29,False
Random Forest,0.323,0.89011,0.818182,0.852632,81,10,18,56853,7156.29,2718.06,910.0,3628.06,6246.29,False
Random Forest,0.324,0.89011,0.818182,0.852632,81,10,18,56853,7156.29,2718.06,910.0,3628.06,6246.29,False
Random Forest,0.325,0.89011,0.818182,0.852632,81,10,18,56853,7156.29,2718.06,910.0,3628.06,6246.29,False
Random Forest,0.326,0.89011,0.818182,0.852632,81,10,18,56853,7156.29,2718.06,910.0,3628.06,6246.29,False
Random Forest,0.327,0.89011,0.818182,0.852632,81,10,18,56853,7156.29,2718.06,910.0,3628.06,6246.29,False
Random Forest,0.328,0.89011,0.818182,0.852632,81,10,18,56853,7156.29,2718.06,910.0,3628.06,6246.29,False
Random Forest,0.329,0.89011,0.818182,0.852632,81,10,18,56853,7156.29,2718.06,910.0,3628.06,6246.29,False
Random Forest,0.33,0.89011,0.818182,0.852632,81,10,18,56853,7156.29,2718.06,910.0,3628.06,6246.29,False
Random Forest,0.331,0.89011,0.818182,0.852632,81,10,18,56853,7156.29,2718.06,910.0,3628.06,6246.29,False
Random Forest,0.332,0.89011,0.818182,0.852632,81,10,18,56853,7156.29,2718.06,910.0,3628.06,6246.29,False
Random Forest,0.333,0.89011,0.818182,0.852632,81,10,18,56853,7156.29,2718.06,910.0,3628.06,6246.29,False
Random Forest,0.334,0.89011,0.818182,0.852632,81,10,18,56853,7156.29,2718.06,910.0,3628.06,6246.29,False
Random Forest,0.335,0.89011,0.818182,0.852632,81,10,18,56853,7156.29,2718.06,910.0,3628.06,6246.29,False
Random Forest,0.336,0.89011,0.818182,0.852632,81,10,18,56853,7156.29,2718.06,910.0,3628.06,6246.29,False
Random Forest,0.337,0.89011,0.818182,0.852632,81,10,18,56853,7156.29,2718.06,910.0,3628.06,6246.29,False
Random Forest,0.338,0.89011,0.818182,0.852632,81,10,18,56853,7156.29,2718.06,910.0,3628.06,6246.29,False
Random Forest,0.339,0.89011,0.818182,0.852632,81,10,18,56853,7156.29,2718.06,910.0,3628.06,6246.29,False
Random Forest,0.34,0.89011,0.818182,0.852632,81,10,18,56853,7156.29,2718.06,910.0,3628.06,6246.29,False
Random Forest,0.341,0.89011,0.818182,0.852632,81,10,18,56853,7156.29,2718.06,910.0,3628.06,6246.29,False
Random Forest,0.342,0.89011,0.818182,0.852632,81,10,18,56853,7156.29,2718.06,910.0,3628.06,6246.29,False
Random Forest,0.343,0.89011,0.818182,0.852632,81,10,18,56853,7156.29,2718.06,910.0,3628.06,6246.29,False
Random Forest,0.344,0.89011,0.818182,0.852632,81,10,18,56853,7156.29,2718.06,910.0,3628.06,6246.29,False
Random Forest,0.345,0.89011,0.818182,0.852632,81,10,18,56853,7156.29,2718.06,910.0,3628.06,6246.29,False
Random Forest,0.346,0.89011,0.818182,0.852632,81,10,18,56853,7156.29,2718.06,910.0,3628.06,6246.29,False
Random Forest,0.347,0.89011,0.818182,0.852632,81,10,18,56853,7156.29,2718.06,910.0,3628.06,6246.29,False
Random Forest,0.348,0.89011,0.818182,0.852632,81,10,18,56853,7156.29,2718.06,910.0,3628.06,6246.29,False
Random Forest,0.349,0.89011,0.818182,0.852632,81,10,18,56853,7156.29,2718.06,910.0,3628.06,6246.29,False
Random Forest,0.35,0.9,0.818182,0.857143,81,9,18,56854,7156.29,2718.06,900.0,3618.06,6256.29,False
Random Forest,0.351,0.9,0.818182,0.857143,81,9,18,56854,7156.29,2718.06,900.0,3618.06,6256.29,False
Random Forest,0.352,0.9,0.818182,0.857143,81,9,18,56854,7156.29,2718.06,900.0,3618.06,6256.29,False
Random Forest,0.353,0.9,0.818182,0.857143,81,9,18,56854,7156.29,2718.06,900.0,3618.06,6256.29,False
Random Forest,0.354,0.9,0.818182,0.857143,81,9,18,56854,7156.29,2718.06,900.0,3618.06,6256.29,False
Random Forest,0.355,0.9,0.818182,0.857143,81,9,18,56854,7156.29,2718.06,900.0,3618.06,6256.29,False
Random Forest,0.356,0.9,0.818182,0.857143,81,9,18,56854,7156.29,2718.06,900.0,3618.06,6256.29,False
Random Forest,0.357,0.9,0.818182,0.857143,81,9,18,56854,7156.29,2718.06,900.0,3618.06,6256.29,False
Random Forest,0.358,0.9,0.818182,0.857143,81,9,18,56854,7156.29,2718.06,900.0,3618.06,6256.29,False
Random Forest,0.359,0.9,0.818182,0.857143,81,9,18,56854,7156.29,2718.06,900.0,3618.06,6256.29,False
Random Forest,0.36,0.9,0.818182,0.857143,81,9,18,56854,7156.29,2718.06,900.0,3618.06,6256.29,False
Random Forest,0.361,0.9,0.818182,0.857143,81,9,18,56854,7156.29,2718.06,900.0,3618.06,6256.29,False
Random Forest,0.362,0.9,0.818182,0.857143,81,9,18,56854,7156.29,2718.06,900.0,3618.06,6256.29,False
Random Forest,0.363,0.9,0.818182,0.857143,81,9,18,56854,7156.29,2718.06,900.0,3618.06,6256.29,False
Random Forest,0.364,0.9,0.818182,0.857143,81,9,18,56854,7156.29,2718.06,900.0,3618.06,6256.29,False
Random Forest,0.365,0.9,0.818182,0.857143,81,9,18,56854,7156.29,2718.06,900.0,3618.06,6256.29,False
Random Forest,0.366,0.9,0.818182,0.857143,81,9,18,56854,7156.29,2718.06,900.0,3618.06,6256.29,False
Random Forest,0.367,0.9,0.818182,0.857143,81,9,18,56854,7156.29,2718.06,900.0,3618.06,6256.29,False
Random Forest,0.368,0.9,0.818182,0.857143,81,9,18,56854,7156.29,2718.06,900.0,3618.06,6256.29,False
Random Forest,0.369,0.9,0.818182,0.857143,81,9,18,56854,7156.29,2718.06,900.0,3618.06,6256.29,False
Random Forest,0.37,0.9,0.818182,0.857143,81,9,18,56854,7156.29,2718.06,900.0,3618.06,6256.29,False
Random Forest,0.371,0.9,0.818182,0.857143,81,9,18,56854,7156.29,2718.06,900.0,3618.06,6256.29,False
Random Forest,0.372,0.9,0.818182,0.857143,81,9,18,56854,7156.29,2718.06,900.0,3618.06,6256.29,False
Random Forest,0.373,0.9,0.818182,0.857143,81,9,18,56854,7156.29,2718.06,900.0,3618.06,6256.29,False
Random Forest,0.374,0.898876,0.808081,0.851064,80,9,19,56854,7155.29,2719.06,890.0,3609.06,6265.29,False
Random Forest,0.375,0.898876,0.808081,0.851064,80,9,19,56854,7155.29,2719.06,890.0,3609.06,6265.29,False
Random Forest,0.376,0.898876,0.808081,0.851064,80,9,19,56854,7155.29,2719.06,890.0,3609.06,6265.29,False
Random Forest,0.377,0.909091,0.808081,0.855615,80,8,19,56855,7155.29,2719.06,880.0,3599.06,6275.29,False
Random Forest,0.378,0.909091,0.808081,0.855615,80,8,19,56855,7155.29,2719.06,880.0,3599.06,6275.29,False
Random Forest,0.379,0.909091,0.808081,0.855615,80,8,19,56855,7155.29,2719.06,880.0,3599.06,6275.29,False
Random Forest,0.38,0.909091,0.808081,0.855615,80,8,19,56855,7155.29,2719.06,880.0,3599.06,6275.29,False
Random Forest,0.381,0.909091,0.808081,0.855615,80,8,19,56855,7155.29,2719.06,880.0,3599.06,6275.29,False
Random Forest,0.382,0.909091,0.808081,0.855615,80,8,19,56855,7155.29,2719.06,880.0,3599.06,6275.29,False
Random Forest,0.383,0.909091,0.808081,0.855615,80,8,19,56855,7155.29,2719.06,880.0,3599.06,6275.29,False
Random Forest,0.384,0.909091,0.808081,0.855615,80,8,19,56855,7155.29,2719.06,880.0,3599.06,6275.29,False
Random Forest,0.385,0.909091,0.808081,0.855615,80,8,19,56855,7155.29,2719.06,880.0,3599.06,6275.29,False
Random Forest,0.386,0.909091,0.808081,0.855615,80,8,19,56855,7155.29,2719.06,880.0,3599.06,6275.29,False
Random Forest,0.387,0.91954,0.808081,0.860215,80,7,19,56856,7155.29,2719.06,870.0,3589.06,6285.29,False
Random Forest,0.388,0.91954,0.808081,0.860215,80,7,19,56856,7155.29,2719.06,870.0,3589.06,6285.29,False
Random Forest,0.389,0.91954,0.808081,0.860215,80,7,19,56856,7155.29,2719.06,870.0,3589.06,6285.29,False
Random Forest,0.39,0.91954,0.808081,0.860215,80,7,19,56856,7155.29,2719.06,870.0,3589.06,6285.29,False
Random Forest,0.391,0.91954,0.808081,0.860215,80,7,19,56856,7155.29,2719.06,870.0,3589.06,6285.29,False
Random Forest,0.392,0.91954,0.808081,0.860215,80,7,19,56856,7155.29,2719.06,870.0,3589.06,6285.29,False
Random Forest,0.393,0.91954,0.808081,0.860215,80,7,19,56856,7155.29,2719.06,870.0,3589.06,6285.29,False
Random Forest,0.394,0.91954,0.808081,0.860215,80,7,19,56856,7155.29,2719.06,870.0,3589.06,6285.29,False
Random Forest,0.395,0.91954,0.808081,0.860215,80,7,19,56856,7155.29,2719.06,870.0,3589.06,6285.29,False
Random Forest,0.396,0.91954,0.808081,0.860215,80,7,19,56856,7155.29,2719.06,870.0,3589.06,6285.29,False
Random Forest,0.397,0.91954,0.808081,0.860215,80,7,19,56856,7155.29,2719.06,870.0,3589.06,6285.29,False
Random Forest,0.398,0.91954,0.808081,0.860215,80,7,19,56856,7155.29,2719.06,870.0,3589.06,6285.29,False
Random Forest,0.399,0.91954,0.808081,0.860215,80,7,19,56856,7155.29,2719.06,870.0,3589.06,6285.29,False
Random Forest,0.4,0.91954,0.808081,0.860215,80,7,19,56856,7155.29,2719.06,870.0,3589.06,6285.29,False
Random Forest,0.401,0.91954,0.808081,0.860215,80,7,19,56856,7155.29,2719.06,870.0,3589.06,6285.29,False
Random Forest,0.402,0.91954,0.808081,0.860215,80,7,19,56856,7155.29,2719.06,870.0,3589.06,6285.29,False
Random Forest,0.403,0.930233,0.808081,0.864865,80,6,19,56857,7155.29,2719.06,860.0,3579.06,6295.29,False
Random Forest,0.404,0.930233,0.808081,0.864865,80,6,19,56857,7155.29,2719.06,860.0,3579.06,6295.29,False
Random Forest,0.405,0.930233,0.808081,0.864865,80,6,19,56857,7155.29,2719.06,860.0,3579.06,6295.29,False
Random Forest,0.406,0.930233,0.808081,0.864865,80,6,19,56857,7155.29,2719.06,860.0,3579.06,6295.29,False
Random Forest,0.407,0.930233,0.808081,0.864865,80,6,19,56857,7155.29,2719.06,860.0,3579.06,6295.29,False
Random Forest,0.408,0.930233,0.808081,0.864865,80,6,19,56857,7155.29,2719.06,860.0,3579.06,6295.29,False
Random Forest,0.409,0.930233,0.808081,0.864865,80,6,19,56857,7155.29,2719.06,860.0,3579.06,6295.29,False
Random Forest,0.41,0.941176,0.808081,0.869565,80,5,19,56858,7155.29,2719.06,850.0,3569.06,6305.29,False
Random Forest,0.411,0.941176,0.808081,0.869565,80,5,19,56858,7155.29,2719.06,850.0,3569.06,6305.29,False
Random Forest,0.412,0.941176,0.808081,0.869565,80,5,19,56858,7155.29,2719.06,850.0,3569.06,6305.29,False
Random Forest,0.413,0.941176,0.808081,0.869565,80,5,19,56858,7155.29,2719.06,850.0,3569.06,6305.29,False
Random Forest,0.414,0.941176,0.808081,0.869565,80,5,19,56858,7155.29,2719.06,850.0,3569.06,6305.29,False
Random Forest,0.415,0.941176,0.808081,0.869565,80,5,19,56858,7155.29,2719.06,850.0,3569.06,6305.29,False
Random Forest,0.416,0.941176,0.808081,0.869565,80,5,19,56858,7155.29,2719.06,850.0,3569.06,6305.29,False
Random Forest,0.417,0.941176,0.808081,0.869565,80,5,19,56858,7155.29,2719.06,850.0,3569.06,6305.29,False
Random Forest,0.418,0.941176,0.808081,0.869565,80,5,19,56858,7155.29,2719.06,850.0,3569.06,6305.29,False
Random Forest,0.419,0.941176,0.808081,0.869565,80,5,19,56858,7155.29,2719.06,850.0,3569.06,6305.29,False
Random Forest,0.42,0.941176,0.808081,0.869565,80,5,19,56858,7155.29,2719.06,850.0,3569.06,6305.29,False
Random Forest,0.421,0.941176,0.808081,0.869565,80,5,19,56858,7155.29,2719.06,850.0,3569.06,6305.29,False
Random Forest,0.422,0.941176,0.808081,0.869565,80,5,19,56858,7155.29,2719.06,850.0,3569.06,6305.29,False
Random Forest,0.423,0.941176,0.808081,0.869565,80,5,19,56858,7155.29,2719.06,850.0,3569.06,6305.29,False
Random Forest,0.424,0.941176,0.808081,0.869565,80,5,19,56858,7155.29,2719.06,850.0,3569.06,6305.29,False
Random Forest,0.425,0.941176,0.808081,0.869565,80,5,19,56858,7155.29,2719.06,850.0,3569.06,6305.29,False
Random Forest,0.426,0.941176,0.808081,0.869565,80,5,19,56858,7155.29,2719.06,850.0,3569.06,6305.29,False
Random Forest,0.427,0.941176,0.808081,0.869565,80,5,19,56858,7155.29,2719.06,850.0,3569.06,6305.29,False
Random Forest,0.428,0.941176,0.808081,0.869565,80,5,19,56858,7155.29,2719.06,850.0,3569.06,6305.29,False
Random Forest,0.429,0.941176,0.808081,0.869565,80,5,19,56858,7155.29,2719.06,850.0,3569.06,6305.29,False
Random Forest,0.43,0.941176,0.808081,0.869565,80,5,19,56858,7155.29,2719.06,850.0,3569.06,6305.29,False
Random Forest,0.431,0.941176,0.808081,0.869565,80,5,19,56858,7155.29,2719.06,850.0,3569.06,6305.29,False
Random Forest,0.432,0.941176,0.808081,0.869565,80,5,19,56858,7155.29,2719.06,850.0,3569.06,6305.29,False
Random Forest,0.433,0.952381,0.808081,0.874317,80,4,19,56859,7155.29,2719.06,840.0,3559.06,6315.29,False
Random Forest,0.434,0.952381,0.808081,0.874317,80,4,19,56859,7155.29,2719.06,840.0,3559.06,6315.29,False
Random Forest,0.435,0.952381,0.808081,0.874317,80,4,19,56859,7155.29,2719.06,840.0,3559.06,6315.29,False
Random Forest,0.436,0.952381,0.808081,0.874317,80,4,19,56859,7155.29,2719.06,840.0,3559.06,6315.29,False
Random Forest,0.437,0.952381,0.808081,0.874317,80,4,19,56859,7155.29,2719.06,840.0,3559.06,6315.29,False
Random Forest,0.438,0.952381,0.808081,0.874317,80,4,19,56859,7155.29,2719.06,840.0,3559.06,6315.29,False
Random Forest,0.439,0.952381,0.808081,0.874317,80,4,19,56859,7155.29,2719.06,840.0,3559.06,6315.29,False
Random Forest,0.44,0.952381,0.808081,0.874317,80,4,19,56859,7155.29,2719.06,840.0,3559.06,6315.29,False
Random Forest,0.441,0.952381,0.808081,0.874317,80,4,19,56859,7155.29,2719.06,840.0,3559.06,6315.29,False
Random Forest,0.442,0.952381,0.808081,0.874317,80,4,19,56859,7155.29,2719.06,840.0,3559.06,6315.29,False
Random Forest,0.443,0.952381,0.808081,0.874317,80,4,19,56859,7155.29,2719.06,840.0,3559.06,6315.29,False
Random Forest,0.444,0.952381,0.808081,0.874317,80,4,19,56859,7155.29,2719.06,840.0,3559.06,6315.29,False
Random Forest,0.445,0.952381,0.808081,0.874317,80,4,19,56859,7155.29,2719.06,840.0,3559.06,6315.29,False
Random Forest,0.446,0.952381,0.808081,0.874317,80,4,19,56859,7155.29,2719.06,840.0,3559.06,6315.29,False
Random Forest,0.447,0.952381,0.808081,0.874317,80,4,19,56859,7155.29,2719.06,840.0,3559.06,6315.29,False
Random Forest,0.448,0.952381,0.808081,0.874317,80,4,19,56859,7155.29,2719.06,840.0,3559.06,6315.29,False
Random Forest,0.449,0.952381,0.808081,0.874317,80,4,19,56859,7155.29,2719.06,840.0,3559.06,6315.29,False
Random Forest,0.45,0.952381,0.808081,0.874317,80,4,19,56859,7155.29,2719.06,840.0,3559.06,6315.29,False
Random Forest,0.451,0.952381,0.808081,0.874317,80,4,19,56859,7155.29,2719.06,840.0,3559.06,6315.29,False
Random Forest,0.452,0.952381,0.808081,0.874317,80,4,19,56859,7155.29,2719.06,840.0,3559.06,6315.29,False
Random Forest,0.453,0.952381,0.808081,0.874317,80,4,19,56859,7155.29,2719.06,840.0,3559.06,6315.29,False
Random Forest,0.454,0.952381,0.808081,0.874317,80,4,19,56859,7155.29,2719.06,840.0,3559.06,6315.29,False
Random Forest,0.455,0.952381,0.808081,0.874317,80,4,19,56859,7155.29,2719.06,840.0,3559.06,6315.29,False
Random Forest,0.456,0.952381,0.808081,0.874317,80,4,19,56859,7155.29,2719.06,840.0,3559.06,6315.29,False
Random Forest,0.457,0.952381,0.808081,0.874317,80,4,19,56859,7155.29,2719.06,840.0,3559.06,6315.29,False
Random Forest,0.458,0.952381,0.808081,0.874317,80,4,19,56859,7155.29,2719.06,840.0,3559.06,6315.29,False
Random Forest,0.459,0.952381,0.808081,0.874317,80,4,19,56859,7155.29,2719.06,840.0,3559.06,6315.29,False
Random Forest,0.46,0.952381,0.808081,0.874317,80,4,19,56859,7155.29,2719.06,840.0,3559.06,6315.29,False
Random Forest,0.461,0.952381,0.808081,0.874317,80,4,19,56859,7155.29,2719.06,840.0,3559.06,6315.29,False
Random Forest,0.462,0.952381,0.808081,0.874317,80,4,19,56859,7155.29,2719.06,840.0,3559.06,6315.29,False
Random Forest,0.463,0.952381,0.808081,0.874317,80,4,19,56859,7155.29,2719.06,840.0,3559.06,6315.29,False
Random Forest,0.464,0.952381,0.808081,0.874317,80,4,19,56859,7155.29,2719.06,840.0,3559.06,6315.29,False
Random Forest,0.465,0.952381,0.808081,0.874317,80,4,19,56859,7155.29,2719.06,840.0,3559.06,6315.29,False
Random Forest,0.466,0.952381,0.808081,0.874317,80,4,19,56859,7155.29,2719.06,840.0,3559.06,6315.29,False
Random Forest,0.467,0.952381,0.808081,0.874317,80,4,19,56859,7155.29,2719.06,840.0,3559.06,6315.29,False
Random Forest,0.468,0.952381,0.808081,0.874317,80,4,19,56859,7155.29,2719.06,840.0,3559.06,6315.29,False
Random Forest,0.469,0.952381,0.808081,0.874317,80,4,19,56859,7155.29,2719.06,840.0,3559.06,6315.29,False
Random Forest,0.47,0.952381,0.808081,0.874317,80,4,19,56859,7155.29,2719.06,840.0,3559.06,6315.29,False
Random Forest,0.471,0.952381,0.808081,0.874317,80,4,19,56859,7155.29,2719.06,840.0,3559.06,6315.29,False
Random Forest,0.472,0.952381,0.808081,0.874317,80,4,19,56859,7155.29,2719.06,840.0,3559.06,6315.29,False
Random Forest,0.473,0.952381,0.808081,0.874317,80,4,19,56859,7155.29,2719.06,840.0,3559.06,6315.29,False
Random Forest,0.474,0.952381,0.808081,0.874317,80,4,19,56859,7155.29,2719.06,840.0,3559.06,6315.29,False
Random Forest,0.475,0.952381,0.808081,0.874317,80,4,19,56859,7155.29,2719.06,840.0,3559.06,6315.29,False
Random Forest,0.476,0.952381,0.808081,0.874317,80,4,19,56859,7155.29,2719.06,840.0,3559.06,6315.29,False
Random Forest,0.477,0.963855,0.808081,0.879121,80,3,19,56860,7155.29,2719.06,830.0,3549.06,6325.29,False
Random Forest,0.478,0.963855,0.808081,0.879121,80,3,19,56860,7155.29,2719.06,830.0,3549.06,6325.29,False
Random Forest,0.479,0.963855,0.808081,0.879121,80,3,19,56860,7155.29,2719.06,830.0,3549.06,6325.29,False
Random Forest,0.48,0.963855,0.808081,0.879121,80,3,19,56860,7155.29,2719.06,830.0,3549.06,6325.29,False
Random Forest,0.481,0.963855,0.808081,0.879121,80,3,19,56860,7155.29,2719.06,830.0,3549.06,6325.29,False
Random Forest,0.482,0.963855,0.808081,0.879121,80,3,19,56860,7155.29,2719.06,830.0,3549.06,6325.29,False
Random Forest,0.483,0.963855,0.808081,0.879121,80,3,19,56860,7155.29,2719.06,830.0,3549.06,6325.29,False
Random Forest,0.484,0.963855,0.808081,0.879121,80,3,19,56860,7155.29,2719.06,830.0,3549.06,6325.29,False
Random Forest,0.485,0.963855,0.808081,0.879121,80,3,19,56860,7155.29,2719.06,830.0,3549.06,6325.29,False
Random Forest,0.486,0.963855,0.808081,0.879121,80,3,19,56860,7155.29,2719.06,830.0,3549.06,6325.29,False
Random Forest,0.487,0.963415,0.79798,0.872928,79,3,20,56860,7130.39,2743.96,820.0,3563.96,6310.39,False
Random Forest,0.488,0.963415,0.79798,0.872928,79,3,20,56860,7130.39,2743.96,820.0,3563.96,6310.39,False
Random Forest,0.489,0.963415,0.79798,0.872928,79,3,20,56860,7130.39,2743.96,820.0,3563.96,6310.39,False
Random Forest,0.49,0.963415,0.79798,0.872928,79,3,20,56860,7130.39,2743.96,820.0,3563.96,6310.39,False
Random Forest,0.491,0.963415,0.79798,0.872928,79,3,20,56860,7130.39,2743.96,820.0,3563.96,6310.39,False
Random Forest,0.492,0.963415,0.79798,0.872928,79,3,20,56860,7130.39,2743.96,820.0,3563.96,6310.39,False
Random Forest,0.493,0.963415,0.79798,0.872928,79,3,20,56860,7130.39,2743.96,820.0,3563.96,6310.39,False
Random Forest,0.494,0.963415,0.79798,0.872928,79,3,20,56860,7130.39,2743.96,820.0,3563.96,6310.39,False
Random Forest,0.495,0.963415,0.79798,0.872928,79,3,20,56860,7130.39,2743.96,820.0,3563.96,6310.39,False
Random Forest,0.496,0.963415,0.79798,0.872928,79,3,20,56860,7130.39,2743.96,820.0,3563.96,6310.39,False
Random Forest,0.497,0.975309,0.79798,0.877778,79,2,20,56861,7130.39,2743.96,810.0,3553.96,6320.39,False
Random Forest,0.498,0.975309,0.79798,0.877778,79,2,20,56861,7130.39,2743.96,810.0,3553.96,6320.39,False
Random Forest,0.499,0.975309,0.79798,0.877778,79,2,20,56861,7130.39,2743.96,810.0,3553.96,6320.39,False
Random Forest,0.5,0.975309,0.79798,0.877778,79,2,20,56861,7130.39,2743.96,810.0,3553.96,6320.39,False
Random Forest,0.501,0.975309,0.79798,0.877778,79,2,20,56861,7130.39,2743.96,810.0,3553.96,6320.39,False
Random Forest,0.502,0.975309,0.79798,0.877778,79,2,20,56861,7130.39,2743.96,810.0,3553.96,6320.39,False
Random Forest,0.503,0.975309,0.79798,0.877778,79,2,20,56861,7130.39,2743.96,810.0,3553.96,6320.39,False
Random Forest,0.504,0.975309,0.79798,0.877778,79,2,20,56861,7130.39,2743.96,810.0,3553.96,6320.39,False
Random Forest,0.505,0.975309,0.79798,0.877778,79,2,20,56861,7130.39,2743.96,810.0,3553.96,6320.39,False
Random Forest,0.506,0.975309,0.79798,0.877778,79,2,20,56861,7130.39,2743.96,810.0,3553.96,6320.39,False
Random Forest,0.507,0.975309,0.79798,0.877778,79,2,20,56861,7130.39,2743.96,810.0,3553.96,6320.39,False
Random Forest,0.508,0.975309,0.79798,0.877778,79,2,20,56861,7130.39,2743.96,810.0,3553.96,6320.39,False
Random Forest,0.509,0.975309,0.79798,0.877778,79,2,20,56861,7130.39,2743.96,810.0,3553.96,6320.39,False
Random Forest,0.51,0.975309,0.79798,0.877778,79,2,20,56861,7130.39,2743.96,810.0,3553.96,6320.39,False
Random Forest,0.511,0.975309,0.79798,0.877778,79,2,20,56861,7130.39,2743.96,810.0,3553.96,6320.39,False
Random Forest,0.512,0.975309,0.79798,0.877778,79,2,20,56861,7130.39,2743.96,810.0,3553.96,6320.39,False
Random Forest,0.513,0.975309,0.79798,0.877778,79,2,20,56861,7130.39,2743.96,810.0,3553.96,6320.39,False
Random Forest,0.514,0.975309,0.79798,0.877778,79,2,20,56861,7130.39,2743.96,810.0,3553.96,6320.39,False
Random Forest,0.515,0.975309,0.79798,0.877778,79,2,20,56861,7130.39,2743.96,810.0,3553.96,6320.39,False
Random Forest,0.516,0.975309,0.79798,0.877778,79,2,20,56861,7130.39,2743.96,810.0,3553.96,6320.39,False
Random Forest,0.517,0.975309,0.79798,0.877778,79,2,20,56861,7130.39,2743.96,810.0,3553.96,6320.39,False
Random Forest,0.518,0.975309,0.79798,0.877778,79,2,20,56861,7130.39,2743.96,810.0,3553.96,6320.39,False
Random Forest,0.519,0.975309,0.79798,0.877778,79,2,20,56861,7130.39,2743.96,810.0,3553.96,6320.39,False
Random Forest,0.52,0.975309,0.79798,0.877778,79,2,20,56861,7130.39,2743.96,810.0,3553.96,6320.39,False
Random Forest,0.521,0.975309,0.79798,0.877778,79,2,20,56861,7130.39,2743.96,810.0,3553.96,6320.39,False
Random Forest,0.522,0.975309,0.79798,0.877778,79,2,20,56861,7130.39,2743.96,810.0,3553.96,6320.39,False
Random Forest,0.523,0.975309,0.79798,0.877778,79,2,20,56861,7130.39,2743.96,810.0,3553.96,6320.39,False
Random Forest,0.524,0.975309,0.79798,0.877778,79,2,20,56861,7130.39,2743.96,810.0,3553.96,6320.39,False
Random Forest,0.525,0.975309,0.79798,0.877778,79,2,20,56861,7130.39,2743.96,810.0,3553.96,6320.39,False
Random Forest,0.526,0.975309,0.79798,0.877778,79,2,20,56861,7130.39,2743.96,810.0,3553.96,6320.39,False
Random Forest,0.527,0.975309,0.79798,0.877778,79,2,20,56861,7130.39,2743.96,810.0,3553.96,6320.39,False
Random Forest,0.528,0.975309,0.79798,0.877778,79,2,20,56861,7130.39,2743.96,810.0,3553.96,6320.39,False
Random Forest,0.529,0.975309,0.79798,0.877778,79,2,20,56861,7130.39,2743.96,810.0,3553.96,6320.39,False
Random Forest,0.53,0.975309,0.79798,0.877778,79,2,20,56861,7130.39,2743.96,810.0,3553.96,6320.39,False
Random Forest,0.531,0.975309,0.79798,0.877778,79,2,20,56861,7130.39,2743.96,810.0,3553.96,6320.39,False
Random Forest,0.532,0.975309,0.79798,0.877778,79,2,20,56861,7130.39,2743.96,810.0,3553.96,6320.39,False
Random Forest,0.533,0.975,0.787879,0.871508,78,2,21,56861,6869.17,3005.18,800.0,3805.18,6069.17,False
Random Forest,0.534,0.974684,0.777778,0.865169,77,2,22,56861,6868.17,3006.18,790.0,3796.18,6078.17,False
Random Forest,0.535,0.974684,0.777778,0.865169,77,2,22,56861,6868.17,3006.18,790.0,3796.18,6078.17,False
Random Forest,0.536,0.974684,0.777778,0.865169,77,2,22,56861,6868.17,3006.18,790.0,3796.18,6078.17,False
Random Forest,0.537,0.974684,0.777778,0.865169,77,2,22,56861,6868.17,3006.18,790.0,3796.18,6078.17,False
Random Forest,0.538,0.974684,0.777778,0.865169,77,2,22,56861,6868.17,3006.18,790.0,3796.18,6078.17,False
Random Forest,0.539,0.974684,0.777778,0.865169,77,2,22,56861,6868.17,3006.18,790.0,3796.18,6078.17,False
Random Forest,0.54,0.974684,0.777778,0.865169,77,2,22,56861,6868.17,3006.18,790.0,3796.18,6078.17,False
Random Forest,0.541,0.974684,0.777778,0.865169,77,2,22,56861,6868.17,3006.18,790.0,3796.18,6078.17,False
Random Forest,0.542,0.974684,0.777778,0.865169,77,2,22,56861,6868.17,3006.18,790.0,3796.18,6078.17,False
Random Forest,0.543,0.974684,0.777778,0.865169,77,2,22,56861,6868.17,3006.18,790.0,3796.18,6078.17,False
Random Forest,0.544,0.974684,0.777778,0.865169,77,2,22,56861,6868.17,3006.18,790.0,3796.18,6078.17,False
Random Forest,0.545,0.974684,0.777778,0.865169,77,2,22,56861,6868.17,3006.18,790.0,3796.18,6078.17,False
Random Forest,0.546,0.974684,0.777778,0.865169,77,2,22,56861,6868.17,3006.18,790.0,3796.18,6078.17,False
Random Forest,0.547,0.974684,0.777778,0.865169,77,2,22,56861,6868.17,3006.18,790.0,3796.18,6078.17,False
Random Forest,0.548,0.974684,0.777778,0.865169,77,2,22,56861,6868.17,3006.18,790.0,3796.18,6078.17,False
Random Forest,0.549,0.974684,0.777778,0.865169,77,2,22,56861,6868.17,3006.18,790.0,3796.18,6078.17,False
Random Forest,0.55,0.974359,0.767677,0.858757,76,2,23,56861,6863.27,3011.08,780.0,3791.08,6083.27,False
Random Forest,0.551,0.974359,0.767677,0.858757,76,2,23,56861,6863.27,3011.08,780.0,3791.08,6083.27,False
Random Forest,0.552,0.974359,0.767677,0.858757,76,2,23,56861,6863.27,3011.08,780.0,3791.08,6083.27,False
Random Forest,0.553,0.974359,0.767677,0.858757,76,2,23,56861,6863.27,3011.08,780.0,3791.08,6083.27,False
Random Forest,0.554,0.974359,0.767677,0.858757,76,2,23,56861,6863.27,3011.08,780.0,3791.08,6083.27,False
Random Forest,0.555,0.974359,0.767677,0.858757,76,2,23,56861,6863.27,3011.08,780.0,3791.08,6083.27,False
Random Forest,0.556,0.974359,0.767677,0.858757,76,2,23,56861,6863.27,3011.08,780.0,3791.08,6083.27,False
Random Forest,0.557,0.974359,0.767677,0.858757,76,2,23,56861,6863.27,3011.08,780.0,3791.08,6083.27,False
Random Forest,0.558,0.974359,0.767677,0.858757,76,2,23,56861,6863.27,3011.08,780.0,3791.08,6083.27,False
Random Forest,0.559,0.974359,0.767677,0.858757,76,2,23,56861,6863.27,3011.08,780.0,3791.08,6083.27,False
Random Forest,0.56,0.974359,0.767677,0.858757,76,2,23,56861,6863.27,3011.08,780.0,3791.08,6083.27,False
Random Forest,0.561,0.974359,0.767677,0.858757,76,2,23,56861,6863.27,3011.08,780.0,3791.08,6083.27,False
Random Forest,0.562,0.974359,0.767677,0.858757,76,2,23,56861,6863.27,3011.08,780.0,3791.08,6083.27,False
Random Forest,0.563,0.974359,0.767677,0.858757,76,2,23,56861,6863.27,3011.08,780.0,3791.08,6083.27,False
Random Forest,0.564,0.974359,0.767677,0.858757,76,2,23,56861,6863.27,3011.08,780.0,3791.08,6083.27,False
Random Forest,0.565,0.974359,0.767677,0.858757,76,2,23,56861,6863.27,3011.08,780.0,3791.08,6083.27,False
Random Forest,0.566,0.974359,0.767677,0.858757,76,2,23,56861,6863.27,3011.08,780.0,3791.08,6083.27,False
Random Forest,0.567,0.974359,0.767677,0.858757,76,2,23,56861,6863.27,3011.08,780.0,3791.08,6083.27,False
Random Forest,0.568,0.974359,0.767677,0.858757,76,2,23,56861,6863.27,3011.08,780.0,3791.08,6083.27,False
Random Forest,0.569,0.974359,0.767677,0.858757,76,2,23,56861,6863.27,3011.08,780.0,3791.08,6083.27,False
Random Forest,0.57,0.987013,0.767677,0.863636,76,1,23,56862,6863.27,3011.08,770.0,3781.08,6093.27,False
Random Forest,0.571,0.987013,0.767677,0.863636,76,1,23,56862,6863.27,3011.08,770.0,3781.08,6093.27,False
Random Forest,0.572,0.987013,0.767677,0.863636,76,1,23,56862,6863.27,3011.08,770.0,3781.08,6093.27,False
Random Forest,0.573,0.987013,0.767677,0.863636,76,1,23,56862,6863.27,3011.08,770.0,3781.08,6093.27,False
Random Forest,0.574,0.987013,0.767677,0.863636,76,1,23,56862,6863.27,3011.08,770.0,3781.08,6093.27,False
Random Forest,0.575,0.987013,0.767677,0.863636,76,1,23,56862,6863.27,3011.08,770.0,3781.08,6093.27,False
Random Forest,0.576,0.987013,0.767677,0.863636,76,1,23,56862,6863.27,3011.08,770.0,3781.08,6093.27,False
Random Forest,0.577,0.987013,0.767677,0.863636,76,1,23,56862,6863.27,3011.08,770.0,3781.08,6093.27,False
Random Forest,0.578,0.987013,0.767677,0.863636,76,1,23,56862,6863.27,3011.08,770.0,3781.08,6093.27,False
Random Forest,0.579,0.987013,0.767677,0.863636,76,1,23,56862,6863.27,3011.08,770.0,3781.08,6093.27,False
Random Forest,0.58,0.987013,0.767677,0.863636,76,1,23,56862,6863.27,3011.08,770.0,3781.08,6093.27,False
Random Forest,0.581,0.987013,0.767677,0.863636,76,1,23,56862,6863.27,3011.08,770.0,3781.08,6093.27,False
Random Forest,0.582,0.987013,0.767677,0.863636,76,1,23,56862,6863.27,3011.08,770.0,3781.08,6093.27,False
Random Forest,0.583,0.987013,0.767677,0.863636,76,1,23,56862,6863.27,3011.08,770.0,3781.08,6093.27,False
Random Forest,0.584,0.987013,0.767677,0.863636,76,1,23,56862,6863.27,3011.08,770.0,3781.08,6093.27,False
Random Forest,0.585,0.987013,0.767677,0.863636,76,1,23,56862,6863.27,3011.08,770.0,3781.08,6093.27,False
Random Forest,0.586,0.987013,0.767677,0.863636,76,1,23,56862,6863.27,3011.08,770.0,3781.08,6093.27,False
Random Forest,0.587,0.987013,0.767677,0.863636,76,1,23,56862,6863.27,3011.08,770.0,3781.08,6093.27,False
Random Forest,0.588,0.987013,0.767677,0.863636,76,1,23,56862,6863.27,3011.08,770.0,3781.08,6093.27,False
Random Forest,0.589,0.987013,0.767677,0.863636,76,1,23,56862,6863.27,3011.08,770.0,3781.08,6093.27,False
Random Forest,0.59,0.987013,0.767677,0.863636,76,1,23,56862,6863.27,3011.08,770.0,3781.08,6093.27,False
Random Forest,0.591,0.987013,0.767677,0.863636,76,1,23,56862,6863.27,3011.08,770.0,3781.08,6093.27,False
Random Forest,0.592,0.987013,0.767677,0.863636,76,1,23,56862,6863.27,3011.08,770.0,3781.08,6093.27,False
Random Forest,0.593,0.987013,0.767677,0.863636,76,1,23,56862,6863.27,3011.08,770.0,3781.08,6093.27,False
Random Forest,0.594,0.987013,0.767677,0.863636,76,1,23,56862,6863.27,3011.08,770.0,3781.08,6093.27,False
Random Forest,0.595,0.987013,0.767677,0.863636,76,1,23,56862,6863.27,3011.08,770.0,3781.08,6093.27,False
Random Forest,0.596,0.987013,0.767677,0.863636,76,1,23,56862,6863.27,3011.08,770.0,3781.08,6093.27,False
Random Forest,0.597,0.987013,0.767677,0.863636,76,1,23,56862,6863.27,3011.08,770.0,3781.08,6093.27,False
Random Forest,0.598,0.987013,0.767677,0.863636,76,1,23,56862,6863.27,3011.08,770.0,3781.08,6093.27,False
Random Forest,0.599,0.987013,0.767677,0.863636,76,1,23,56862,6863.27,3011.08,770.0,3781.08,6093.27,False
Random Forest,0.6,0.987013,0.767677,0.863636,76,1,23,56862,6863.27,3011.08,770.0,3781.08,6093.27,False
Random Forest,0.601,0.987013,0.767677,0.863636,76,1,23,56862,6863.27,3011.08,770.0,3781.08,6093.27,False
Random Forest,0.602,0.987013,0.767677,0.863636,76,1,23,56862,6863.27,3011.08,770.0,3781.08,6093.27,False
Random Forest,0.603,0.987013,0.767677,0.863636,76,1,23,56862,6863.27,3011.08,770.0,3781.08,6093.27,False
Random Forest,0.604,0.987013,0.767677,0.863636,76,1,23,56862,6863.27,3011.08,770.0,3781.08,6093.27,False
Random Forest,0.605,0.987013,0.767677,0.863636,76,1,23,56862,6863.27,3011.08,770.0,3781.08,6093.27,False
Random Forest,0.606,0.987013,0.767677,0.863636,76,1,23,56862,6863.27,3011.08,770.0,3781.08,6093.27,False
Random Forest,0.607,0.987013,0.767677,0.863636,76,1,23,56862,6863.27,3011.08,770.0,3781.08,6093.27,False
Random Forest,0.608,0.987013,0.767677,0.863636,76,1,23,56862,6863.27,3011.08,770.0,3781.08,6093.27,False
Random Forest,0.609,0.987013,0.767677,0.863636,76,1,23,56862,6863.27,3011.08,770.0,3781.08,6093.27,False
Random Forest,0.61,0.987013,0.767677,0.863636,76,1,23,56862,6863.27,3011.08,770.0,3781.08,6093.27,False
Random Forest,0.611,0.987013,0.767677,0.863636,76,1,23,56862,6863.27,3011.08,770.0,3781.08,6093.27,False
Random Forest,0.612,0.987013,0.767677,0.863636,76,1,23,56862,6863.27,3011.08,770.0,3781.08,6093.27,False
Random Forest,0.613,0.987013,0.767677,0.863636,76,1,23,56862,6863.27,3011.08,770.0,3781.08,6093.27,False
Random Forest,0.614,0.987013,0.767677,0.863636,76,1,23,56862,6863.27,3011.08,770.0,3781.08,6093.27,False
Random Forest,0.615,0.987013,0.767677,0.863636,76,1,23,56862,6863.27,3011.08,770.0,3781.08,6093.27,False
Random Forest,0.616,0.987013,0.767677,0.863636,76,1,23,56862,6863.27,3011.08,770.0,3781.08,6093.27,False
Random Forest,0.617,0.987013,0.767677,0.863636,76,1,23,56862,6863.27,3011.08,770.0,3781.08,6093.27,False
Random Forest,0.618,0.987013,0.767677,0.863636,76,1,23,56862,6863.27,3011.08,770.0,3781.08,6093.27,False
Random Forest,0.619,0.987013,0.767677,0.863636,76,1,23,56862,6863.27,3011.08,770.0,3781.08,6093.27,False
Random Forest,0.62,0.987013,0.767677,0.863636,76,1,23,56862,6863.27,3011.08,770.0,3781.08,6093.27,False
Random Forest,0.621,0.987013,0.767677,0.863636,76,1,23,56862,6863.27,3011.08,770.0,3781.08,6093.27,False
Random Forest,0.622,0.987013,0.767677,0.863636,76,1,23,56862,6863.27,3011.08,770.0,3781.08,6093.27,False
Random Forest,0.623,0.987013,0.767677,0.863636,76,1,23,56862,6863.27,3011.08,770.0,3781.08,6093.27,False
Random Forest,0.624,0.987013,0.767677,0.863636,76,1,23,56862,6863.27,3011.08,770.0,3781.08,6093.27,False
Random Forest,0.625,0.987013,0.767677,0.863636,76,1,23,56862,6863.27,3011.08,770.0,3781.08,6093.27,False
Random Forest,0.626,0.987013,0.767677,0.863636,76,1,23,56862,6863.27,3011.08,770.0,3781.08,6093.27,False
Random Forest,0.627,0.987013,0.767677,0.863636,76,1,23,56862,6863.27,3011.08,770.0,3781.08,6093.27,False
Random Forest,0.628,0.987013,0.767677,0.863636,76,1,23,56862,6863.27,3011.08,770.0,3781.08,6093.27,False
Random Forest,0.629,0.987013,0.767677,0.863636,76,1,23,56862,6863.27,3011.08,770.0,3781.08,6093.27,False
Random Forest,0.63,0.987013,0.767677,0.863636,76,1,23,56862,6863.27,3011.08,770.0,3781.08,6093.27,False
Random Forest,0.631,0.987013,0.767677,0.863636,76,1,23,56862,6863.27,3011.08,770.0,3781.08,6093.27,False
Random Forest,0.632,0.987013,0.767677,0.863636,76,1,23,56862,6863.27,3011.08,770.0,3781.08,6093.27,False
Random Forest,0.633,0.987013,0.767677,0.863636,76,1,23,56862,6863.27,3011.08,770.0,3781.08,6093.27,False
Random Forest,0.634,0.987013,0.767677,0.863636,76,1,23,56862,6863.27,3011.08,770.0,3781.08,6093.27,False
Random Forest,0.635,0.987013,0.767677,0.863636,76,1,23,56862,6863.27,3011.08,770.0,3781.08,6093.27,False
Random Forest,0.636,0.987013,0.767677,0.863636,76,1,23,56862,6863.27,3011.08,770.0,3781.08,6093.27,False
Random Forest,0.637,0.987013,0.767677,0.863636,76,1,23,56862,6863.27,3011.08,770.0,3781.08,6093.27,False
Random Forest,0.638,0.987013,0.767677,0.863636,76,1,23,56862,6863.27,3011.08,770.0,3781.08,6093.27,False
Random Forest,0.639,0.987013,0.767677,0.863636,76,1,23,56862,6863.27,3011.08,770.0,3781.08,6093.27,False
Random Forest,0.64,0.987013,0.767677,0.863636,76,1,23,56862,6863.27,3011.08,770.0,3781.08,6093.27,False
Random Forest,0.641,0.987013,0.767677,0.863636,76,1,23,56862,6863.27,3011.08,770.0,3781.08,6093.27,False
Random Forest,0.642,0.987013,0.767677,0.863636,76,1,23,56862,6863.27,3011.08,770.0,3781.08,6093.27,False
Random Forest,0.643,0.987013,0.767677,0.863636,76,1,23,56862,6863.27,3011.08,770.0,3781.08,6093.27,False
Random Forest,0.644,0.987013,0.767677,0.863636,76,1,23,56862,6863.27,3011.08,770.0,3781.08,6093.27,False
Random Forest,0.645,0.987013,0.767677,0.863636,76,1,23,56862,6863.27,3011.08,770.0,3781.08,6093.27,False
Random Forest,0.646,0.987013,0.767677,0.863636,76,1,23,56862,6863.27,3011.08,770.0,3781.08,6093.27,False
Random Forest,0.647,0.987013,0.767677,0.863636,76,1,23,56862,6863.27,3011.08,770.0,3781.08,6093.27,False
Random Forest,0.648,0.987013,0.767677,0.863636,76,1,23,56862,6863.27,3011.08,770.0,3781.08,6093.27,False
Random Forest,0.649,0.987013,0.767677,0.863636,76,1,23,56862,6863.27,3011.08,770.0,3781.08,6093.27,False
Random Forest,0.65,0.987013,0.767677,0.863636,76,1,23,56862,6863.27,3011.08,770.0,3781.08,6093.27,False
Random Forest,0.651,0.987013,0.767677,0.863636,76,1,23,56862,6863.27,3011.08,770.0,3781.08,6093.27,False
Random Forest,0.652,0.987013,0.767677,0.863636,76,1,23,56862,6863.27,3011.08,770.0,3781.08,6093.27,False
Random Forest,0.653,0.987013,0.767677,0.863636,76,1,23,56862,6863.27,3011.08,770.0,3781.08,6093.27,False
Random Forest,0.654,0.987013,0.767677,0.863636,76,1,23,56862,6863.27,3011.08,770.0,3781.08,6093.27,False
Random Forest,0.655,0.987013,0.767677,0.863636,76,1,23,56862,6863.27,3011.08,770.0,3781.08,6093.27,False
Random Forest,0.656,0.987013,0.767677,0.863636,76,1,23,56862,6863.27,3011.08,770.0,3781.08,6093.27,False
Random Forest,0.657,0.987013,0.767677,0.863636,76,1,23,56862,6863.27,3011.08,770.0,3781.08,6093.27,False
Random Forest,0.658,0.987013,0.767677,0.863636,76,1,23,56862,6863.27,3011.08,770.0,3781.08,6093.27,False
Random Forest,0.659,0.987013,0.767677,0.863636,76,1,23,56862,6863.27,3011.08,770.0,3781.08,6093.27,False
Random Forest,0.66,0.987013,0.767677,0.863636,76,1,23,56862,6863.27,3011.08,770.0,3781.08,6093.27,False
Random Forest,0.661,0.987013,0.767677,0.863636,76,1,23,56862,6863.27,3011.08,770.0,3781.08,6093.27,False
Random Forest,0.662,0.987013,0.767677,0.863636,76,1,23,56862,6863.27,3011.08,770.0,3781.08,6093.27,False
Random Forest,0.663,0.987013,0.767677,0.863636,76,1,23,56862,6863.27,3011.08,770.0,3781.08,6093.27,False
Random Forest,0.664,0.987013,0.767677,0.863636,76,1,23,56862,6863.27,3011.08,770.0,3781.08,6093.27,False
Random Forest,0.665,0.987013,0.767677,0.863636,76,1,23,56862,6863.27,3011.08,770.0,3781.08,6093.27,False
Random Forest,0.666,0.987013,0.767677,0.863636,76,1,23,56862,6863.27,3011.08,770.0,3781.08,6093.27,False
Random Forest,0.667,0.986842,0.757576,0.857143,75,1,24,56862,6823.27,3051.08,760.0,3811.08,6063.27,False
Random Forest,0.668,0.986842,0.757576,0.857143,75,1,24,56862,6823.27,3051.08,760.0,3811.08,6063.27,False
Random Forest,0.669,0.986842,0.757576,0.857143,75,1,24,56862,6823.27,3051.08,760.0,3811.08,6063.27,False
Random Forest,0.67,0.986842,0.757576,0.857143,75,1,24,56862,6823.27,3051.08,760.0,3811.08,6063.27,False
Random Forest,0.671,0.986842,0.757576,0.857143,75,1,24,56862,6823.27,3051.08,760.0,3811.08,6063.27,False
Random Forest,0.672,0.986842,0.757576,0.857143,75,1,24,56862,6823.27,3051.08,760.0,3811.08,6063.27,False
Random Forest,0.673,0.986842,0.757576,0.857143,75,1,24,56862,6823.27,3051.08,760.0,3811.08,6063.27,False
Random Forest,0.674,0.986842,0.757576,0.857143,75,1,24,56862,6823.27,3051.08,760.0,3811.08,6063.27,False
Random Forest,0.675,0.986842,0.757576,0.857143,75,1,24,56862,6823.27,3051.08,760.0,3811.08,6063.27,False
Random Forest,0.676,0.986842,0.757576,0.857143,75,1,24,56862,6823.27,3051.08,760.0,3811.08,6063.27,False
Random Forest,0.677,0.986667,0.747475,0.850575,74,1,25,56862,6821.0,3053.35,750.0,3803.35,6071.0,False
Random Forest,0.678,0.986667,0.747475,0.850575,74,1,25,56862,6821.0,3053.35,750.0,3803.35,6071.0,False
Random Forest,0.679,0.986667,0.747475,0.850575,74,1,25,56862,6821.0,3053.35,750.0,3803.35,6071.0,False
Random Forest,0.68,0.986667,0.747475,0.850575,74,1,25,56862,6821.0,3053.35,750.0,3803.35,6071.0,False
Random Forest,0.681,0.986667,0.747475,0.850575,74,1,25,56862,6821.0,3053.35,750.0,3803.35,6071.0,False
Random Forest,0.682,0.986667,0.747475,0.850575,74,1,25,56862,6821.0,3053.35,750.0,3803.35,6071.0,False
Random Forest,0.683,0.986486,0.737374,0.843931,73,1,26,56862,6820.24,3054.11,740.0,3794.11,6080.24,False
Random Forest,0.684,0.986486,0.737374,0.843931,73,1,26,56862,6820.24,3054.11,740.0,3794.11,6080.24,False
Random Forest,0.685,0.986486,0.737374,0.843931,73,1,26,56862,6820.24,3054.11,740.0,3794.11,6080.24,False
Random Forest,0.686,0.986486,0.737374,0.843931,73,1,26,56862,6820.24,3054.11,740.0,3794.11,6080.24,False
Random Forest,0.687,0.986486,0.737374,0.843931,73,1,26,56862,6820.24,3054.11,740.0,3794.11,6080.24,False
Random Forest,0.688,0.986486,0.737374,0.843931,73,1,26,56862,6820.24,3054.11,740.0,3794.11,6080.24,False
Random Forest,0.689,0.986486,0.737374,0.843931,73,1,26,56862,6820.24,3054.11,740.0,3794.11,6080.24,False
Random Forest,0.69,0.986486,0.737374,0.843931,73,1,26,56862,6820.24,3054.11,740.0,3794.11,6080.24,False
Random Forest,0.691,0.986486,0.737374,0.843931,73,1,26,56862,6820.24,3054.11,740.0,3794.11,6080.24,False
Random Forest,0.692,0.986486,0.737374,0.843931,73,1,26,56862,6820.24,3054.11,740.0,3794.11,6080.24,False
Random Forest,0.693,0.986486,0.737374,0.843931,73,1,26,56862,6820.24,3054.11,740.0,3794.11,6080.24,False
Random Forest,0.694,0.986486,0.737374,0.843931,73,1,26,56862,6820.24,3054.11,740.0,3794.11,6080.24,False
Random Forest,0.695,0.986486,0.737374,0.843931,73,1,26,56862,6820.24,3054.11,740.0,3794.11,6080.24,False
Random Forest,0.696,0.986486,0.737374,0.843931,73,1,26,56862,6820.24,3054.11,740.0,3794.11,6080.24,False
Random Forest,0.697,0.986486,0.737374,0.843931,73,1,26,56862,6820.24,3054.11,740.0,3794.11,6080.24,False
Random Forest,0.698,0.986486,0.737374,0.843931,73,1,26,56862,6820.24,3054.11,740.0,3794.11,6080.24,False
Random Forest,0.699,0.986486,0.737374,0.843931,73,1,26,56862,6820.24,3054.11,740.0,3794.11,6080.24,False
Random Forest,0.7,0.986486,0.737374,0.843931,73,1,26,56862,6820.24,3054.11,740.0,3794.11,6080.24,False
Random Forest,0.701,0.986486,0.737374,0.843931,73,1,26,56862,6820.24,3054.11,740.0,3794.11,6080.24,False
Random Forest,0.702,0.986486,0.737374,0.843931,73,1,26,56862,6820.24,3054.11,740.0,3794.11,6080.24,False
Random Forest,0.703,0.986486,0.737374,0.843931,73,1,26,56862,6820.24,3054.11,740.0,3794.11,6080.24,False
Random Forest,0.704,0.986486,0.737374,0.843931,73,1,26,56862,6820.24,3054.11,740.0,3794.11,6080.24,False
Random Forest,0.705,0.986486,0.737374,0.843931,73,1,26,56862,6820.24,3054.11,740.0,3794.11,6080.24,False
Random Forest,0.706,0.986486,0.737374,0.843931,73,1,26,56862,6820.24,3054.11,740.0,3794.11,6080.24,False
Random Forest,0.707,0.986301,0.727273,0.837209,72,1,27,56862,6819.14,3055.21,730.0,3785.21,6089.14,False
Random Forest,0.708,0.986301,0.727273,0.837209,72,1,27,56862,6819.14,3055.21,730.0,3785.21,6089.14,False
Random Forest,0.709,0.986301,0.727273,0.837209,72,1,27,56862,6819.14,3055.21,730.0,3785.21,6089.14,False
Random Forest,0.71,0.986301,0.727273,0.837209,72,1,27,56862,6819.14,3055.21,730.0,3785.21,6089.14,False
Random Forest,0.711,0.986301,0.727273,0.837209,72,1,27,56862,6819.14,3055.21,730.0,3785.21,6089.14,False
Random Forest,0.712,0.986301,0.727273,0.837209,72,1,27,56862,6819.14,3055.21,730.0,3785.21,6089.14,False
Random Forest,0.713,0.986111,0.717172,0.830409,71,1,28,56862,6766.45,3107.9,720.0,3827.9,6046.45,False
Random Forest,0.714,0.986111,0.717172,0.830409,71,1,28,56862,6766.45,3107.9,720.0,3827.9,6046.45,False
Random Forest,0.715,0.986111,0.717172,0.830409,71,1,28,56862,6766.45,3107.9,720.0,3827.9,6046.45,False
Random Forest,0.716,0.986111,0.717172,0.830409,71,1,28,56862,6766.45,3107.9,720.0,3827.9,6046.45,False
Random Forest,0.717,0.985915,0.707071,0.823529,70,1,29,56862,6765.45,3108.9,710.0,3818.9,6055.45,False
Random Forest,0.718,0.985915,0.707071,0.823529,70,1,29,56862,6765.45,3108.9,710.0,3818.9,6055.45,False
Random Forest,0.719,0.985915,0.707071,0.823529,70,1,29,56862,6765.45,3108.9,710.0,3818.9,6055.45,False
Random Forest,0.72,0.985507,0.686869,0.809524,68,1,31,56862,6658.79,3215.56,690.0,3905.56,5968.79,False
Random Forest,0.721,0.985507,0.686869,0.809524,68,1,31,56862,6658.79,3215.56,690.0,3905.56,5968.79,False
Random Forest,0.722,0.985507,0.686869,0.809524,68,1,31,56862,6658.79,3215.56,690.0,3905.56,5968.79,False
Random Forest,0.723,0.985507,0.686869,0.809524,68,1,31,56862,6658.79,3215.56,690.0,3905.56,5968.79,False
Random Forest,0.724,0.985294,0.676768,0.802395,67,1,32,56862,6657.79,3216.56,680.0,3896.56,5977.79,False
Random Forest,0.725,0.985294,0.676768,0.802395,67,1,32,56862,6657.79,3216.56,680.0,3896.56,5977.79,False
Random Forest,0.726,0.985294,0.676768,0.802395,67,1,32,56862,6657.79,3216.56,680.0,3896.56,5977.79,False
Random Forest,0.727,0.985075,0.666667,0.795181,66,1,33,56862,6617.81,3256.54,670.0,3926.54,5947.81,False
Random Forest,0.728,0.985075,0.666667,0.795181,66,1,33,56862,6617.81,3256.54,670.0,3926.54,5947.81,False
Random Forest,0.729,0.985075,0.666667,0.795181,66,1,33,56862,6617.81,3256.54,670.0,3926.54,5947.81,False
Random Forest,0.73,0.985075,0.666667,0.795181,66,1,33,56862,6617.81,3256.54,670.0,3926.54,5947.81,False
Random Forest,0.731,0.985075,0.666667,0.795181,66,1,33,56862,6617.81,3256.54,670.0,3926.54,5947.81,False
Random Forest,0.732,0.985075,0.666667,0.795181,66,1,33,56862,6617.81,3256.54,670.0,3926.54,5947.81,False
Random Forest,0.733,0.985075,0.666667,0.795181,66,1,33,56862,6617.81,3256.54,670.0,3926.54,5947.81,False
Random Forest,0.734,0.985075,0.666667,0.795181,66,1,33,56862,6617.81,3256.54,670.0,3926.54,5947.81,False
Random Forest,0.735,0.985075,0.666667,0.795181,66,1,33,56862,6617.81,3256.54,670.0,3926.54,5947.81,False
Random Forest,0.736,0.985075,0.666667,0.795181,66,1,33,56862,6617.81,3256.54,670.0,3926.54,5947.81,False
Random Forest,0.737,0.985075,0.666667,0.795181,66,1,33,56862,6617.81,3256.54,670.0,3926.54,5947.81,False
Random Forest,0.738,0.985075,0.666667,0.795181,66,1,33,56862,6617.81,3256.54,670.0,3926.54,5947.81,False
Random Forest,0.739,0.985075,0.666667,0.795181,66,1,33,56862,6617.81,3256.54,670.0,3926.54,5947.81,False
Random Forest,0.74,0.985075,0.666667,0.795181,66,1,33,56862,6617.81,3256.54,670.0,3926.54,5947.81,False
Random Forest,0.741,0.985075,0.666667,0.795181,66,1,33,56862,6617.81,3256.54,670.0,3926.54,5947.81,False
Random Forest,0.742,0.985075,0.666667,0.795181,66,1,33,56862,6617.81,3256.54,670.0,3926.54,5947.81,False
Random Forest,0.743,0.985075,0.666667,0.795181,66,1,33,56862,6617.81,3256.54,670.0,3926.54,5947.81,False
Random Forest,0.744,0.985075,0.666667,0.795181,66,1,33,56862,6617.81,3256.54,670.0,3926.54,5947.81,False
Random Forest,0.745,0.985075,0.666667,0.795181,66,1,33,56862,6617.81,3256.54,670.0,3926.54,5947.81,False
Random Forest,0.746,0.985075,0.666667,0.795181,66,1,33,56862,6617.81,3256.54,670.0,3926.54,5947.81,False
Random Forest,0.747,0.985075,0.666667,0.795181,66,1,33,56862,6617.81,3256.54,670.0,3926.54,5947.81,False
Random Forest,0.748,0.985075,0.666667,0.795181,66,1,33,56862,6617.81,3256.54,670.0,3926.54,5947.81,False
Random Forest,0.749,0.985075,0.666667,0.795181,66,1,33,56862,6617.81,3256.54,670.0,3926.54,5947.81,False
Random Forest,0.75,0.985075,0.666667,0.795181,66,1,33,56862,6617.81,3256.54,670.0,3926.54,5947.81,False
Random Forest,0.751,0.985075,0.666667,0.795181,66,1,33,56862,6617.81,3256.54,670.0,3926.54,5947.81,False
Random Forest,0.752,0.985075,0.666667,0.795181,66,1,33,56862,6617.81,3256.54,670.0,3926.54,5947.81,False
Random Forest,0.753,0.985075,0.666667,0.795181,66,1,33,56862,6617.81,3256.54,670.0,3926.54,5947.81,False
Random Forest,0.754,0.985075,0.666667,0.795181,66,1,33,56862,6617.81,3256.54,670.0,3926.54,5947.81,False
Random Forest,0.755,0.985075,0.666667,0.795181,66,1,33,56862,6617.81,3256.54,670.0,3926.54,5947.81,False
Random Forest,0.756,0.985075,0.666667,0.795181,66,1,33,56862,6617.81,3256.54,670.0,3926.54,5947.81,False
Random Forest,0.757,0.985075,0.666667,0.795181,66,1,33,56862,6617.81,3256.54,670.0,3926.54,5947.81,False
Random Forest,0.758,0.985075,0.666667,0.795181,66,1,33,56862,6617.81,3256.54,670.0,3926.54,5947.81,False
Random Forest,0.759,0.985075,0.666667,0.795181,66,1,33,56862,6617.81,3256.54,670.0,3926.54,5947.81,False
Random Forest,0.76,0.984615,0.646465,0.780488,64,1,35,56862,6615.81,3258.54,650.0,3908.54,5965.81,False
Random Forest,0.761,0.984615,0.646465,0.780488,64,1,35,56862,6615.81,3258.54,650.0,3908.54,5965.81,False
Random Forest,0.762,0.984615,0.646465,0.780488,64,1,35,56862,6615.81,3258.54,650.0,3908.54,5965.81,False
Random Forest,0.763,0.984615,0.646465,0.780488,64,1,35,56862,6615.81,3258.54,650.0,3908.54,5965.81,False
Random Forest,0.764,1.0,0.646465,0.785276,64,0,35,56863,6615.81,3258.54,640.0,3898.54,5975.81,False
Random Forest,0.765,1.0,0.646465,0.785276,64,0,35,56863,6615.81,3258.54,640.0,3898.54,5975.81,False
Random Forest,0.766,1.0,0.646465,0.785276,64,0,35,56863,6615.81,3258.54,640.0,3898.54,5975.81,False
Random Forest,0.767,1.0,0.646465,0.785276,64,0,35,56863,6615.81,3258.54,640.0,3898.54,5975.81,False
Random Forest,0.768,1.0,0.646465,0.785276,64,0,35,56863,6615.81,3258.54,640.0,3898.54,5975.81,False
Random Forest,0.769,1.0,0.646465,0.785276,64,0,35,56863,6615.81,3258.54,640.0,3898.54,5975.81,False
Random Forest,0.77,1.0,0.646465,0.785276,64,0,35,56863,6615.81,3258.54,640.0,3898.54,5975.81,False
Random Forest,0.771,1.0,0.646465,0.785276,64,0,35,56863,6615.81,3258.54,640.0,3898.54,5975.81,False
Random Forest,0.772,1.0,0.646465,0.785276,64,0,35,56863,6615.81,3258.54,640.0,3898.54,5975.81,False
Random Forest,0.773,1.0,0.646465,0.785276,64,0,35,56863,6615.81,3258.54,640.0,3898.54,5975.81,False
Random Forest,0.774,1.0,0.646465,0.785276,64,0,35,56863,6615.81,3258.54,640.0,3898.54,5975.81,False
Random Forest,0.775,1.0,0.646465,0.785276,64,0,35,56863,6615.81,3258.54,640.0,3898.54,5975.81,False
Random Forest,0.776,1.0,0.646465,0.785276,64,0,35,56863,6615.81,3258.54,640.0,3898.54,5975.81,False
Random Forest,0.777,1.0,0.646465,0.785276,64,0,35,56863,6615.81,3258.54,640.0,3898.54,5975.81,False
Random Forest,0.778,1.0,0.646465,0.785276,64,0,35,56863,6615.81,3258.54,640.0,3898.54,5975.81,False
Random Forest,0.779,1.0,0.646465,0.785276,64,0,35,56863,6615.81,3258.54,640.0,3898.54,5975.81,False
Random Forest,0.78,1.0,0.646465,0.785276,64,0,35,56863,6615.81,3258.54,640.0,3898.54,5975.81,False
Random Forest,0.781,1.0,0.646465,0.785276,64,0,35,56863,6615.81,3258.54,640.0,3898.54,5975.81,False
Random Forest,0.782,1.0,0.646465,0.785276,64,0,35,56863,6615.81,3258.54,640.0,3898.54,5975.81,False
Random Forest,0.783,1.0,0.646465,0.785276,64,0,35,56863,6615.81,3258.54,640.0,3898.54,5975.81,False
Random Forest,0.784,1.0,0.636364,0.777778,63,0,36,56863,6534.91,3339.44,630.0,3969.44,5904.91,False
Random Forest,0.785,1.0,0.636364,0.777778,63,0,36,56863,6534.91,3339.44,630.0,3969.44,5904.91,False
Random Forest,0.786,1.0,0.636364,0.777778,63,0,36,56863,6534.91,3339.44,630.0,3969.44,5904.91,False
Random Forest,0.787,1.0,0.626263,0.770186,62,0,37,56863,6515.93,3358.42,620.0,3978.42,5895.93,False
Random Forest,0.788,1.0,0.626263,0.770186,62,0,37,56863,6515.93,3358.42,620.0,3978.42,5895.93,False
Random Forest,0.789,1.0,0.626263,0.770186,62,0,37,56863,6515.93,3358.42,620.0,3978.42,5895.93,False
Random Forest,0.79,1.0,0.626263,0.770186,62,0,37,56863,6515.93,3358.42,620.0,3978.42,5895.93,False
Random Forest,0.791,1.0,0.626263,0.770186,62,0,37,56863,6515.93,3358.42,620.0,3978.42,5895.93,False
Random Forest,0.792,1.0,0.626263,0.770186,62,0,37,56863,6515.93,3358.42,620.0,3978.42,5895.93,False
Random Forest,0.793,1.0,0.626263,0.770186,62,0,37,56863,6515.93,3358.42,620.0,3978.42,5895.93,False
Random Forest,0.794,1.0,0.626263,0.770186,62,0,37,56863,6515.93,3358.42,620.0,3978.42,5895.93,False
Random Forest,0.795,1.0,0.626263,0.770186,62,0,37,56863,6515.93,3358.42,620.0,3978.42,5895.93,False
Random Forest,0.796,1.0,0.626263,0.770186,62,0,37,56863,6515.93,3358.42,620.0,3978.42,5895.93,False
Random Forest,0.797,1.0,0.626263,0.770186,62,0,37,56863,6515.93,3358.42,620.0,3978.42,5895.93,False
Random Forest,0.798,1.0,0.626263,0.770186,62,0,37,56863,6515.93,3358.42,620.0,3978.42,5895.93,False
Random Forest,0.799,1.0,0.626263,0.770186,62,0,37,56863,6515.93,3358.42,620.0,3978.42,5895.93,False
Random Forest,0.8,1.0,0.626263,0.770186,62,0,37,56863,6515.93,3358.42,620.0,3978.42,5895.93,False
Random Forest,0.801,1.0,0.626263,0.770186,62,0,37,56863,6515.93,3358.42,620.0,3978.42,5895.93,False
Random Forest,0.802,1.0,0.626263,0.770186,62,0,37,56863,6515.93,3358.42,620.0,3978.42,5895.93,False
Random Forest,0.803,1.0,0.626263,0.770186,62,0,37,56863,6515.93,3358.42,620.0,3978.42,5895.93,False
Random Forest,0.804,1.0,0.626263,0.770186,62,0,37,56863,6515.93,3358.42,620.0,3978.42,5895.93,False
Random Forest,0.805,1.0,0.626263,0.770186,62,0,37,56863,6515.93,3358.42,620.0,3978.42,5895.93,False
Random Forest,0.806,1.0,0.626263,0.770186,62,0,37,56863,6515.93,3358.42,620.0,3978.42,5895.93,False
Random Forest,0.807,1.0,0.626263,0.770186,62,0,37,56863,6515.93,3358.42,620.0,3978.42,5895.93,False
Random Forest,0.808,1.0,0.626263,0.770186,62,0,37,56863,6515.93,3358.42,620.0,3978.42,5895.93,False
Random Forest,0.809,1.0,0.626263,0.770186,62,0,37,56863,6515.93,3358.42,620.0,3978.42,5895.93,False
Random Forest,0.81,1.0,0.606061,0.754717,60,0,39,56863,6454.33,3420.02,600.0,4020.02,5854.33,False
Random Forest,0.811,1.0,0.606061,0.754717,60,0,39,56863,6454.33,3420.02,600.0,4020.02,5854.33,False
Random Forest,0.812,1.0,0.606061,0.754717,60,0,39,56863,6454.33,3420.02,600.0,4020.02,5854.33,False
Random Forest,0.813,1.0,0.606061,0.754717,60,0,39,56863,6454.33,3420.02,600.0,4020.02,5854.33,False
Random Forest,0.814,1.0,0.606061,0.754717,60,0,39,56863,6454.33,3420.02,600.0,4020.02,5854.33,False
Random Forest,0.815,1.0,0.606061,0.754717,60,0,39,56863,6454.33,3420.02,600.0,4020.02,5854.33,False
Random Forest,0.816,1.0,0.606061,0.754717,60,0,39,56863,6454.33,3420.02,600.0,4020.02,5854.33,False
Random Forest,0.817,1.0,0.606061,0.754717,60,0,39,56863,6454.33,3420.02,600.0,4020.02,5854.33,False
Random Forest,0.818,1.0,0.606061,0.754717,60,0,39,56863,6454.33,3420.02,600.0,4020.02,5854.33,False
Random Forest,0.819,1.0,0.606061,0.754717,60,0,39,56863,6454.33,3420.02,600.0,4020.02,5854.33,False
Random Forest,0.82,1.0,0.606061,0.754717,60,0,39,56863,6454.33,3420.02,600.0,4020.02,5854.33,False
Random Forest,0.821,1.0,0.606061,0.754717,60,0,39,56863,6454.33,3420.02,600.0,4020.02,5854.33,False
Random Forest,0.822,1.0,0.606061,0.754717,60,0,39,56863,6454.33,3420.02,600.0,4020.02,5854.33,False
Random Forest,0.823,1.0,0.606061,0.754717,60,0,39,56863,6454.33,3420.02,600.0,4020.02,5854.33,False
Random Forest,0.824,1.0,0.606061,0.754717,60,0,39,56863,6454.33,3420.02,600.0,4020.02,5854.33,False
Random Forest,0.825,1.0,0.606061,0.754717,60,0,39,56863,6454.33,3420.02,600.0,4020.02,5854.33,False
Random Forest,0.826,1.0,0.606061,0.754717,60,0,39,56863,6454.33,3420.02,600.0,4020.02,5854.33,False
Random Forest,0.827,1.0,0.606061,0.754717,60,0,39,56863,6454.33,3420.02,600.0,4020.02,5854.33,False
Random Forest,0.828,1.0,0.606061,0.754717,60,0,39,56863,6454.33,3420.02,600.0,4020.02,5854.33,False
Random Forest,0.829,1.0,0.606061,0.754717,60,0,39,56863,6454.33,3420.02,600.0,4020.02,5854.33,False
Random Forest,0.83,1.0,0.59596,0.746835,59,0,40,56863,6445.43,3428.92,590.0,4018.92,5855.43,False
Random Forest,0.831,1.0,0.59596,0.746835,59,0,40,56863,6445.43,3428.92,590.0,4018.92,5855.43,False
Random Forest,0.832,1.0,0.59596,0.746835,59,0,40,56863,6445.43,3428.92,590.0,4018.92,5855.43,False
Random Forest,0.833,1.0,0.59596,0.746835,59,0,40,56863,6445.43,3428.92,590.0,4018.92,5855.43,False
Random Forest,0.834,1.0,0.585859,0.738854,58,0,41,56863,6259.3,3615.05,580.0,4195.05,5679.3,False
Random Forest,0.835,1.0,0.585859,0.738854,58,0,41,56863,6259.3,3615.05,580.0,4195.05,5679.3,False
Random Forest,0.836,1.0,0.585859,0.738854,58,0,41,56863,6259.3,3615.05,580.0,4195.05,5679.3,False
Random Forest,0.837,1.0,0.575758,0.730769,57,0,42,56863,6200.3,3674.05,570.0,4244.05,5630.3,False
Random Forest,0.838,1.0,0.575758,0.730769,57,0,42,56863,6200.3,3674.05,570.0,4244.05,5630.3,False
Random Forest,0.839,1.0,0.575758,0.730769,57,0,42,56863,6200.3,3674.05,570.0,4244.05,5630.3,False
Random Forest,0.84,1.0,0.545455,0.705882,54,0,45,56863,4847.81,5026.54,540.0,5566.54,4307.81,False
Random Forest,0.841,1.0,0.545455,0.705882,54,0,45,56863,4847.81,5026.54,540.0,5566.54,4307.81,False
Random Forest,0.842,1.0,0.545455,0.705882,54,0,45,56863,4847.81,5026.54,540.0,5566.54,4307.81,False
Random Forest,0.843,1.0,0.545455,0.705882,54,0,45,56863,4847.81,5026.54,540.0,5566.54,4307.81,False
Random Forest,0.844,1.0,0.545455,0.705882,54,0,45,56863,4847.81,5026.54,540.0,5566.54,4307.81,False
Random Forest,0.845,1.0,0.545455,0.705882,54,0,45,56863,4847.81,5026.54,540.0,5566.54,4307.81,False
Random Forest,0.846,1.0,0.545455,0.705882,54,0,45,56863,4847.81,5026.54,540.0,5566.54,4307.81,False
Random Forest,0.847,1.0,0.545455,0.705882,54,0,45,56863,4847.81,5026.54,540.0,5566.54,4307.81,False
Random Forest,0.848,1.0,0.545455,0.705882,54,0,45,56863,4847.81,5026.54,540.0,5566.54,4307.81,False
Random Forest,0.849,1.0,0.545455,0.705882,54,0,45,56863,4847.81,5026.54,540.0,5566.54,4307.81,False
Random Forest,0.85,1.0,0.545455,0.705882,54,0,45,56863,4847.81,5026.54,540.0,5566.54,4307.81,False
Random Forest,0.851,1.0,0.545455,0.705882,54,0,45,56863,4847.81,5026.54,540.0,5566.54,4307.81,False
Random Forest,0.852,1.0,0.545455,0.705882,54,0,45,56863,4847.81,5026.54,540.0,5566.54,4307.81,False
Random Forest,0.853,1.0,0.545455,0.705882,54,0,45,56863,4847.81,5026.54,540.0,5566.54,4307.81,False
Random Forest,0.854,1.0,0.525253,0.688742,52,0,47,56863,4690.81,5183.54,520.0,5703.54,4170.81,False
Random Forest,0.855,1.0,0.525253,0.688742,52,0,47,56863,4690.81,5183.54,520.0,5703.54,4170.81,False
Random Forest,0.856,1.0,0.525253,0.688742,52,0,47,56863,4690.81,5183.54,520.0,5703.54,4170.81,False
Random Forest,0.857,1.0,0.515152,0.68,51,0,48,56863,4345.81,5528.54,510.0,6038.54,3835.81,False
Random Forest,0.858,1.0,0.515152,0.68,51,0,48,56863,4345.81,5528.54,510.0,6038.54,3835.81,False
Random Forest,0.859,1.0,0.515152,0.68,51,0,48,56863,4345.81,5528.54,510.0,6038.54,3835.81,False
Random Forest,0.86,1.0,0.515152,0.68,51,0,48,56863,4345.81,5528.54,510.0,6038.54,3835.81,False
Random Forest,0.861,1.0,0.515152,0.68,51,0,48,56863,4345.81,5528.54,510.0,6038.54,3835.81,False
Random Forest,0.862,1.0,0.515152,0.68,51,0,48,56863,4345.81,5528.54,510.0,6038.54,3835.81,False
Random Forest,0.863,1.0,0.494949,0.662162,49,0,50,56863,4156.28,5718.07,490.0,6208.07,3666.28,False
Random Forest,0.864,1.0,0.484848,0.653061,48,0,51,56863,4155.28,5719.07,480.0,6199.07,3675.28,False
Random Forest,0.865,1.0,0.484848,0.653061,48,0,51,56863,4155.28,5719.07,480.0,6199.07,3675.28,False
Random Forest,0.866,1.0,0.484848,0.653061,48,0,51,56863,4155.28,5719.07,480.0,6199.07,3675.28,False
Random Forest,0.867,1.0,0.484848,0.653061,48,0,51,56863,4155.28,5719.07,480.0,6199.07,3675.28,False
Random Forest,0.868,1.0,0.484848,0.653061,48,0,51,56863,4155.28,5719.07,480.0,6199.07,3675.28,False
Random Forest,0.869,1.0,0.484848,0.653061,48,0,51,56863,4155.28,5719.07,480.0,6199.07,3675.28,False
Random Forest,0.87,1.0,0.484848,0.653061,48,0,51,56863,4155.28,5719.07,480.0,6199.07,3675.28,False
Random Forest,0.871,1.0,0.484848,0.653061,48,0,51,56863,4155.28,5719.07,480.0,6199.07,3675.28,False
Random Forest,0.872,1.0,0.484848,0.653061,48,0,51,56863,4155.28,5719.07,480.0,6199.07,3675.28,False
Random Forest,0.873,1.0,0.484848,0.653061,48,0,51,56863,4155.28,5719.07,480.0,6199.07,3675.28,False
Random Forest,0.874,1.0,0.484848,0.653061,48,0,51,56863,4155.28,5719.07,480.0,6199.07,3675.28,False
Random Forest,0.875,1.0,0.484848,0.653061,48,0,51,56863,4155.28,5719.07,480.0,6199.07,3675.28,False
Random Forest,0.876,1.0,0.484848,0.653061,48,0,51,56863,4155.28,5719.07,480.0,6199.07,3675.28,False
Random Forest,0.877,1.0,0.474747,0.643836,47,0,52,56863,4131.92,5742.43,470.0,6212.43,3661.92,False
Random Forest,0.878,1.0,0.474747,0.643836,47,0,52,56863,4131.92,5742.43,470.0,6212.43,3661.92,False
Random Forest,0.879,1.0,0.474747,0.643836,47,0,52,56863,4131.92,5742.43,470.0,6212.43,3661.92,False
Random Forest,0.88,1.0,0.464646,0.634483,46,0,53,56863,3987.12,5887.23,460.0,6347.23,3527.12,False
Random Forest,0.881,1.0,0.464646,0.634483,46,0,53,56863,3987.12,5887.23,460.0,6347.23,3527.12,False
Random Forest,0.882,1.0,0.464646,0.634483,46,0,53,56863,3987.12,5887.23,460.0,6347.23,3527.12,False
Random Forest,0.883,1.0,0.464646,0.634483,46,0,53,56863,3987.12,5887.23,460.0,6347.23,3527.12,False
Random Forest,0.884,1.0,0.464646,0.634483,46,0,53,56863,3987.12,5887.23,460.0,6347.23,3527.12,False
Random Forest,0.885,1.0,0.464646,0.634483,46,0,53,56863,3987.12,5887.23,460.0,6347.23,3527.12,False
Random Forest,0.886,1.0,0.464646,0.634483,46,0,53,56863,3987.12,5887.23,460.0,6347.23,3527.12,False
Random Forest,0.887,1.0,0.454545,0.625,45,0,54,56863,3987.12,5887.23,450.0,6337.23,3537.12,False
Random Forest,0.888,1.0,0.454545,0.625,45,0,54,56863,3987.12,5887.23,450.0,6337.23,3537.12,False
Random Forest,0.889,1.0,0.454545,0.625,45,0,54,56863,3987.12,5887.23,450.0,6337.23,3537.12,False
Random Forest,0.89,1.0,0.434343,0.605634,43,0,56,56863,3612.94,6261.41,430.0,6691.41,3182.94,False
Random Forest,0.891,1.0,0.434343,0.605634,43,0,56,56863,3612.94,6261.41,430.0,6691.41,3182.94,False
Random Forest,0.892,1.0,0.434343,0.605634,43,0,56,56863,3612.94,6261.41,430.0,6691.41,3182.94,False
Random Forest,0.893,1.0,0.434343,0.605634,43,0,56,56863,3612.94,6261.41,430.0,6691.41,3182.94,False
Random Forest,0.894,1.0,0.424242,0.595745,42,0,57,56863,3528.66,6345.69,420.0,6765.69,3108.66,False
Random Forest,0.895,1.0,0.424242,0.595745,42,0,57,56863,3528.66,6345.69,420.0,6765.69,3108.66,False
Random Forest,0.896,1.0,0.424242,0.595745,42,0,57,56863,3528.66,6345.69,420.0,6765.69,3108.66,False
Random Forest,0.897,1.0,0.424242,0.595745,42,0,57,56863,3528.66,6345.69,420.0,6765.69,3108.66,False
Random Forest,0.898,1.0,0.424242,0.595745,42,0,57,56863,3528.66,6345.69,420.0,6765.69,3108.66,False
Random Forest,0.899,1.0,0.424242,0.595745,42,0,57,56863,3528.66,6345.69,420.0,6765.69,3108.66,False
Random Forest,0.9,1.0,0.424242,0.595745,42,0,57,56863,3528.66,6345.69,420.0,6765.69,3108.66,False
Random Forest,0.901,1.0,0.424242,0.595745,42,0,57,56863,3528.66,6345.69,420.0,6765.69,3108.66,False
Random Forest,0.902,1.0,0.424242,0.595745,42,0,57,56863,3528.66,6345.69,420.0,6765.69,3108.66,False
Random Forest,0.903,1.0,0.424242,0.595745,42,0,57,56863,3528.66,6345.69,420.0,6765.69,3108.66,False
Random Forest,0.904,1.0,0.424242,0.595745,42,0,57,56863,3528.66,6345.69,420.0,6765.69,3108.66,False
Random Forest,0.905,1.0,0.424242,0.595745,42,0,57,56863,3528.66,6345.69,420.0,6765.69,3108.66,False
Random Forest,0.906,1.0,0.424242,0.595745,42,0,57,56863,3528.66,6345.69,420.0,6765.69,3108.66,False
Random Forest,0.907,1.0,0.424242,0.595745,42,0,57,56863,3528.66,6345.69,420.0,6765.69,3108.66,False
Random Forest,0.908,1.0,0.424242,0.595745,42,0,57,56863,3528.66,6345.69,420.0,6765.69,3108.66,False
Random Forest,0.909,1.0,0.424242,0.595745,42,0,57,56863,3528.66,6345.69,420.0,6765.69,3108.66,False
Random Forest,0.91,1.0,0.424242,0.595745,42,0,57,56863,3528.66,6345.69,420.0,6765.69,3108.66,False
Random Forest,0.911,1.0,0.424242,0.595745,42,0,57,56863,3528.66,6345.69,420.0,6765.69,3108.66,False
Random Forest,0.912,1.0,0.424242,0.595745,42,0,57,56863,3528.66,6345.69,420.0,6765.69,3108.66,False
Random Forest,0.913,1.0,0.414141,0.585714,41,0,58,56863,3483.02,6391.33,410.0,6801.33,3073.02,False
Random Forest,0.914,1.0,0.414141,0.585714,41,0,58,56863,3483.02,6391.33,410.0,6801.33,3073.02,False
Random Forest,0.915,1.0,0.414141,0.585714,41,0,58,56863,3483.02,6391.33,410.0,6801.33,3073.02,False
Random Forest,0.916,1.0,0.414141,0.585714,41,0,58,56863,3483.02,6391.33,410.0,6801.33,3073.02,False
Random Forest,0.917,1.0,0.414141,0.585714,41,0,58,56863,3483.02,6391.33,410.0,6801.33,3073.02,False
Random Forest,0.918,1.0,0.414141,0.585714,41,0,58,56863,3483.02,6391.33,410.0,6801.33,3073.02,False
Random Forest,0.919,1.0,0.414141,0.585714,41,0,58,56863,3483.02,6391.33,410.0,6801.33,3073.02,False
Random Forest,0.92,1.0,0.414141,0.585714,41,0,58,56863,3483.02,6391.33,410.0,6801.33,3073.02,False
Random Forest,0.921,1.0,0.414141,0.585714,41,0,58,56863,3483.02,6391.33,410.0,6801.33,3073.02,False
Random Forest,0.922,1.0,0.414141,0.585714,41,0,58,56863,3483.02,6391.33,410.0,6801.33,3073.02,False
Random Forest,0.923,1.0,0.414141,0.585714,41,0,58,56863,3483.02,6391.33,410.0,6801.33,3073.02,False
Random Forest,0.924,1.0,0.414141,0.585714,41,0,58,56863,3483.02,6391.33,410.0,6801.33,3073.02,False
Random Forest,0.925,1.0,0.414141,0.585714,41,0,58,56863,3483.02,6391.33,410.0,6801.33,3073.02,False
Random Forest,0.926,1.0,0.414141,0.585714,41,0,58,56863,3483.02,6391.33,410.0,6801.33,3073.02,False
Random Forest,0.927,1.0,0.40404,0.57554,40,0,59,56863,3482.26,6392.09,400.0,6792.09,3082.26,False
Random Forest,0.928,1.0,0.40404,0.57554,40,0,59,56863,3482.26,6392.09,400.0,6792.09,3082.26,False
Random Forest,0.929,1.0,0.40404,0.57554,40,0,59,56863,3482.26,6392.09,400.0,6792.09,3082.26,False
Random Forest,0.93,1.0,0.393939,0.565217,39,0,60,56863,3370.56,6503.79,390.0,6893.79,2980.56,False
Random Forest,0.931,1.0,0.393939,0.565217,39,0,60,56863,3370.56,6503.79,390.0,6893.79,2980.56,False
Random Forest,0.932,1.0,0.393939,0.565217,39,0,60,56863,3370.56,6503.79,390.0,6893.79,2980.56,False
Random Forest,0.933,1.0,0.383838,0.554745,38,0,61,56863,3312.83,6561.52,380.0,6941.52,2932.83,False
Random Forest,0.934,1.0,0.353535,0.522388,35,0,64,56863,2968.93,6905.42,350.0,7255.42,2618.93,False
Random Forest,0.935,1.0,0.353535,0.522388,35,0,64,56863,2968.93,6905.42,350.0,7255.42,2618.93,False
Random Forest,0.936,1.0,0.353535,0.522388,35,0,64,56863,2968.93,6905.42,350.0,7255.42,2618.93,False
Random Forest,0.937,1.0,0.323232,0.48855,32,0,67,56863,1849.61,8024.74,320.0,8344.74,1529.61,False
Random Forest,0.938,1.0,0.323232,0.48855,32,0,67,56863,1849.61,8024.74,320.0,8344.74,1529.61,False
Random Forest,0.939,1.0,0.323232,0.48855,32,0,67,56863,1849.61,8024.74,320.0,8344.74,1529.61,False
Random Forest,0.94,1.0,0.323232,0.48855,32,0,67,56863,1849.61,8024.74,320.0,8344.74,1529.61,False
Random Forest,0.941,1.0,0.323232,0.48855,32,0,67,56863,1849.61,8024.74,320.0,8344.74,1529.61,False
Random Forest,0.942,1.0,0.323232,0.48855,32,0,67,56863,1849.61,8024.74,320.0,8344.74,1529.61,False
Random Forest,0.943,1.0,0.323232,0.48855,32,0,67,56863,1849.61,8024.74,320.0,8344.74,1529.61,False
Random Forest,0.944,1.0,0.30303,0.465116,30,0,69,56863,1845.06,8029.29,300.0,8329.29,1545.06,False
Random Forest,0.945,1.0,0.30303,0.465116,30,0,69,56863,1845.06,8029.29,300.0,8329.29,1545.06,False
Random Forest,0.946,1.0,0.30303,0.465116,30,0,69,56863,1845.06,8029.29,300.0,8329.29,1545.06,False
Random Forest,0.947,1.0,0.282828,0.440945,28,0,71,56863,1843.11,8031.24,280.0,8311.24,1563.11,False
Random Forest,0.948,1.0,0.282828,0.440945,28,0,71,56863,1843.11,8031.24,280.0,8311.24,1563.11,False
Random Forest,0.949,1.0,0.282828,0.440945,28,0,71,56863,1843.11,8031.24,280.0,8311.24,1563.11,False
Random Forest,0.95,1.0,0.262626,0.416,26,0,73,56863,1841.11,8033.24,260.0,8293.24,1581.11,False
Random Forest,0.951,1.0,0.262626,0.416,26,0,73,56863,1841.11,8033.24,260.0,8293.24,1581.11,False
Random Forest,0.952,1.0,0.262626,0.416,26,0,73,56863,1841.11,8033.24,260.0,8293.24,1581.11,False
Random Forest,0.953,1.0,0.262626,0.416,26,0,73,56863,1841.11,8033.24,260.0,8293.24,1581.11,False
Random Forest,0.954,1.0,0.232323,0.377049,23,0,76,56863,1417.29,8457.06,230.0,8687.06,1187.29,False
Random Forest,0.955,1.0,0.232323,0.377049,23,0,76,56863,1417.29,8457.06,230.0,8687.06,1187.29,False
Random Forest,0.956,1.0,0.232323,0.377049,23,0,76,56863,1417.29,8457.06,230.0,8687.06,1187.29,False
Random Forest,0.957,1.0,0.222222,0.363636,22,0,77,56863,1416.52,8457.83,220.0,8677.83,1196.52,False
Random Forest,0.958,1.0,0.222222,0.363636,22,0,77,56863,1416.52,8457.83,220.0,8677.83,1196.52,False
Random Forest,0.959,1.0,0.222222,0.363636,22,0,77,56863,1416.52,8457.83,220.0,8677.83,1196.52,False
Random Forest,0.96,1.0,0.20202,0.336134,20,0,79,56863,1414.52,8459.83,200.0,8659.83,1214.52,False
Random Forest,0.961,1.0,0.20202,0.336134,20,0,79,56863,1414.52,8459.83,200.0,8659.83,1214.52,False
Random Forest,0.962,1.0,0.20202,0.336134,20,0,79,56863,1414.52,8459.83,200.0,8659.83,1214.52,False
Random Forest,0.963,1.0,0.20202,0.336134,20,0,79,56863,1414.52,8459.83,200.0,8659.83,1214.52,False
Random Forest,0.964,1.0,0.151515,0.263158,15,0,84,56863,1191.17,8683.18,150.0,8833.18,1041.17,False
Random Forest,0.965,1.0,0.151515,0.263158,15,0,84,56863,1191.17,8683.18,150.0,8833.18,1041.17,False
Random Forest,0.966,1.0,0.151515,0.263158,15,0,84,56863,1191.17,8683.18,150.0,8833.18,1041.17,False
Random Forest,0.967,1.0,0.141414,0.247788,14,0,85,56863,1190.17,8684.18,140.0,8824.18,1050.17,False
Random Forest,0.968,1.0,0.141414,0.247788,14,0,85,56863,1190.17,8684.18,140.0,8824.18,1050.17,False
Random Forest,0.969,1.0,0.141414,0.247788,14,0,85,56863,1190.17,8684.18,140.0,8824.18,1050.17,False
Random Forest,0.97,1.0,0.131313,0.232143,13,0,86,56863,1189.17,8685.18,130.0,8815.18,1059.17,False
Random Forest,0.971,1.0,0.131313,0.232143,13,0,86,56863,1189.17,8685.18,130.0,8815.18,1059.17,False
Random Forest,0.972,1.0,0.131313,0.232143,13,0,86,56863,1189.17,8685.18,130.0,8815.18,1059.17,False
Random Forest,0.973,1.0,0.131313,0.232143,13,0,86,56863,1189.17,8685.18,130.0,8815.18,1059.17,False
Random Forest,0.974,1.0,0.121212,0.216216,12,0,87,56863,1100.94,8773.41,120.0,8893.41,980.94,False
Random Forest,0.975,1.0,0.121212,0.216216,12,0,87,56863,1100.94,8773.41,120.0,8893.41,980.94,False
Random Forest,0.976,1.0,0.121212,0.216216,12,0,87,56863,1100.94,8773.41,120.0,8893.41,980.94,False
Random Forest,0.977,1.0,0.121212,0.216216,12,0,87,56863,1100.94,8773.41,120.0,8893.41,980.94,False
Random Forest,0.978,1.0,0.121212,0.216216,12,0,87,56863,1100.94,8773.41,120.0,8893.41,980.94,False
Random Forest,0.979,1.0,0.121212,0.216216,12,0,87,56863,1100.94,8773.41,120.0,8893.41,980.94,False
Random Forest,0.98,1.0,0.111111,0.2,11,0,88,56863,1099.94,8774.41,110.0,8884.41,989.94,False
Random Forest,0.981,1.0,0.111111,0.2,11,0,88,56863,1099.94,8774.41,110.0,8884.41,989.94,False
Random Forest,0.982,1.0,0.111111,0.2,11,0,88,56863,1099.94,8774.41,110.0,8884.41,989.94,False
Random Forest,0.983,1.0,0.111111,0.2,11,0,88,56863,1099.94,8774.41,110.0,8884.41,989.94,False
Random Forest,0.984,1.0,0.111111,0.2,11,0,88,56863,1099.94,8774.41,110.0,8884.41,989.94,False
Random Forest,0.985,1.0,0.111111,0.2,11,0,88,56863,1099.94,8774.41,110.0,8884.41,989.94,False
Random Forest,0.986,1.0,0.111111,0.2,11,0,88,56863,1099.94,8774.41,110.0,8884.41,989.94,False
Random Forest,0.987,1.0,0.10101,0.183486,10,0,89,56863,987.61,8886.74,100.0,8986.74,887.61,False
Random Forest,0.988,1.0,0.10101,0.183486,10,0,89,56863,987.61,8886.74,100.0,8986.74,887.61,False
Random Forest,0.989,1.0,0.10101,0.183486,10,0,89,56863,987.61,8886.74,100.0,8986.74,887.61,False
Random Forest,0.99,1.0,0.060606,0.114286,6,0,93,56863,595.55,9278.8,60.0,9338.8,535.55,False
Random Forest,0.991,1.0,0.060606,0.114286,6,0,93,56863,595.55,9278.8,60.0,9338.8,535.55,False
Random Forest,0.992,1.0,0.060606,0.114286,6,0,93,56863,595.55,9278.8,60.0,9338.8,535.55,False
Random Forest,0.993,1.0,0.060606,0.114286,6,0,93,56863,595.55,9278.8,60.0,9338.8,535.55,False
Random Forest,0.994,1.0,0.040404,0.07767,4,0,95,56863,594.03,9280.32,40.0,9320.32,554.03,False
Random Forest,0.995,1.0,0.040404,0.07767,4,0,95,56863,594.03,9280.32,40.0,9320.32,554.03,False
Random Forest,0.996,1.0,0.040404,0.07767,4,0,95,56863,594.03,9280.32,40.0,9320.32,554.03,False
Random Forest,0.997,1.0,0.020202,0.039604,2,0,97,56863,416.05,9458.3,20.0,9478.3,396.05,False
Random Forest,0.998,1.0,0.020202,0.039604,2,0,97,56863,416.05,9458.3,20.0,9478.3,396.05,False
Random Forest,0.999,1.0,0.020202,0.039604,2,0,97,56863,416.05,9458.3,20.0,9478.3,396.05,False
Logistic Regression,0.001,0.001922,0.989899,0.003836,98,50903,1,5960,9872.56,1.79,510010.0,510011.79,-500137.44,False
Logistic Regression,0.002,0.002025,0.989899,0.004042,98,48299,1,8564,9872.56,1.79,483970.0,483971.79,-474097.44,False
Logistic Regression,0.003,0.00212,0.989899,0.004232,98,46120,1,10743,9872.56,1.79,462180.0,462181.79,-452307.44,False
Logistic Regression,0.004,0.002219,0.989899,0.004427,98,44072,1,12791,9872.56,1.79,441700.0,441701.79,-431827.44,False
Logistic Regression,0.005,0.002315,0.989899,0.004619,98,42237,1,14626,9872.56,1.79,423350.0,423351.79,-413477.44,False
Logistic Regression,0.006,0.00241,0.989899,0.004809,98,40563,1,16300,9872.56,1.79,406610.0,406611.79,-396737.44,False
Logistic Regression,0.007,0.002498,0.989899,0.004984,98,39128,1,17735,9872.56,1.79,392260.0,392261.79,-382387.44,False
Logistic Regression,0.008,0.00259,0.989899,0.005166,98,37742,1,19121,9872.56,1.79,378400.0,378401.79,-368527.44,False
Logistic Regression,0.009,0.002676,0.989899,0.005337,98,36529,1,20334,9872.56,1.79,366270.0,366271.79,-356397.44,False
Logistic Regression,0.01,0.00276,0.989899,0.005504,98,35412,1,21451,9872.56,1.79,355100.0,355101.79,-345227.44,False
Logistic Regression,0.011,0.002844,0.989899,0.005672,98,34360,1,22503,9872.56,1.79,344580.0,344581.79,-334707.44,False
Logistic Regression,0.012,0.002933,0.989899,0.005848,98,33320,1,23543,9872.56,1.79,334180.0,334181.79,-324307.44,False
Logistic Regression,0.013,0.003021,0.989899,0.006023,98,32343,1,24520,9872.56,1.79,324410.0,324411.79,-314537.44,False
Logistic Regression,0.014,0.003104,0.989899,0.006189,98,31473,1,25390,9872.56,1.79,315710.0,315711.79,-305837.44,False
Logistic Regression,0.015,0.003187,0.989899,0.006354,98,30650,1,26213,9872.56,1.79,307480.0,307481.79,-297607.44,False
Logistic Regression,0.016,0.003269,0.989899,0.006517,98,29878,1,26985,9872.56,1.79,299760.0,299761.79,-289887.44,False
Logistic Regression,0.017,0.003354,0.989899,0.006686,98,29117,1,27746,9872.56,1.79,292150.0,292151.79,-282277.44,False
Logistic Regression,0.018,0.003401,0.979798,0.006779,97,28420,2,28443,9238.26,636.09,285170.0,285806.09,-275931.74,False
Logistic Regression,0.019,0.003488,0.979798,0.00695,97,27716,2,29147,9238.26,636.09,278130.0,278766.09,-268891.74,False
Logistic Regression,0.02,0.003569,0.979798,0.007112,97,27083,2,29780,9238.26,636.09,271800.0,272436.09,-262561.74,False
Logistic Regression,0.021,0.003648,0.979798,0.007268,97,26496,2,30367,9238.26,636.09,265930.0,266566.09,-256691.74,False
Logistic Regression,0.022,0.003731,0.979798,0.007434,97,25900,2,30963,9238.26,636.09,259970.0,260606.09,-250731.74,False
Logistic Regression,0.023,0.00381,0.979798,0.00759,97,25364,2,31499,9238.26,636.09,254610.0,255246.09,-245371.74,False
Logistic Regression,0.024,0.003893,0.979798,0.007756,97,24818,2,32045,9238.26,636.09,249150.0,249786.09,-239911.74,False
Logistic Regression,0.025,0.003973,0.979798,0.007914,97,24317,2,32546,9238.26,636.09,244140.0,244776.09,-234901.74,False
Logistic Regression,0.026,0.004047,0.979798,0.00806,97,23872,2,32991,9238.26,636.09,239690.0,240326.09,-230451.74,False
Logistic Regression,0.027,0.00412,0.979798,0.008205,97,23447,2,33416,9238.26,636.09,235440.0,236076.09,-226201.74,False
Logistic Regression,0.028,0.004194,0.979798,0.008352,97,23032,2,33831,9238.26,636.09,231290.0,231926.09,-222051.74,False
Logistic Regression,0.029,0.004273,0.979798,0.008508,97,22605,2,34258,9238.26,636.09,227020.0,227656.09,-217781.74,False
Logistic Regression,0.03,0.004304,0.969697,0.00857,96,22208,3,34655,8689.2,1185.15,223040.0,224225.15,-214350.8,False
Logistic Regression,0.031,0.004335,0.959596,0.008631,95,21819,4,35044,7968.4,1905.95,219140.0,221045.95,-211171.6,False
Logistic Regression,0.032,0.004414,0.959596,0.008788,95,21426,4,35437,7968.4,1905.95,215210.0,217115.95,-207241.6,False
Logistic Regression,0.033,0.00444,0.949495,0.008839,94,21076,5,35787,7963.91,1910.44,211700.0,213610.44,-203736.09,False
Logistic Regression,0.034,0.00451,0.949495,0.008977,94,20749,5,36114,7963.91,1910.44,208430.0,210340.44,-200466.09,False
Logistic Regression,0.035,0.004579,0.949495,0.009114,94,20434,5,36429,7963.91,1910.44,205280.0,207190.44,-197316.09,False
Logistic Regression,0.036,0.004642,0.949495,0.009238,94,20157,5,36706,7963.91,1910.44,202510.0,204420.44,-194546.09,False
Logistic Regression,0.037,0.004709,0.949495,0.009372,94,19867,5,36996,7963.91,1910.44,199610.0,201520.44,-191646.09,False
Logistic Regression,0.038,0.004785,0.949495,0.009521,94,19552,5,37311,7963.91,1910.44,196460.0,198370.44,-188496.09,False
Logistic Regression,0.039,0.004862,0.949495,0.009675,94,19239,5,37624,7963.91,1910.44,193330.0,195240.44,-185366.09,False
Logistic Regression,0.04,0.004925,0.949495,0.009799,94,18993,5,37870,7963.91,1910.44,190870.0,192780.44,-182906.09,False
Logistic Regression,0.041,0.004948,0.939394,0.009843,93,18704,6,38159,7962.91,1911.44,187970.0,189881.44,-180007.09,False
Logistic Regression,0.042,0.005026,0.939394,0.009999,93,18409,6,38454,7962.91,1911.44,185020.0,186931.44,-177057.09,False
Logistic Regression,0.043,0.005096,0.939394,0.010137,93,18156,6,38707,7962.91,1911.44,182490.0,184401.44,-174527.09,False
Logistic Regression,0.044,0.005159,0.939394,0.010262,93,17933,6,38930,7962.91,1911.44,180260.0,182171.44,-172297.09,False
Logistic Regression,0.045,0.00523,0.939394,0.010402,93,17689,6,39174,7962.91,1911.44,177820.0,179731.44,-169857.09,False
Logistic Regression,0.046,0.005302,0.939394,0.010545,93,17447,6,39416,7962.91,1911.44,175400.0,177311.44,-167437.09,False
Logistic Regression,0.047,0.005366,0.939394,0.010671,93,17238,6,39625,7962.91,1911.44,173310.0,175221.44,-165347.09,False
Logistic Regression,0.048,0.005432,0.939394,0.010801,93,17029,6,39834,7962.91,1911.44,171220.0,173131.44,-163257.09,False
Logistic Regression,0.049,0.005507,0.939394,0.010949,93,16796,6,40067,7962.91,1911.44,168890.0,170801.44,-160927.09,False
Logistic Regression,0.05,0.005586,0.939394,0.011105,93,16557,6,40306,7962.91,1911.44,166500.0,168411.44,-158537.09,False
Logistic Regression,0.051,0.005661,0.939394,0.011254,93,16336,6,40527,7962.91,1911.44,164290.0,166201.44,-156327.09,False
Logistic Regression,0.052,0.005734,0.939394,0.011398,93,16127,6,40736,7962.91,1911.44,162200.0,164111.44,-154237.09,False
Logistic Regression,0.053,0.005811,0.939394,0.011551,93,15911,6,40952,7962.91,1911.44,160040.0,161951.44,-152077.09,False
Logistic Regression,0.054,0.005886,0.939394,0.011698,93,15708,6,41155,7962.91,1911.44,158010.0,159921.44,-150047.09,False
Logistic Regression,0.055,0.005954,0.939394,0.011834,93,15526,6,41337,7962.91,1911.44,156190.0,158101.44,-148227.09,False
Logistic Regression,0.056,0.006025,0.939394,0.011974,93,15342,6,41521,7962.91,1911.44,154350.0,156261.44,-146387.09,False
Logistic Regression,0.057,0.006098,0.939394,0.012116,93,15159,6,41704,7962.91,1911.44,152520.0,154431.44,-144557.09,False
Logistic Regression,0.058,0.00616,0.939394,0.012239,93,15005,6,41858,7962.91,1911.44,150980.0,152891.44,-143017.09,False
Logistic Regression,0.059,0.006234,0.939394,0.012386,93,14825,6,42038,7962.91,1911.44,149180.0,151091.44,-141217.09,False
Logistic Regression,0.06,0.006316,0.939394,0.012547,93,14632,6,42231,7962.91,1911.44,147250.0,149161.44,-139287.09,False
Logistic Regression,0.061,0.006394,0.939394,0.012702,93,14451,6,42412,7962.91,1911.44,145440.0,147351.44,-137477.09,False
Logistic Regression,0.062,0.00647,0.939394,0.012852,93,14281,6,42582,7962.91,1911.44,143740.0,145651.44,-135777.09,False
Logistic Regression,0.063,0.006548,0.939394,0.013005,93,14110,6,42753,7962.91,1911.44,142030.0,143941.44,-134067.09,False
Logistic Regression,0.064,0.006621,0.939394,0.01315,93,13953,6,42910,7962.91,1911.44,140460.0,142371.44,-132497.09,False
Logistic Regression,0.065,0.006692,0.939394,0.01329,93,13804,6,43059,7962.91,1911.44,138970.0,140881.44,-131007.09,False
Logistic Regression,0.066,0.00677,0.939394,0.013443,93,13644,6,43219,7962.91,1911.44,137370.0,139281.44,-129407.09,False
Logistic Regression,0.067,0.006841,0.939394,0.013584,93,13501,6,43362,7962.91,1911.44,135940.0,137851.44,-127977.09,False
Logistic Regression,0.068,0.006926,0.939394,0.01375,93,13335,6,43528,7962.91,1911.44,134280.0,136191.44,-126317.09,False
Logistic Regression,0.069,0.007008,0.939394,0.013912,93,13178,6,43685,7962.91,1911.44,132710.0,134621.44,-124747.09,False
Logistic Regression,0.07,0.007093,0.939394,0.014079,93,13019,6,43844,7962.91,1911.44,131120.0,133031.44,-123157.09,False
Logistic Regression,0.071,0.007166,0.939394,0.014223,93,12885,6,43978,7962.91,1911.44,129780.0,131691.44,-121817.09,False
Logistic Regression,0.072,0.007241,0.939394,0.014372,93,12750,6,44113,7962.91,1911.44,128430.0,130341.44,-120467.09,False
Logistic Regression,0.073,0.007319,0.939394,0.014524,93,12614,6,44249,7962.91,1911.44,127070.0,128981.44,-119107.09,False
Logistic Regression,0.074,0.007403,0.939394,0.01469,93,12470,6,44393,7962.91,1911.44,125630.0,127541.44,-117667.09,False
Logistic Regression,0.075,0.007494,0.939394,0.014869,93,12317,6,44546,7962.91,1911.44,124100.0,126011.44,-116137.09,False
Logistic Regression,0.076,0.007567,0.939394,0.015012,93,12198,6,44665,7962.91,1911.44,122910.0,124821.44,-114947.09,False
Logistic Regression,0.077,0.007646,0.939394,0.015169,93,12070,6,44793,7962.91,1911.44,121630.0,123541.44,-113667.09,False
Logistic Regression,0.078,0.007721,0.939394,0.015316,93,11952,6,44911,7962.91,1911.44,120450.0,122361.44,-112487.09,False
Logistic Regression,0.079,0.007809,0.939394,0.01549,93,11816,6,45047,7962.91,1911.44,119090.0,121001.44,-111127.09,False
Logistic Regression,0.08,0.007887,0.939394,0.015643,93,11698,6,45165,7962.91,1911.44,117910.0,119821.44,-109947.09,False
Logistic Regression,0.081,0.007979,0.939394,0.015823,93,11563,6,45300,7962.91,1911.44,116560.0,118471.44,-108597.09,False
Logistic Regression,0.082,0.008055,0.939394,0.015974,93,11452,6,45411,7962.91,1911.44,115450.0,117361.44,-107487.09,False
Logistic Regression,0.083,0.008127,0.939394,0.016114,93,11351,6,45512,7962.91,1911.44,114440.0,116351.44,-106477.09,False
Logistic Regression,0.084,0.008202,0.939394,0.016262,93,11246,6,45617,7962.91,1911.44,113390.0,115301.44,-105427.09,False
Logistic Regression,0.085,0.008276,0.939394,0.016408,93,11144,6,45719,7962.91,1911.44,112370.0,114281.44,-104407.09,False
Logistic Regression,0.086,0.008362,0.939394,0.016576,93,11029,6,45834,7962.91,1911.44,111220.0,113131.44,-103257.09,False
Logistic Regression,0.087,0.008432,0.939394,0.016713,93,10937,6,45926,7962.91,1911.44,110300.0,112211.44,-102337.09,False
Logistic Regression,0.088,0.008507,0.939394,0.016862,93,10839,6,46024,7962.91,1911.44,109320.0,111231.44,-101357.09,False
Logistic Regression,0.089,0.00859,0.939394,0.017025,93,10733,6,46130,7962.91,1911.44,108260.0,110171.44,-100297.09,False
Logistic Regression,0.09,0.008675,0.939394,0.017192,93,10627,6,46236,7962.91,1911.44,107200.0,109111.44,-99237.09,False
Logistic Regression,0.091,0.008753,0.939394,0.017344,93,10532,6,46331,7962.91,1911.44,106250.0,108161.44,-98287.09,False
Logistic Regression,0.092,0.008832,0.939394,0.017499,93,10437,6,46426,7962.91,1911.44,105300.0,107211.44,-97337.09,False
Logistic Regression,0.093,0.008911,0.939394,0.017654,93,10344,6,46519,7962.91,1911.44,104370.0,106281.44,-96407.09,False
Logistic Regression,0.094,0.008998,0.939394,0.017825,93,10243,6,46620,7962.91,1911.44,103360.0,105271.44,-95397.09,False
Logistic Regression,0.095,0.009086,0.939394,0.017999,93,10142,6,46721,7962.91,1911.44,102350.0,104261.44,-94387.09,False
Logistic Regression,0.096,0.009182,0.939394,0.018185,93,10036,6,46827,7962.91,1911.44,101290.0,103201.44,-93327.09,False
Logistic Regression,0.097,0.00926,0.939394,0.01834,93,9950,6,46913,7962.91,1911.44,100430.0,102341.44,-92467.09,False
Logistic Regression,0.098,0.009344,0.939394,0.018504,93,9860,6,47003,7962.91,1911.44,99530.0,101441.44,-91567.09,False
Logistic Regression,0.099,0.009411,0.939394,0.018635,93,9789,6,47074,7962.91,1911.44,98820.0,100731.44,-90857.09,False
Logistic Regression,0.1,0.00948,0.939394,0.018771,93,9717,6,47146,7962.91,1911.44,98100.0,100011.44,-90137.09,False
Logistic Regression,0.101,0.009577,0.939394,0.01896,93,9618,6,47245,7962.91,1911.44,97110.0,99021.44,-89147.09,False
Logistic Regression,0.102,0.009645,0.939394,0.019095,93,9549,6,47314,7962.91,1911.44,96420.0,98331.44,-88457.09,False
Logistic Regression,0.103,0.009732,0.939394,0.019265,93,9463,6,47400,7962.91,1911.44,95560.0,97471.44,-87597.09,False
Logistic Regression,0.104,0.009809,0.939394,0.019415,93,9388,6,47475,7962.91,1911.44,94810.0,96721.44,-86847.09,False
Logistic Regression,0.105,0.009902,0.939394,0.019598,93,9299,6,47564,7962.91,1911.44,93920.0,95831.44,-85957.09,False
Logistic Regression,0.106,0.009997,0.939394,0.019783,93,9210,6,47653,7962.91,1911.44,93030.0,94941.44,-85067.09,False
Logistic Regression,0.107,0.01008,0.939394,0.019946,93,9133,6,47730,7962.91,1911.44,92260.0,94171.44,-84297.09,False
Logistic Regression,0.108,0.010171,0.939394,0.020123,93,9051,6,47812,7962.91,1911.44,91440.0,93351.44,-83477.09,False
Logistic Regression,0.109,0.010266,0.939394,0.02031,93,8966,6,47897,7962.91,1911.44,90590.0,92501.44,-82627.09,False
Logistic Regression,0.11,0.010361,0.939394,0.020496,93,8883,6,47980,7962.91,1911.44,89760.0,91671.44,-81797.09,False
Logistic Regression,0.111,0.010427,0.939394,0.020625,93,8826,6,48037,7962.91,1911.44,89190.0,91101.44,-81227.09,False
Logistic Regression,0.112,0.010523,0.939394,0.020812,93,8745,6,48118,7962.91,1911.44,88380.0,90291.44,-80417.09,False
Logistic Regression,0.113,0.010595,0.939394,0.020953,93,8685,6,48178,7962.91,1911.44,87780.0,89691.44,-79817.09,False
Logistic Regression,0.114,0.010674,0.939394,0.021108,93,8620,6,48243,7962.91,1911.44,87130.0,89041.44,-79167.09,False
Logistic Regression,0.115,0.010743,0.939394,0.021243,93,8564,6,48299,7962.91,1911.44,86570.0,88481.44,-78607.09,False
Logistic Regression,0.116,0.010842,0.939394,0.021436,93,8485,6,48378,7962.91,1911.44,85780.0,87691.44,-77817.09,False
Logistic Regression,0.117,0.010931,0.939394,0.02161,93,8415,6,48448,7962.91,1911.44,85080.0,86991.44,-77117.09,False
Logistic Regression,0.118,0.011007,0.939394,0.021759,93,8356,6,48507,7962.91,1911.44,84490.0,86401.44,-76527.09,False
Logistic Regression,0.119,0.01111,0.939394,0.02196,93,8278,6,48585,7962.91,1911.44,83710.0,85621.44,-75747.09,False
Logistic Regression,0.12,0.01119,0.939394,0.022117,93,8218,6,48645,7962.91,1911.44,83110.0,85021.44,-75147.09,False
Logistic Regression,0.121,0.011289,0.939394,0.02231,93,8145,6,48718,7962.91,1911.44,82380.0,84291.44,-74417.09,False
Logistic Regression,0.122,0.011387,0.939394,0.022502,93,8074,6,48789,7962.91,1911.44,81670.0,83581.44,-73707.09,False
Logistic Regression,0.123,0.011476,0.939394,0.022675,93,8011,6,48852,7962.91,1911.44,81040.0,82951.44,-73077.09,False
Logistic Regression,0.124,0.011566,0.939394,0.02285,93,7948,6,48915,7962.91,1911.44,80410.0,82321.44,-72447.09,False
Logistic Regression,0.125,0.011637,0.939394,0.022989,93,7899,6,48964,7962.91,1911.44,79920.0,81831.44,-71957.09,False
Logistic Regression,0.126,0.011719,0.939394,0.023149,93,7843,6,49020,7962.91,1911.44,79360.0,81271.44,-71397.09,False
Logistic Regression,0.127,0.011796,0.939394,0.0233,93,7791,6,49072,7962.91,1911.44,78840.0,80751.44,-70877.09,False
Logistic Regression,0.128,0.011896,0.939394,0.023494,93,7725,6,49138,7962.91,1911.44,78180.0,80091.44,-70217.09,False
Logistic Regression,0.129,0.01198,0.939394,0.023658,93,7670,6,49193,7962.91,1911.44,77630.0,79541.44,-69667.09,False
Logistic Regression,0.13,0.012061,0.939394,0.023816,93,7618,6,49245,7962.91,1911.44,77110.0,79021.44,-69147.09,False
Logistic Regression,0.131,0.012155,0.939394,0.024,93,7558,6,49305,7962.91,1911.44,76510.0,78421.44,-68547.09,False
Logistic Regression,0.132,0.012235,0.939394,0.024156,93,7508,6,49355,7962.91,1911.44,76010.0,77921.44,-68047.09,False
Logistic Regression,0.133,0.012318,0.939394,0.024317,93,7457,6,49406,7962.91,1911.44,75500.0,77411.44,-67537.09,False
Logistic Regression,0.134,0.012417,0.939394,0.024509,93,7397,6,49466,7962.91,1911.44,74900.0,76811.44,-66937.09,False
Logistic Regression,0.135,0.012487,0.939394,0.024646,93,7355,6,49508,7962.91,1911.44,74480.0,76391.44,-66517.09,False
Logistic Regression,0.136,0.012602,0.939394,0.02487,93,7287,6,49576,7962.91,1911.44,73800.0,75711.44,-65837.09,False
Logistic Regression,0.137,0.012558,0.929293,0.024781,92,7234,7,49629,7754.33,2120.02,73260.0,75380.02,-65505.67,False
Logistic Regression,0.138,0.012646,0.929293,0.024953,92,7183,7,49680,7754.33,2120.02,72750.0,74870.02,-64995.67,False
Logistic Regression,0.139,0.012714,0.929293,0.025085,92,7144,7,49719,7754.33,2120.02,72360.0,74480.02,-64605.67,False
Logistic Regression,0.14,0.012787,0.929293,0.025226,92,7103,7,49760,7754.33,2120.02,71950.0,74070.02,-64195.67,False
Logistic Regression,0.141,0.012878,0.929293,0.025404,92,7052,7,49811,7754.33,2120.02,71440.0,73560.02,-63685.67,False
Logistic Regression,0.142,0.012808,0.919192,0.025264,91,7014,8,49849,7711.8,2162.55,71050.0,73212.55,-63338.2,False
Logistic Regression,0.143,0.012902,0.919192,0.025447,91,6962,8,49901,7711.8,2162.55,70530.0,72692.55,-62818.2,False
Logistic Regression,0.144,0.012996,0.919192,0.02563,91,6911,8,49952,7711.8,2162.55,70020.0,72182.55,-62308.2,False
Logistic Regression,0.145,0.013084,0.919192,0.025801,91,6864,8,49999,7711.8,2162.55,69550.0,71712.55,-61838.2,False
Logistic Regression,0.146,0.01316,0.919192,0.025948,91,6824,8,50039,7711.8,2162.55,69150.0,71312.55,-61438.2,False
Logistic Regression,0.147,0.013246,0.919192,0.026116,91,6779,8,50084,7711.8,2162.55,68700.0,70862.55,-60988.2,False
Logistic Regression,0.148,0.013341,0.919192,0.026301,91,6730,8,50133,7711.8,2162.55,68210.0,70372.55,-60498.2,False
Logistic Regression,0.149,0.013426,0.919192,0.026465,91,6687,8,50176,7711.8,2162.55,67780.0,69942.55,-60068.2,False
Logistic Regression,0.15,0.013512,0.919192,0.026632,91,6644,8,50219,7711.8,2162.55,67350.0,69512.55,-59638.2,False
Logistic Regression,0.151,0.013578,0.919192,0.026761,91,6611,8,50252,7711.8,2162.55,67020.0,69182.55,-59308.2,False
Logistic Regression,0.152,0.013678,0.919192,0.026955,91,6562,8,50301,7711.8,2162.55,66530.0,68692.55,-58818.2,False
Logistic Regression,0.153,0.013761,0.919192,0.027116,91,6522,8,50341,7711.8,2162.55,66130.0,68292.55,-58418.2,False
Logistic Regression,0.154,0.013836,0.919192,0.027262,91,6486,8,50377,7711.8,2162.55,65770.0,67932.55,-58058.2,False
Logistic Regression,0.155,0.013914,0.919192,0.027414,91,6449,8,50414,7711.8,2162.55,65400.0,67562.55,-57688.2,False
Logistic Regression,0.156,0.013985,0.919192,0.027551,91,6416,8,50447,7711.8,2162.55,65070.0,67232.55,-57358.2,False
Logistic Regression,0.157,0.014069,0.919192,0.027714,91,6377,8,50486,7711.8,2162.55,64680.0,66842.55,-56968.2,False
Logistic Regression,0.158,0.014157,0.919192,0.027884,91,6337,8,50526,7711.8,2162.55,64280.0,66442.55,-56568.2,False
Logistic Regression,0.159,0.014243,0.919192,0.028052,91,6298,8,50565,7711.8,2162.55,63890.0,66052.55,-56178.2,False
Logistic Regression,0.16,0.014335,0.919192,0.02823,91,6257,8,50606,7711.8,2162.55,63480.0,65642.55,-55768.2,False
Logistic Regression,0.161,0.014426,0.919192,0.028406,91,6217,8,50646,7711.8,2162.55,63080.0,65242.55,-55368.2,False
Logistic Regression,0.162,0.014516,0.919192,0.02858,91,6178,8,50685,7711.8,2162.55,62690.0,64852.55,-54978.2,False
Logistic Regression,0.163,0.014628,0.919192,0.028797,91,6130,8,50733,7711.8,2162.55,62210.0,64372.55,-54498.2,False
Logistic Regression,0.164,0.014732,0.919192,0.028999,91,6086,8,50777,7711.8,2162.55,61770.0,63932.55,-54058.2,False
Logistic Regression,0.165,0.014845,0.919192,0.029218,91,6039,8,50824,7711.8,2162.55,61300.0,63462.55,-53588.2,False
Logistic Regression,0.166,0.014943,0.919192,0.029407,91,5999,8,50864,7711.8,2162.55,60900.0,63062.55,-53188.2,False
Logistic Regression,0.167,0.015026,0.919192,0.029569,91,5965,8,50898,7711.8,2162.55,60560.0,62722.55,-52848.2,False
Logistic Regression,0.168,0.015144,0.919192,0.029797,91,5918,8,50945,7711.8,2162.55,60090.0,62252.55,-52378.2,False
Logistic Regression,0.169,0.015276,0.919192,0.030053,91,5866,8,50997,7711.8,2162.55,59570.0,61732.55,-51858.2,False
Logistic Regression,0.17,0.015385,0.919192,0.030263,91,5824,8,51039,7711.8,2162.55,59150.0,61312.55,-51438.2,False
Logistic Regression,0.171,0.015503,0.919192,0.030491,91,5779,8,51084,7711.8,2162.55,58700.0,60862.55,-50988.2,False
Logistic Regression,0.172,0.015596,0.919192,0.030671,91,5744,8,51119,7711.8,2162.55,58350.0,60512.55,-50638.2,False
Logistic Regression,0.173,0.015717,0.919192,0.030905,91,5699,8,51164,7711.8,2162.55,57900.0,60062.55,-50188.2,False
Logistic Regression,0.174,0.015821,0.919192,0.031106,91,5661,8,51202,7711.8,2162.55,57520.0,59682.55,-49808.2,False
Logistic Regression,0.175,0.015948,0.919192,0.031352,91,5615,8,51248,7711.8,2162.55,57060.0,59222.55,-49348.2,False
Logistic Regression,0.176,0.016047,0.919192,0.031542,91,5580,8,51283,7711.8,2162.55,56710.0,58872.55,-48998.2,False
Logistic Regression,0.177,0.016155,0.919192,0.031752,91,5542,8,51321,7711.8,2162.55,56330.0,58492.55,-48618.2,False
Logistic Regression,0.178,0.016244,0.919192,0.031924,91,5511,8,51352,7711.8,2162.55,56020.0,58182.55,-48308.2,False
Logistic Regression,0.179,0.016349,0.919192,0.032127,91,5475,8,51388,7711.8,2162.55,55660.0,57822.55,-47948.2,False
Logistic Regression,0.18,0.016447,0.919192,0.032315,91,5442,8,51421,7711.8,2162.55,55330.0,57492.55,-47618.2,False
Logistic Regression,0.181,0.016524,0.919192,0.032465,91,5416,8,51447,7711.8,2162.55,55070.0,57232.55,-47358.2,False
Logistic Regression,0.182,0.016612,0.919192,0.032634,91,5387,8,51476,7711.8,2162.55,54780.0,56942.55,-47068.2,False
Logistic Regression,0.183,0.016725,0.919192,0.032852,91,5350,8,51513,7711.8,2162.55,54410.0,56572.55,-46698.2,False
Logistic Regression,0.184,0.016833,0.919192,0.033061,91,5315,8,51548,7711.8,2162.55,54060.0,56222.55,-46348.2,False
Logistic Regression,0.185,0.016933,0.919192,0.033254,91,5283,8,51580,7711.8,2162.55,53740.0,55902.55,-46028.2,False
Logistic Regression,0.186,0.017035,0.919192,0.03345,91,5251,8,51612,7711.8,2162.55,53420.0,55582.55,-45708.2,False
Logistic Regression,0.187,0.017118,0.919192,0.03361,91,5225,8,51638,7711.8,2162.55,53160.0,55322.55,-45448.2,False
Logistic Regression,0.188,0.017196,0.919192,0.03376,91,5201,8,51662,7711.8,2162.55,52920.0,55082.55,-45208.2,False
Logistic Regression,0.189,0.017274,0.919192,0.033911,91,5177,8,51686,7711.8,2162.55,52680.0,54842.55,-44968.2,False
Logistic Regression,0.19,0.017376,0.919192,0.034108,91,5146,8,51717,7711.8,2162.55,52370.0,54532.55,-44658.2,False
Logistic Regression,0.191,0.017456,0.919192,0.034262,91,5122,8,51741,7711.8,2162.55,52130.0,54292.55,-44418.2,False
Logistic Regression,0.192,0.017554,0.919192,0.03445,91,5093,8,51770,7711.8,2162.55,51840.0,54002.55,-44128.2,False
Logistic Regression,0.193,0.017656,0.919192,0.034647,91,5063,8,51800,7711.8,2162.55,51540.0,53702.55,-43828.2,False
Logistic Regression,0.194,0.017766,0.919192,0.034859,91,5031,8,51832,7711.8,2162.55,51220.0,53382.55,-43508.2,False
Logistic Regression,0.195,0.017882,0.919192,0.035081,91,4998,8,51865,7711.8,2162.55,50890.0,53052.55,-43178.2,False
Logistic Regression,0.196,0.017952,0.919192,0.035217,91,4978,8,51885,7711.8,2162.55,50690.0,52852.55,-42978.2,False
Logistic Regression,0.197,0.018084,0.919192,0.035471,91,4941,8,51922,7711.8,2162.55,50320.0,52482.55,-42608.2,False
Logistic Regression,0.198,0.0182,0.919192,0.035693,91,4909,8,51954,7711.8,2162.55,50000.0,52162.55,-42288.2,False
Logistic Regression,0.199,0.018291,0.919192,0.035869,91,4884,8,51979,7711.8,2162.55,49750.0,51912.55,-42038.2,False
Logistic Regression,0.2,0.01838,0.919192,0.03604,91,4860,8,52003,7711.8,2162.55,49510.0,51672.55,-41798.2,False
Logistic Regression,0.201,0.018458,0.919192,0.03619,91,4839,8,52024,7711.8,2162.55,49300.0,51462.55,-41588.2,False
Logistic Regression,0.202,0.018564,0.919192,0.036393,91,4811,8,52052,7711.8,2162.55,49020.0,51182.55,-41308.2,False
Logistic Regression,0.203,0.01867,0.919192,0.036598,91,4783,8,52080,7711.8,2162.55,48740.0,50902.55,-41028.2,False
Logistic Regression,0.204,0.018794,0.919192,0.036835,91,4751,8,52112,7711.8,2162.55,48420.0,50582.55,-40708.2,False
Logistic Regression,0.205,0.018954,0.919192,0.037143,91,4710,8,52153,7711.8,2162.55,48010.0,50172.55,-40298.2,False
Logistic Regression,0.206,0.019066,0.919192,0.037356,91,4682,8,52181,7711.8,2162.55,47730.0,49892.55,-40018.2,False
Logistic Regression,0.207,0.019174,0.919192,0.037564,91,4655,8,52208,7711.8,2162.55,47460.0,49622.55,-39748.2,False
Logistic Regression,0.208,0.019288,0.919192,0.037783,91,4627,8,52236,7711.8,2162.55,47180.0,49342.55,-39468.2,False
Logistic Regression,0.209,0.01937,0.919192,0.03794,91,4607,8,52256,7711.8,2162.55,46980.0,49142.55,-39268.2,False
Logistic Regression,0.21,0.019511,0.919192,0.038211,91,4573,8,52290,7711.8,2162.55,46640.0,48802.55,-38928.2,False
Logistic Regression,0.211,0.019599,0.919192,0.03838,91,4552,8,52311,7711.8,2162.55,46430.0,48592.55,-38718.2,False
Logistic Regression,0.212,0.019676,0.919192,0.038527,91,4534,8,52329,7711.8,2162.55,46250.0,48412.55,-38538.2,False
Logistic Regression,0.213,0.019796,0.919192,0.038756,91,4506,8,52357,7711.8,2162.55,45970.0,48132.55,-38258.2,False
Logistic Regression,0.214,0.019921,0.919192,0.038997,91,4477,8,52386,7711.8,2162.55,45680.0,47842.55,-37968.2,False
Logistic Regression,0.215,0.020026,0.919192,0.039199,91,4453,8,52410,7711.8,2162.55,45440.0,47602.55,-37728.2,False
Logistic Regression,0.216,0.020151,0.919192,0.039437,91,4425,8,52438,7711.8,2162.55,45160.0,47322.55,-37448.2,False
Logistic Regression,0.217,0.020254,0.919192,0.039634,91,4402,8,52461,7711.8,2162.55,44930.0,47092.55,-37218.2,False
Logistic Regression,0.218,0.020353,0.919192,0.039825,91,4380,8,52483,7711.8,2162.55,44710.0,46872.55,-36998.2,False
Logistic Regression,0.219,0.020463,0.919192,0.040035,91,4356,8,52507,7711.8,2162.55,44470.0,46632.55,-36758.2,False
Logistic Regression,0.22,0.020574,0.919192,0.040248,91,4332,8,52531,7711.8,2162.55,44230.0,46392.55,-36518.2,False
Logistic Regression,0.221,0.020701,0.919192,0.040489,91,4305,8,52558,7711.8,2162.55,43960.0,46122.55,-36248.2,False
Logistic Regression,0.222,0.020819,0.919192,0.040716,91,4280,8,52583,7711.8,2162.55,43710.0,45872.55,-35998.2,False
Logistic Regression,0.223,0.020905,0.919192,0.040881,91,4262,8,52601,7711.8,2162.55,43530.0,45692.55,-35818.2,False
Logistic Regression,0.224,0.021026,0.919192,0.041111,91,4237,8,52626,7711.8,2162.55,43280.0,45442.55,-35568.2,False
Logistic Regression,0.225,0.021148,0.919192,0.041345,91,4212,8,52651,7711.8,2162.55,43030.0,45192.55,-35318.2,False
Logistic Regression,0.226,0.021237,0.919192,0.041515,91,4194,8,52669,7711.8,2162.55,42850.0,45012.55,-35138.2,False
Logistic Regression,0.227,0.021367,0.919192,0.041762,91,4168,8,52695,7711.8,2162.55,42590.0,44752.55,-34878.2,False
Logistic Regression,0.228,0.021477,0.919192,0.041974,91,4146,8,52717,7711.8,2162.55,42370.0,44532.55,-34658.2,False
Logistic Regression,0.229,0.021584,0.919192,0.042178,91,4125,8,52738,7711.8,2162.55,42160.0,44322.55,-34448.2,False
Logistic Regression,0.23,0.021677,0.919192,0.042355,91,4107,8,52756,7711.8,2162.55,41980.0,44142.55,-34268.2,False
Logistic Regression,0.231,0.021744,0.919192,0.042484,91,4094,8,52769,7711.8,2162.55,41850.0,44012.55,-34138.2,False
Logistic Regression,0.232,0.021891,0.919192,0.042763,91,4066,8,52797,7711.8,2162.55,41570.0,43732.55,-33858.2,False
Logistic Regression,0.233,0.022034,0.919192,0.043036,91,4039,8,52824,7711.8,2162.55,41300.0,43462.55,-33588.2,False
Logistic Regression,0.234,0.022173,0.919192,0.043302,91,4013,8,52850,7711.8,2162.55,41040.0,43202.55,-33328.2,False
Logistic Regression,0.235,0.02232,0.919192,0.043582,91,3986,8,52877,7711.8,2162.55,40770.0,42932.55,-33058.2,False
Logistic Regression,0.236,0.022441,0.919192,0.043813,91,3964,8,52899,7711.8,2162.55,40550.0,42712.55,-32838.2,False
Logistic Regression,0.237,0.02253,0.919192,0.043983,91,3948,8,52915,7711.8,2162.55,40390.0,42552.55,-32678.2,False
Logistic Regression,0.238,0.022654,0.919192,0.044218,91,3926,8,52937,7711.8,2162.55,40170.0,42332.55,-32458.2,False
Logistic Regression,0.239,0.022796,0.919192,0.044488,91,3901,8,52962,7711.8,2162.55,39920.0,42082.55,-32208.2,False
Logistic Regression,0.24,0.022928,0.919192,0.044739,91,3878,8,52985,7711.8,2162.55,39690.0,41852.55,-31978.2,False
Logistic Regression,0.241,0.023015,0.919192,0.044905,91,3863,8,53000,7711.8,2162.55,39540.0,41702.55,-31828.2,False
Logistic Regression,0.242,0.023138,0.919192,0.045139,91,3842,8,53021,7711.8,2162.55,39330.0,41492.55,-31618.2,False
Logistic Regression,0.243,0.023214,0.919192,0.045285,91,3829,8,53034,7711.8,2162.55,39200.0,41362.55,-31488.2,False
Logistic Regression,0.244,0.023333,0.919192,0.045511,91,3809,8,53054,7711.8,2162.55,39000.0,41162.55,-31288.2,False
Logistic Regression,0.245,0.023442,0.919192,0.045717,91,3791,8,53072,7711.8,2162.55,38820.0,40982.55,-31108.2,False
Logistic Regression,0.246,0.023526,0.919192,0.045878,91,3777,8,53086,7711.8,2162.55,38680.0,40842.55,-30968.2,False
Logistic Regression,0.247,0.023377,0.909091,0.045581,90,3760,9,53103,7711.8,2162.55,38500.0,40662.55,-30788.2,False
Logistic Regression,0.248,0.02348,0.909091,0.045778,90,3743,9,53120,7711.8,2162.55,38330.0,40492.55,-30618.2,False
Logistic Regression,0.249,0.023585,0.909091,0.045977,90,3726,9,53137,7711.8,2162.55,38160.0,40322.55,-30448.2,False
Logistic Regression,0.25,0.023703,0.909091,0.046201,90,3707,9,53156,7711.8,2162.55,37970.0,40132.55,-30258.2,False
Logistic Regression,0.251,0.023828,0.909091,0.04644,90,3687,9,53176,7711.8,2162.55,37770.0,39932.55,-30058.2,False
Logistic Regression,0.252,0.023898,0.909091,0.046572,90,3676,9,53187,7711.8,2162.55,37660.0,39822.55,-29948.2,False
Logistic Regression,0.253,0.024013,0.909091,0.04679,90,3658,9,53205,7711.8,2162.55,37480.0,39642.55,-29768.2,False
Logistic Regression,0.254,0.024142,0.909091,0.047034,90,3638,9,53225,7711.8,2162.55,37280.0,39442.55,-29568.2,False
Logistic Regression,0.255,0.024252,0.909091,0.047244,90,3621,9,53242,7711.8,2162.55,37110.0,39272.55,-29398.2,False
Logistic Regression,0.256,0.024311,0.909091,0.047356,90,3612,9,53251,7711.8,2162.55,37020.0,39182.55,-29308.2,False
Logistic Regression,0.257,0.02447,0.909091,0.047657,90,3588,9,53275,7711.8,2162.55,36780.0,38942.55,-29068.2,False
Logistic Regression,0.258,0.024604,0.909091,0.047911,90,3568,9,53295,7711.8,2162.55,36580.0,38742.55,-28868.2,False
Logistic Regression,0.259,0.024725,0.909091,0.048141,90,3550,9,53313,7711.8,2162.55,36400.0,38562.55,-28688.2,False
Logistic Regression,0.26,0.024855,0.909091,0.048387,90,3531,9,53332,7711.8,2162.55,36210.0,38372.55,-28498.2,False
Logistic Regression,0.261,0.024986,0.909091,0.048636,90,3512,9,53351,7711.8,2162.55,36020.0,38182.55,-28308.2,False
Logistic Regression,0.262,0.025091,0.909091,0.048833,90,3497,9,53366,7711.8,2162.55,35870.0,38032.55,-28158.2,False
Logistic Regression,0.263,0.025203,0.909091,0.049046,90,3481,9,53382,7711.8,2162.55,35710.0,37872.55,-27998.2,False
Logistic Regression,0.264,0.025316,0.909091,0.049261,90,3465,9,53398,7711.8,2162.55,35550.0,37712.55,-27838.2,False
Logistic Regression,0.265,0.025452,0.909091,0.049519,90,3446,9,53417,7711.8,2162.55,35360.0,37522.55,-27648.2,False
Logistic Regression,0.266,0.02551,0.909091,0.049628,90,3438,9,53425,7711.8,2162.55,35280.0,37442.55,-27568.2,False
Logistic Regression,0.267,0.025612,0.909091,0.04982,90,3424,9,53439,7711.8,2162.55,35140.0,37302.55,-27428.2,False
Logistic Regression,0.268,0.025707,0.909091,0.05,90,3411,9,53452,7711.8,2162.55,35010.0,37172.55,-27298.2,False
Logistic Regression,0.269,0.025832,0.909091,0.050237,90,3394,9,53469,7711.8,2162.55,34840.0,37002.55,-27128.2,False
Logistic Regression,0.27,0.025937,0.909091,0.050434,90,3380,9,53483,7711.8,2162.55,34700.0,36862.55,-26988.2,False
Logistic Regression,0.271,0.026012,0.909091,0.050576,90,3370,9,53493,7711.8,2162.55,34600.0,36762.55,-26888.2,False
Logistic Regression,0.272,0.026148,0.909091,0.050833,90,3352,9,53511,7711.8,2162.55,34420.0,36582.55,-26708.2,False
Logistic Regression,0.273,0.0263,0.909091,0.051122,90,3332,9,53531,7711.8,2162.55,34220.0,36382.55,-26508.2,False
Logistic Regression,0.274,0.026385,0.909091,0.051282,90,3321,9,53542,7711.8,2162.55,34110.0,36272.55,-26398.2,False
Logistic Regression,0.275,0.026525,0.909091,0.051546,90,3303,9,53560,7711.8,2162.55,33930.0,36092.55,-26218.2,False
Logistic Regression,0.276,0.026643,0.909091,0.051769,90,3288,9,53575,7711.8,2162.55,33780.0,35942.55,-26068.2,False
Logistic Regression,0.277,0.026762,0.909091,0.051993,90,3273,9,53590,7711.8,2162.55,33630.0,35792.55,-25918.2,False
Logistic Regression,0.278,0.02693,0.909091,0.05231,90,3252,9,53611,7711.8,2162.55,33420.0,35582.55,-25708.2,False
Logistic Regression,0.279,0.027043,0.909091,0.052524,90,3238,9,53625,7711.8,2162.55,33280.0,35442.55,-25568.2,False
Logistic Regression,0.28,0.027158,0.909091,0.05274,90,3224,9,53639,7711.8,2162.55,33140.0,35302.55,-25428.2,False
Logistic Regression,0.281,0.027256,0.909091,0.052926,90,3212,9,53651,7711.8,2162.55,33020.0,35182.55,-25308.2,False
Logistic Regression,0.282,0.027397,0.909091,0.053191,90,3195,9,53668,7711.8,2162.55,32850.0,35012.55,-25138.2,False
Logistic Regression,0.283,0.027481,0.909091,0.053349,90,3185,9,53678,7711.8,2162.55,32750.0,34912.55,-25038.2,False
Logistic Regression,0.284,0.027616,0.909091,0.053603,90,3169,9,53694,7711.8,2162.55,32590.0,34752.55,-24878.2,False
Logistic Regression,0.285,0.027726,0.909091,0.053812,90,3156,9,53707,7711.8,2162.55,32460.0,34622.55,-24748.2,False
Logistic Regression,0.286,0.027864,0.909091,0.05407,90,3140,9,53723,7711.8,2162.55,32300.0,34462.55,-24588.2,False
Logistic Regression,0.287,0.028002,0.909091,0.054331,90,3124,9,53739,7711.8,2162.55,32140.0,34302.55,-24428.2,False
Logistic Regression,0.288,0.028143,0.909091,0.054595,90,3108,9,53755,7711.8,2162.55,31980.0,34142.55,-24268.2,False
Logistic Regression,0.289,0.028231,0.909091,0.054761,90,3098,9,53765,7711.8,2162.55,31880.0,34042.55,-24168.2,False
Logistic Regression,0.29,0.028293,0.909091,0.054878,90,3091,9,53772,7711.8,2162.55,31810.0,33972.55,-24098.2,False
Logistic Regression,0.291,0.0284,0.909091,0.05508,90,3079,9,53784,7711.8,2162.55,31690.0,33852.55,-23978.2,False
Logistic Regression,0.292,0.028508,0.909091,0.055283,90,3067,9,53796,7711.8,2162.55,31570.0,33732.55,-23858.2,False
Logistic Regression,0.293,0.028681,0.909091,0.055607,90,3048,9,53815,7711.8,2162.55,31380.0,33542.55,-23668.2,False
Logistic Regression,0.294,0.028772,0.909091,0.055779,90,3038,9,53825,7711.8,2162.55,31280.0,33442.55,-23568.2,False
Logistic Regression,0.295,0.028902,0.909091,0.056022,90,3024,9,53839,7711.8,2162.55,31140.0,33302.55,-23428.2,False
Logistic Regression,0.296,0.029032,0.909091,0.056268,90,3010,9,53853,7711.8,2162.55,31000.0,33162.55,-23288.2,False
Logistic Regression,0.297,0.029107,0.909091,0.056409,90,3002,9,53861,7711.8,2162.55,30920.0,33082.55,-23208.2,False
Logistic Regression,0.298,0.02924,0.909091,0.056657,90,2988,9,53875,7711.8,2162.55,30780.0,32942.55,-23068.2,False
Logistic Regression,0.299,0.029335,0.909091,0.056836,90,2978,9,53885,7711.8,2162.55,30680.0,32842.55,-22968.2,False
Logistic Regression,0.3,0.029441,0.909091,0.057034,90,2967,9,53896,7711.8,2162.55,30570.0,32732.55,-22858.2,False
Logistic Regression,0.301,0.029557,0.909091,0.057252,90,2955,9,53908,7711.8,2162.55,30450.0,32612.55,-22738.2,False
Logistic Regression,0.302,0.029644,0.909091,0.057416,90,2946,9,53917,7711.8,2162.55,30360.0,32522.55,-22648.2,False
Logistic Regression,0.303,0.029791,0.909091,0.057692,90,2931,9,53932,7711.8,2162.55,30210.0,32372.55,-22498.2,False
Logistic Regression,0.304,0.02999,0.909091,0.058065,90,2911,9,53952,7711.8,2162.55,30010.0,32172.55,-22298.2,False
Logistic Regression,0.305,0.03011,0.909091,0.05829,90,2899,9,53964,7711.8,2162.55,29890.0,32052.55,-22178.2,False
Logistic Regression,0.306,0.030232,0.909091,0.058518,90,2887,9,53976,7711.8,2162.55,29770.0,31932.55,-22058.2,False
Logistic Regression,0.307,0.030375,0.909091,0.058785,90,2873,9,53990,7711.8,2162.55,29630.0,31792.55,-21918.2,False
Logistic Regression,0.308,0.030508,0.909091,0.059036,90,2860,9,54003,7711.8,2162.55,29500.0,31662.55,-21788.2,False
Logistic Regression,0.309,0.030612,0.909091,0.05923,90,2850,9,54013,7711.8,2162.55,29400.0,31562.55,-21688.2,False
Logistic Regression,0.31,0.030685,0.909091,0.059367,90,2843,9,54020,7711.8,2162.55,29330.0,31492.55,-21618.2,False
Logistic Regression,0.311,0.030832,0.909091,0.059642,90,2829,9,54034,7711.8,2162.55,29190.0,31352.55,-21478.2,False
Logistic Regression,0.312,0.03097,0.909091,0.0599,90,2816,9,54047,7711.8,2162.55,29060.0,31222.55,-21348.2,False
Logistic Regression,0.313,0.031088,0.909091,0.06012,90,2805,9,54058,7711.8,2162.55,28950.0,31112.55,-21238.2,False
Logistic Regression,0.314,0.031185,0.909091,0.060302,90,2796,9,54067,7711.8,2162.55,28860.0,31022.55,-21148.2,False
Logistic Regression,0.315,0.031261,0.909091,0.060443,90,2789,9,54074,7711.8,2162.55,28790.0,30952.55,-21078.2,False
Logistic Regression,0.316,0.031381,0.909091,0.060667,90,2778,9,54085,7711.8,2162.55,28680.0,30842.55,-20968.2,False
Logistic Regression,0.317,0.031458,0.909091,0.060811,90,2771,9,54092,7711.8,2162.55,28610.0,30772.55,-20898.2,False
Logistic Regression,0.318,0.031601,0.909091,0.061079,90,2758,9,54105,7711.8,2162.55,28480.0,30642.55,-20768.2,False
Logistic Regression,0.319,0.031735,0.909091,0.061329,90,2746,9,54117,7711.8,2162.55,28360.0,30522.55,-20648.2,False
Logistic Regression,0.32,0.031915,0.909091,0.061665,90,2730,9,54133,7711.8,2162.55,28200.0,30362.55,-20488.2,False
Logistic Regression,0.321,0.032051,0.909091,0.06192,90,2718,9,54145,7711.8,2162.55,28080.0,30242.55,-20368.2,False
Logistic Regression,0.322,0.0322,0.909091,0.062198,90,2705,9,54158,7711.8,2162.55,27950.0,30112.55,-20238.2,False
Logistic Regression,0.323,0.032362,0.909091,0.0625,90,2691,9,54172,7711.8,2162.55,27810.0,29972.55,-20098.2,False
Logistic Regression,0.324,0.032491,0.909091,0.06274,90,2680,9,54183,7711.8,2162.55,27700.0,29862.55,-19988.2,False
Logistic Regression,0.325,0.03255,0.909091,0.062849,90,2675,9,54188,7711.8,2162.55,27650.0,29812.55,-19938.2,False
Logistic Regression,0.326,0.032703,0.909091,0.063136,90,2662,9,54201,7711.8,2162.55,27520.0,29682.55,-19808.2,False
Logistic Regression,0.327,0.032847,0.909091,0.063403,90,2650,9,54213,7711.8,2162.55,27400.0,29562.55,-19688.2,False
Logistic Regression,0.328,0.03304,0.909091,0.063762,90,2634,9,54229,7711.8,2162.55,27240.0,29402.55,-19528.2,False
Logistic Regression,0.329,0.033174,0.909091,0.064011,90,2623,9,54240,7711.8,2162.55,27130.0,29292.55,-19418.2,False
Logistic Regression,0.33,0.033296,0.909091,0.06424,90,2613,9,54250,7711.8,2162.55,27030.0,29192.55,-19318.2,False
Logistic Regression,0.331,0.033495,0.909091,0.064609,90,2597,9,54266,7711.8,2162.55,26870.0,29032.55,-19158.2,False
Logistic Regression,0.332,0.033695,0.909091,0.064982,90,2581,9,54282,7711.8,2162.55,26710.0,28872.55,-18998.2,False
Logistic Regression,0.333,0.033796,0.909091,0.06517,90,2573,9,54290,7711.8,2162.55,26630.0,28792.55,-18918.2,False
Logistic Regression,0.334,0.033898,0.909091,0.065359,90,2565,9,54298,7711.8,2162.55,26550.0,28712.55,-18838.2,False
Logistic Regression,0.335,0.034078,0.909091,0.065693,90,2551,9,54312,7711.8,2162.55,26410.0,28572.55,-18698.2,False
Logistic Regression,0.336,0.034273,0.909091,0.066055,90,2536,9,54327,7711.8,2162.55,26260.0,28422.55,-18548.2,False
Logistic Regression,0.337,0.034404,0.909091,0.066298,90,2526,9,54337,7711.8,2162.55,26160.0,28322.55,-18448.2,False
Logistic Regression,0.338,0.034655,0.909091,0.066766,90,2507,9,54356,7711.8,2162.55,25970.0,28132.55,-18258.2,False
Logistic Regression,0.339,0.034736,0.909091,0.066914,90,2501,9,54362,7711.8,2162.55,25910.0,28072.55,-18198.2,False
Logistic Regression,0.34,0.034884,0.909091,0.067189,90,2490,9,54373,7711.8,2162.55,25800.0,27962.55,-18088.2,False
Logistic Regression,0.341,0.034979,0.909091,0.067365,90,2483,9,54380,7711.8,2162.55,25730.0,27892.55,-18018.2,False
Logistic Regression,0.342,0.035074,0.909091,0.067542,90,2476,9,54387,7711.8,2162.55,25660.0,27822.55,-17948.2,False
Logistic Regression,0.343,0.035115,0.909091,0.067618,90,2473,9,54390,7711.8,2162.55,25630.0,27792.55,-17918.2,False
Logistic Regression,0.344,0.035184,0.909091,0.067746,90,2468,9,54395,7711.8,2162.55,25580.0,27742.55,-17868.2,False
Logistic Regression,0.345,0.03535,0.909091,0.068053,90,2456,9,54407,7711.8,2162.55,25460.0,27622.55,-17748.2,False
Logistic Regression,0.346,0.035517,0.909091,0.068363,90,2444,9,54419,7711.8,2162.55,25340.0,27502.55,-17628.2,False
Logistic Regression,0.347,0.035615,0.909091,0.068545,90,2437,9,54426,7711.8,2162.55,25270.0,27432.55,-17558.2,False
Logistic Regression,0.348,0.035686,0.909091,0.068676,90,2432,9,54431,7711.8,2162.55,25220.0,27382.55,-17508.2,False
Logistic Regression,0.349,0.035857,0.909091,0.068992,90,2420,9,54443,7711.8,2162.55,25100.0,27262.55,-17388.2,False
Logistic Regression,0.35,0.035971,0.909091,0.069204,90,2412,9,54451,7711.8,2162.55,25020.0,27182.55,-17308.2,False
Logistic Regression,0.351,0.036087,0.909091,0.069418,90,2404,9,54459,7711.8,2162.55,24940.0,27102.55,-17228.2,False
Logistic Regression,0.352,0.036217,0.909091,0.069659,90,2395,9,54468,7711.8,2162.55,24850.0,27012.55,-17138.2,False
Logistic Regression,0.353,0.036364,0.909091,0.06993,90,2385,9,54478,7711.8,2162.55,24750.0,26912.55,-17038.2,False
Logistic Regression,0.354,0.036511,0.909091,0.070203,90,2375,9,54488,7711.8,2162.55,24650.0,26812.55,-16938.2,False
Logistic Regression,0.355,0.0366,0.909091,0.070367,90,2369,9,54494,7711.8,2162.55,24590.0,26752.55,-16878.2,False
Logistic Regression,0.356,0.03678,0.909091,0.070699,90,2357,9,54506,7711.8,2162.55,24470.0,26632.55,-16758.2,False
Logistic Regression,0.357,0.0369,0.909091,0.070922,90,2349,9,54514,7711.8,2162.55,24390.0,26552.55,-16678.2,False
Logistic Regression,0.358,0.037144,0.909091,0.071372,90,2333,9,54530,7711.8,2162.55,24230.0,26392.55,-16518.2,False
Logistic Regression,0.359,0.037344,0.909091,0.071742,90,2320,9,54543,7711.8,2162.55,24100.0,26262.55,-16388.2,False
Logistic Regression,0.36,0.037375,0.909091,0.071799,90,2318,9,54545,7711.8,2162.55,24080.0,26242.55,-16368.2,False
Logistic Regression,0.361,0.037469,0.909091,0.071971,90,2312,9,54551,7711.8,2162.55,24020.0,26182.55,-16308.2,False
Logistic Regression,0.362,0.037563,0.909091,0.072144,90,2306,9,54557,7711.8,2162.55,23960.0,26122.55,-16248.2,False
Logistic Regression,0.363,0.037673,0.909091,0.072347,90,2299,9,54564,7711.8,2162.55,23890.0,26052.55,-16178.2,False
Logistic Regression,0.364,0.037831,0.909091,0.072639,90,2289,9,54574,7711.8,2162.55,23790.0,25952.55,-16078.2,False
Logistic Regression,0.365,0.037991,0.909091,0.072934,90,2279,9,54584,7711.8,2162.55,23690.0,25852.55,-15978.2,False
Logistic Regression,0.366,0.038007,0.909091,0.072963,90,2278,9,54585,7711.8,2162.55,23680.0,25842.55,-15968.2,False
Logistic Regression,0.367,0.0382,0.909091,0.07332,90,2266,9,54597,7711.8,2162.55,23560.0,25722.55,-15848.2,False
Logistic Regression,0.368,0.038314,0.909091,0.073529,90,2259,9,54604,7711.8,2162.55,23490.0,25652.55,-15778.2,False
Logistic Regression,0.369,0.038429,0.909091,0.07374,90,2252,9,54611,7711.8,2162.55,23420.0,25582.55,-15708.2,False
Logistic Regression,0.37,0.03861,0.909091,0.074074,90,2241,9,54622,7711.8,2162.55,23310.0,25472.55,-15598.2,False
Logistic Regression,0.371,0.038726,0.909091,0.074288,90,2234,9,54629,7711.8,2162.55,23240.0,25402.55,-15528.2,False
Logistic Regression,0.372,0.03881,0.909091,0.074442,90,2229,9,54634,7711.8,2162.55,23190.0,25352.55,-15478.2,False
Logistic Regression,0.373,0.038911,0.909091,0.074627,90,2223,9,54640,7711.8,2162.55,23130.0,25292.55,-15418.2,False
Logistic Regression,0.374,0.038995,0.909091,0.074782,90,2218,9,54645,7711.8,2162.55,23080.0,25242.55,-15368.2,False
Logistic Regression,0.375,0.039062,0.909091,0.074906,90,2214,9,54649,7711.8,2162.55,23040.0,25202.55,-15328.2,False
Logistic Regression,0.376,0.039199,0.909091,0.075157,90,2206,9,54657,7711.8,2162.55,22960.0,25122.55,-15248.2,False
Logistic Regression,0.377,0.039284,0.909091,0.075314,90,2201,9,54662,7711.8,2162.55,22910.0,25072.55,-15198.2,False
Logistic Regression,0.378,0.039474,0.909091,0.075662,90,2190,9,54673,7711.8,2162.55,22800.0,24962.55,-15088.2,False
Logistic Regression,0.379,0.039613,0.909091,0.075917,90,2182,9,54681,7711.8,2162.55,22720.0,24882.55,-15008.2,False
Logistic Regression,0.38,0.039735,0.909091,0.076142,90,2175,9,54688,7711.8,2162.55,22650.0,24812.55,-14938.2,False
Logistic Regression,0.381,0.039805,0.909091,0.076271,90,2171,9,54692,7711.8,2162.55,22610.0,24772.55,-14898.2,False
Logistic Regression,0.382,0.039929,0.909091,0.076498,90,2164,9,54699,7711.8,2162.55,22540.0,24702.55,-14828.2,False
Logistic Regression,0.383,0.040161,0.909091,0.076923,90,2151,9,54712,7711.8,2162.55,22410.0,24572.55,-14698.2,False
Logistic Regression,0.384,0.040286,0.909091,0.077154,90,2144,9,54719,7711.8,2162.55,22340.0,24502.55,-14628.2,False
Logistic Regression,0.385,0.040323,0.909091,0.07722,90,2142,9,54721,7711.8,2162.55,22320.0,24482.55,-14608.2,False
Logistic Regression,0.386,0.040504,0.909091,0.077553,90,2132,9,54731,7711.8,2162.55,22220.0,24382.55,-14508.2,False
Logistic Regression,0.387,0.040706,0.909091,0.077922,90,2121,9,54742,7711.8,2162.55,22110.0,24272.55,-14398.2,False
Logistic Regression,0.388,0.040779,0.909091,0.078057,90,2117,9,54746,7711.8,2162.55,22070.0,24232.55,-14358.2,False
Logistic Regression,0.389,0.041002,0.909091,0.078466,90,2105,9,54758,7711.8,2162.55,21950.0,24112.55,-14238.2,False
Logistic Regression,0.39,0.041096,0.909091,0.078637,90,2100,9,54763,7711.8,2162.55,21900.0,24062.55,-14188.2,False
Logistic Regression,0.391,0.04136,0.909091,0.079121,90,2086,9,54777,7711.8,2162.55,21760.0,23922.55,-14048.2,False
Logistic Regression,0.392,0.041513,0.909091,0.0794,90,2078,9,54785,7711.8,2162.55,21680.0,23842.55,-13968.2,False
Logistic Regression,0.393,0.041647,0.909091,0.079646,90,2071,9,54792,7711.8,2162.55,21610.0,23772.55,-13898.2,False
Logistic Regression,0.394,0.041802,0.909091,0.079929,90,2063,9,54800,7711.8,2162.55,21530.0,23692.55,-13818.2,False
Logistic Regression,0.395,0.041899,0.909091,0.080107,90,2058,9,54805,7711.8,2162.55,21480.0,23642.55,-13768.2,False
Logistic Regression,0.396,0.042036,0.909091,0.080357,90,2051,9,54812,7711.8,2162.55,21410.0,23572.55,-13698.2,False
Logistic Regression,0.397,0.042155,0.909091,0.080573,90,2045,9,54818,7711.8,2162.55,21350.0,23512.55,-13638.2,False
Logistic Regression,0.398,0.042273,0.909091,0.08079,90,2039,9,54824,7711.8,2162.55,21290.0,23452.55,-13578.2,False
Logistic Regression,0.399,0.042493,0.909091,0.081191,90,2028,9,54835,7711.8,2162.55,21180.0,23342.55,-13468.2,False
Logistic Regression,0.4,0.042654,0.909091,0.081485,90,2020,9,54843,7711.8,2162.55,21100.0,23262.55,-13388.2,False
Logistic Regression,0.401,0.042796,0.909091,0.081744,90,2013,9,54850,7711.8,2162.55,21030.0,23192.55,-13318.2,False
Logistic Regression,0.402,0.043,0.909091,0.082117,90,2003,9,54860,7711.8,2162.55,20930.0,23092.55,-13218.2,False
Logistic Regression,0.403,0.043228,0.909091,0.082531,90,1992,9,54871,7711.8,2162.55,20820.0,22982.55,-13108.2,False
Logistic Regression,0.404,0.043332,0.909091,0.082721,90,1987,9,54876,7711.8,2162.55,20770.0,22932.55,-13058.2,False
Logistic Regression,0.405,0.043436,0.909091,0.082911,90,1982,9,54881,7711.8,2162.55,20720.0,22882.55,-13008.2,False
Logistic Regression,0.406,0.043499,0.909091,0.083026,90,1979,9,54884,7711.8,2162.55,20690.0,22852.55,-12978.2,False
Logistic Regression,0.407,0.043732,0.909091,0.083449,90,1968,9,54895,7711.8,2162.55,20580.0,22742.55,-12868.2,False
Logistic Regression,0.408,0.043796,0.909091,0.083565,90,1965,9,54898,7711.8,2162.55,20550.0,22712.55,-12838.2,False
Logistic Regression,0.409,0.04386,0.909091,0.083682,90,1962,9,54901,7711.8,2162.55,20520.0,22682.55,-12808.2,False
Logistic Regression,0.41,0.043967,0.909091,0.083877,90,1957,9,54906,7711.8,2162.55,20470.0,22632.55,-12758.2,False
Logistic Regression,0.411,0.044096,0.909091,0.084112,90,1951,9,54912,7711.8,2162.55,20410.0,22572.55,-12698.2,False
Logistic Regression,0.412,0.044248,0.909091,0.084388,90,1944,9,54919,7711.8,2162.55,20340.0,22502.55,-12628.2,False
Logistic Regression,0.413,0.044423,0.909091,0.084706,90,1936,9,54927,7711.8,2162.55,20260.0,22422.55,-12548.2,False
Logistic Regression,0.414,0.044577,0.909091,0.084986,90,1929,9,54934,7711.8,2162.55,20190.0,22352.55,-12478.2,False
Logistic Regression,0.415,0.044732,0.909091,0.085268,90,1922,9,54941,7711.8,2162.55,20120.0,22282.55,-12408.2,False
Logistic Regression,0.416,0.044888,0.909091,0.085551,90,1915,9,54948,7711.8,2162.55,20050.0,22212.55,-12338.2,False
Logistic Regression,0.417,0.045023,0.909091,0.085796,90,1909,9,54954,7711.8,2162.55,19990.0,22152.55,-12278.2,False
Logistic Regression,0.418,0.045181,0.909091,0.086083,90,1902,9,54961,7711.8,2162.55,19920.0,22082.55,-12208.2,False
Logistic Regression,0.419,0.045409,0.909091,0.086497,90,1892,9,54971,7711.8,2162.55,19820.0,21982.55,-12108.2,False
Logistic Regression,0.42,0.045455,0.909091,0.08658,90,1890,9,54973,7711.8,2162.55,19800.0,21962.55,-12088.2,False
Logistic Regression,0.421,0.04557,0.909091,0.086789,90,1885,9,54978,7711.8,2162.55,19750.0,21912.55,-12038.2,False
Logistic Regression,0.422,0.045755,0.909091,0.087125,90,1877,9,54986,7711.8,2162.55,19670.0,21832.55,-11958.2,False
Logistic Regression,0.423,0.045802,0.909091,0.087209,90,1875,9,54988,7711.8,2162.55,19650.0,21812.55,-11938.2,False
Logistic Regression,0.424,0.045918,0.909091,0.087421,90,1870,9,54993,7711.8,2162.55,19600.0,21762.55,-11888.2,False
Logistic Regression,0.425,0.046107,0.909091,0.087762,90,1862,9,55001,7711.8,2162.55,19520.0,21682.55,-11808.2,False
Logistic Regression,0.426,0.046249,0.909091,0.08802,90,1856,9,55007,7711.8,2162.55,19460.0,21622.55,-11748.2,False
Logistic Regression,0.427,0.046392,0.909091,0.088279,90,1850,9,55013,7711.8,2162.55,19400.0,21562.55,-11688.2,False
Logistic Regression,0.428,0.046584,0.909091,0.088626,90,1842,9,55021,7711.8,2162.55,19320.0,21482.55,-11608.2,False
Logistic Regression,0.429,0.046729,0.909091,0.088889,90,1836,9,55027,7711.8,2162.55,19260.0,21422.55,-11548.2,False
Logistic Regression,0.43,0.046924,0.909091,0.089241,90,1828,9,55035,7711.8,2162.55,19180.0,21342.55,-11468.2,False
Logistic Regression,0.431,0.04712,0.909091,0.089597,90,1820,9,55043,7711.8,2162.55,19100.0,21262.55,-11388.2,False
Logistic Regression,0.432,0.047443,0.909091,0.09018,90,1807,9,55056,7711.8,2162.55,18970.0,21132.55,-11258.2,False
Logistic Regression,0.433,0.047569,0.909091,0.090407,90,1802,9,55061,7711.8,2162.55,18920.0,21082.55,-11208.2,False
Logistic Regression,0.434,0.047771,0.909091,0.090772,90,1794,9,55069,7711.8,2162.55,18840.0,21002.55,-11128.2,False
Logistic Regression,0.435,0.047898,0.909091,0.091001,90,1789,9,55074,7711.8,2162.55,18790.0,20952.55,-11078.2,False
Logistic Regression,0.436,0.048103,0.909091,0.091371,90,1781,9,55082,7711.8,2162.55,18710.0,20872.55,-10998.2,False
Logistic Regression,0.437,0.048232,0.909091,0.091603,90,1776,9,55087,7711.8,2162.55,18660.0,20822.55,-10948.2,False
Logistic Regression,0.438,0.048518,0.909091,0.092119,90,1765,9,55098,7711.8,2162.55,18550.0,20712.55,-10838.2,False
Logistic Regression,0.439,0.048649,0.909091,0.092355,90,1760,9,55103,7711.8,2162.55,18500.0,20662.55,-10788.2,False
Logistic Regression,0.44,0.04886,0.909091,0.092736,90,1752,9,55111,7711.8,2162.55,18420.0,20582.55,-10708.2,False
Logistic Regression,0.441,0.048913,0.909091,0.092831,90,1750,9,55113,7711.8,2162.55,18400.0,20562.55,-10688.2,False
Logistic Regression,0.442,0.049261,0.909091,0.093458,90,1737,9,55126,7711.8,2162.55,18270.0,20432.55,-10558.2,False
Logistic Regression,0.443,0.049423,0.909091,0.09375,90,1731,9,55132,7711.8,2162.55,18210.0,20372.55,-10498.2,False
Logistic Regression,0.444,0.049587,0.909091,0.094044,90,1725,9,55138,7711.8,2162.55,18150.0,20312.55,-10438.2,False
Logistic Regression,0.445,0.049724,0.909091,0.09429,90,1720,9,55143,7711.8,2162.55,18100.0,20262.55,-10388.2,False
Logistic Regression,0.446,0.049889,0.909091,0.094587,90,1714,9,55149,7711.8,2162.55,18040.0,20202.55,-10328.2,False
Logistic Regression,0.447,0.050139,0.909091,0.095037,90,1705,9,55158,7711.8,2162.55,17950.0,20112.55,-10238.2,False
Logistic Regression,0.448,0.050279,0.909091,0.095289,90,1700,9,55163,7711.8,2162.55,17900.0,20062.55,-10188.2,False
Logistic Regression,0.449,0.050533,0.909091,0.095745,90,1691,9,55172,7711.8,2162.55,17810.0,19972.55,-10098.2,False
Logistic Regression,0.45,0.050562,0.909091,0.095796,90,1690,9,55173,7711.8,2162.55,17800.0,19962.55,-10088.2,False
Logistic Regression,0.451,0.050733,0.909091,0.096103,90,1684,9,55179,7711.8,2162.55,17740.0,19902.55,-10028.2,False
Logistic Regression,0.452,0.050847,0.909091,0.096308,90,1680,9,55183,7711.8,2162.55,17700.0,19862.55,-9988.2,False
Logistic Regression,0.453,0.050934,0.909091,0.096463,90,1677,9,55186,7711.8,2162.55,17670.0,19832.55,-9958.2,False
Logistic Regression,0.454,0.051049,0.909091,0.09667,90,1673,9,55190,7711.8,2162.55,17630.0,19792.55,-9918.2,False
Logistic Regression,0.455,0.051136,0.909091,0.096826,90,1670,9,55193,7711.8,2162.55,17600.0,19762.55,-9888.2,False
Logistic Regression,0.456,0.05137,0.909091,0.097245,90,1662,9,55201,7711.8,2162.55,17520.0,19682.55,-9808.2,False
Logistic Regression,0.457,0.051635,0.909091,0.09772,90,1653,9,55210,7711.8,2162.55,17430.0,19592.55,-9718.2,False
Logistic Regression,0.458,0.051724,0.909091,0.097879,90,1650,9,55213,7711.8,2162.55,17400.0,19562.55,-9688.2,False
Logistic Regression,0.459,0.051993,0.909091,0.098361,90,1641,9,55222,7711.8,2162.55,17310.0,19472.55,-9598.2,False
Logistic Regression,0.46,0.052144,0.909091,0.09863,90,1636,9,55227,7711.8,2162.55,17260.0,19422.55,-9548.2,False
Logistic Regression,0.461,0.052295,0.909091,0.098901,90,1631,9,55232,7711.8,2162.55,17210.0,19372.55,-9498.2,False
Logistic Regression,0.462,0.052509,0.909091,0.099283,90,1624,9,55239,7711.8,2162.55,17140.0,19302.55,-9428.2,False
Logistic Regression,0.463,0.052662,0.909091,0.099558,90,1619,9,55244,7711.8,2162.55,17090.0,19252.55,-9378.2,False
Logistic Regression,0.464,0.052941,0.909091,0.100056,90,1610,9,55253,7711.8,2162.55,17000.0,19162.55,-9288.2,False
Logistic Regression,0.465,0.053066,0.909091,0.100279,90,1606,9,55257,7711.8,2162.55,16960.0,19122.55,-9248.2,False
Logistic Regression,0.466,0.053286,0.909091,0.100671,90,1599,9,55264,7711.8,2162.55,16890.0,19052.55,-9178.2,False
Logistic Regression,0.467,0.053412,0.909091,0.100897,90,1595,9,55268,7711.8,2162.55,16850.0,19012.55,-9138.2,False
Logistic Regression,0.468,0.053412,0.909091,0.100897,90,1595,9,55268,7711.8,2162.55,16850.0,19012.55,-9138.2,False
Logistic Regression,0.469,0.053731,0.909091,0.101466,90,1585,9,55278,7711.8,2162.55,16750.0,18912.55,-9038.2,False
Logistic Regression,0.47,0.054022,0.909091,0.101983,90,1576,9,55287,7711.8,2162.55,16660.0,18822.55,-8948.2,False
Logistic Regression,0.471,0.054184,0.909091,0.102273,90,1571,9,55292,7711.8,2162.55,16610.0,18772.55,-8898.2,False
Logistic Regression,0.472,0.054348,0.909091,0.102564,90,1566,9,55297,7711.8,2162.55,16560.0,18722.55,-8848.2,False
Logistic Regression,0.473,0.054612,0.909091,0.103034,90,1558,9,55305,7711.8,2162.55,16480.0,18642.55,-8768.2,False
Logistic Regression,0.474,0.054811,0.909091,0.103389,90,1552,9,55311,7711.8,2162.55,16420.0,18582.55,-8708.2,False
Logistic Regression,0.475,0.054945,0.909091,0.103627,90,1548,9,55315,7711.8,2162.55,16380.0,18542.55,-8668.2,False
Logistic Regression,0.476,0.055012,0.909091,0.103746,90,1546,9,55317,7711.8,2162.55,16360.0,18522.55,-8648.2,False
Logistic Regression,0.477,0.055317,0.909091,0.104287,90,1537,9,55326,7711.8,2162.55,16270.0,18432.55,-8558.2,False
Logistic Regression,0.478,0.055521,0.909091,0.104651,90,1531,9,55332,7711.8,2162.55,16210.0,18372.55,-8498.2,False
Logistic Regression,0.479,0.055659,0.909091,0.104895,90,1527,9,55336,7711.8,2162.55,16170.0,18332.55,-8458.2,False
Logistic Regression,0.48,0.055901,0.909091,0.105325,90,1520,9,55343,7711.8,2162.55,16100.0,18262.55,-8388.2,False
Logistic Regression,0.481,0.055935,0.909091,0.105386,90,1519,9,55344,7711.8,2162.55,16090.0,18252.55,-8378.2,False
Logistic Regression,0.482,0.056005,0.909091,0.10551,90,1517,9,55346,7711.8,2162.55,16070.0,18232.55,-8358.2,False
Logistic Regression,0.483,0.05618,0.909091,0.10582,90,1512,9,55351,7711.8,2162.55,16020.0,18182.55,-8308.2,False
Logistic Regression,0.484,0.056497,0.909091,0.106383,90,1503,9,55360,7711.8,2162.55,15930.0,18092.55,-8218.2,False
Logistic Regression,0.485,0.056533,0.909091,0.106446,90,1502,9,55361,7711.8,2162.55,15920.0,18082.55,-8208.2,False
Logistic Regression,0.486,0.056782,0.909091,0.106888,90,1495,9,55368,7711.8,2162.55,15850.0,18012.55,-8138.2,False
Logistic Regression,0.487,0.056926,0.909091,0.107143,90,1491,9,55372,7711.8,2162.55,15810.0,17972.55,-8098.2,False
Logistic Regression,0.488,0.056998,0.909091,0.107271,90,1489,9,55374,7711.8,2162.55,15790.0,17952.55,-8078.2,False
Logistic Regression,0.489,0.057143,0.909091,0.107527,90,1485,9,55378,7711.8,2162.55,15750.0,17912.55,-8038.2,False
Logistic Regression,0.49,0.057252,0.909091,0.10772,90,1482,9,55381,7711.8,2162.55,15720.0,17882.55,-8008.2,False
Logistic Regression,0.491,0.057398,0.909091,0.107978,90,1478,9,55385,7711.8,2162.55,15680.0,17842.55,-7968.2,False
Logistic Regression,0.492,0.057508,0.909091,0.108173,90,1475,9,55388,7711.8,2162.55,15650.0,17812.55,-7938.2,False
Logistic Regression,0.493,0.057545,0.909091,0.108238,90,1474,9,55389,7711.8,2162.55,15640.0,17802.55,-7928.2,False
Logistic Regression,0.494,0.057729,0.909091,0.108565,90,1469,9,55394,7711.8,2162.55,15590.0,17752.55,-7878.2,False
Logistic Regression,0.495,0.057915,0.909091,0.108893,90,1464,9,55399,7711.8,2162.55,15540.0,17702.55,-7828.2,False
Logistic Regression,0.496,0.058027,0.909091,0.109091,90,1461,9,55402,7711.8,2162.55,15510.0,17672.55,-7798.2,False
Logistic Regression,0.497,0.058177,0.909091,0.109356,90,1457,9,55406,7711.8,2162.55,15470.0,17632.55,-7758.2,False
Logistic Regression,0.498,0.05829,0.909091,0.109556,90,1454,9,55409,7711.8,2162.55,15440.0,17602.55,-7728.2,False
Logistic Regression,0.499,0.058404,0.909091,0.109756,90,1451,9,55412,7711.8,2162.55,15410.0,17572.55,-7698.2,False
Logistic Regression,0.5,0.05848,0.909091,0.10989,90,1449,9,55414,7711.8,2162.55,15390.0,17552.55,-7678.2,False
Logistic Regression,0.501,0.058632,0.909091,0.110159,90,1445,9,55418,7711.8,2162.55,15350.0,17512.55,-7638.2,False
Logistic Regression,0.502,0.058862,0.909091,0.110565,90,1439,9,55424,7711.8,2162.55,15290.0,17452.55,-7578.2,False
Logistic Regression,0.503,0.058978,0.909091,0.110769,90,1436,9,55427,7711.8,2162.55,15260.0,17422.55,-7548.2,False
Logistic Regression,0.504,0.059172,0.909091,0.111111,90,1431,9,55432,7711.8,2162.55,15210.0,17372.55,-7498.2,False
Logistic Regression,0.505,0.05925,0.909091,0.111248,90,1429,9,55434,7711.8,2162.55,15190.0,17352.55,-7478.2,False
Logistic Regression,0.506,0.059367,0.909091,0.111455,90,1426,9,55437,7711.8,2162.55,15160.0,17322.55,-7448.2,False
Logistic Regression,0.507,0.059603,0.909091,0.111871,90,1420,9,55443,7711.8,2162.55,15100.0,17262.55,-7388.2,False
Logistic Regression,0.508,0.059721,0.909091,0.11208,90,1417,9,55446,7711.8,2162.55,15070.0,17232.55,-7358.2,False
Logistic Regression,0.509,0.05992,0.909091,0.11243,90,1412,9,55451,7711.8,2162.55,15020.0,17182.55,-7308.2,False
Logistic Regression,0.51,0.05996,0.909091,0.1125,90,1411,9,55452,7711.8,2162.55,15010.0,17172.55,-7298.2,False
Logistic Regression,0.511,0.06004,0.909091,0.112641,90,1409,9,55454,7711.8,2162.55,14990.0,17152.55,-7278.2,False
Logistic Regression,0.512,0.060241,0.909091,0.112994,90,1404,9,55459,7711.8,2162.55,14940.0,17102.55,-7228.2,False
Logistic Regression,0.513,0.060281,0.909091,0.113065,90,1403,9,55460,7711.8,2162.55,14930.0,17092.55,-7218.2,False
Logistic Regression,0.514,0.060525,0.909091,0.113493,90,1397,9,55466,7711.8,2162.55,14870.0,17032.55,-7158.2,False
Logistic Regression,0.515,0.060688,0.909091,0.11378,90,1393,9,55470,7711.8,2162.55,14830.0,16992.55,-7118.2,False
Logistic Regression,0.516,0.060852,0.909091,0.114068,90,1389,9,55474,7711.8,2162.55,14790.0,16952.55,-7078.2,False
Logistic Regression,0.517,0.060893,0.909091,0.114141,90,1388,9,55475,7711.8,2162.55,14780.0,16942.55,-7068.2,False
Logistic Regression,0.518,0.061017,0.909091,0.114358,90,1385,9,55478,7711.8,2162.55,14750.0,16912.55,-7038.2,False
Logistic Regression,0.519,0.061266,0.909091,0.114796,90,1379,9,55484,7711.8,2162.55,14690.0,16852.55,-6978.2,False
Logistic Regression,0.52,0.061517,0.909091,0.115237,90,1373,9,55490,7711.8,2162.55,14630.0,16792.55,-6918.2,False
Logistic Regression,0.521,0.06156,0.909091,0.115311,90,1372,9,55491,7711.8,2162.55,14620.0,16782.55,-6908.2,False
Logistic Regression,0.522,0.061602,0.909091,0.115385,90,1371,9,55492,7711.8,2162.55,14610.0,16772.55,-6898.2,False
Logistic Regression,0.523,0.061728,0.909091,0.115607,90,1368,9,55495,7711.8,2162.55,14580.0,16742.55,-6868.2,False
Logistic Regression,0.524,0.061856,0.909091,0.11583,90,1365,9,55498,7711.8,2162.55,14550.0,16712.55,-6838.2,False
Logistic Regression,0.525,0.062026,0.909091,0.116129,90,1361,9,55502,7711.8,2162.55,14510.0,16672.55,-6798.2,False
Logistic Regression,0.526,0.062241,0.909091,0.116505,90,1356,9,55507,7711.8,2162.55,14460.0,16622.55,-6748.2,False
Logistic Regression,0.527,0.062543,0.909091,0.117035,90,1349,9,55514,7711.8,2162.55,14390.0,16552.55,-6678.2,False
Logistic Regression,0.528,0.062805,0.909091,0.117493,90,1343,9,55520,7711.8,2162.55,14330.0,16492.55,-6618.2,False
Logistic Regression,0.529,0.062981,0.909091,0.117801,90,1339,9,55524,7711.8,2162.55,14290.0,16452.55,-6578.2,False
Logistic Regression,0.53,0.063158,0.909091,0.11811,90,1335,9,55528,7711.8,2162.55,14250.0,16412.55,-6538.2,False
Logistic Regression,0.531,0.063514,0.909091,0.118734,90,1327,9,55536,7711.8,2162.55,14170.0,16332.55,-6458.2,False
Logistic Regression,0.532,0.063694,0.909091,0.119048,90,1323,9,55540,7711.8,2162.55,14130.0,16292.55,-6418.2,False
Logistic Regression,0.533,0.064148,0.909091,0.11984,90,1313,9,55550,7711.8,2162.55,14030.0,16192.55,-6318.2,False
Logistic Regression,0.534,0.064332,0.909091,0.12016,90,1309,9,55554,7711.8,2162.55,13990.0,16152.55,-6278.2,False
Logistic Regression,0.535,0.064655,0.909091,0.120724,90,1302,9,55561,7711.8,2162.55,13920.0,16082.55,-6208.2,False
Logistic Regression,0.536,0.064795,0.909091,0.120968,90,1299,9,55564,7711.8,2162.55,13890.0,16052.55,-6178.2,False
Logistic Regression,0.537,0.065029,0.909091,0.121376,90,1294,9,55569,7711.8,2162.55,13840.0,16002.55,-6128.2,False
Logistic Regression,0.538,0.065217,0.909091,0.121704,90,1290,9,55573,7711.8,2162.55,13800.0,15962.55,-6088.2,False
Logistic Regression,0.539,0.065455,0.909091,0.122117,90,1285,9,55578,7711.8,2162.55,13750.0,15912.55,-6038.2,False
Logistic Regression,0.54,0.065693,0.909091,0.122532,90,1280,9,55583,7711.8,2162.55,13700.0,15862.55,-5988.2,False
Logistic Regression,0.541,0.066079,0.909091,0.123203,90,1272,9,55591,7711.8,2162.55,13620.0,15782.55,-5908.2,False
Logistic Regression,0.542,0.066372,0.909091,0.123711,90,1266,9,55597,7711.8,2162.55,13560.0,15722.55,-5848.2,False
Logistic Regression,0.543,0.066667,0.909091,0.124224,90,1260,9,55603,7711.8,2162.55,13500.0,15662.55,-5788.2,False
Logistic Regression,0.544,0.066815,0.909091,0.124481,90,1257,9,55606,7711.8,2162.55,13470.0,15632.55,-5758.2,False
Logistic Regression,0.545,0.066964,0.909091,0.12474,90,1254,9,55609,7711.8,2162.55,13440.0,15602.55,-5728.2,False
Logistic Regression,0.546,0.067014,0.909091,0.124827,90,1253,9,55610,7711.8,2162.55,13430.0,15592.55,-5718.2,False
Logistic Regression,0.547,0.067114,0.909091,0.125,90,1251,9,55612,7711.8,2162.55,13410.0,15572.55,-5698.2,False
Logistic Regression,0.548,0.067517,0.909091,0.125698,90,1243,9,55620,7711.8,2162.55,13330.0,15492.55,-5618.2,False
Logistic Regression,0.549,0.067822,0.909091,0.126227,90,1237,9,55626,7711.8,2162.55,13270.0,15432.55,-5558.2,False
Logistic Regression,0.55,0.068079,0.909091,0.126671,90,1232,9,55631,7711.8,2162.55,13220.0,15382.55,-5508.2,False
Logistic Regression,0.551,0.068285,0.909091,0.127029,90,1228,9,55635,7711.8,2162.55,13180.0,15342.55,-5468.2,False
Logistic Regression,0.552,0.068389,0.909091,0.127208,90,1226,9,55637,7711.8,2162.55,13160.0,15322.55,-5448.2,False
Logistic Regression,0.553,0.06865,0.909091,0.12766,90,1221,9,55642,7711.8,2162.55,13110.0,15272.55,-5398.2,False
Logistic Regression,0.554,0.068913,0.909091,0.128114,90,1216,9,55647,7711.8,2162.55,13060.0,15222.55,-5348.2,False
Logistic Regression,0.555,0.069018,0.909091,0.128297,90,1214,9,55649,7711.8,2162.55,13040.0,15202.55,-5328.2,False
Logistic Regression,0.556,0.069337,0.909091,0.128848,90,1208,9,55655,7711.8,2162.55,12980.0,15142.55,-5268.2,False
Logistic Regression,0.557,0.069606,0.909091,0.12931,90,1203,9,55660,7711.8,2162.55,12930.0,15092.55,-5218.2,False
Logistic Regression,0.558,0.069822,0.909091,0.129683,90,1199,9,55664,7711.8,2162.55,12890.0,15052.55,-5178.2,False
Logistic Regression,0.559,0.06993,0.909091,0.12987,90,1197,9,55666,7711.8,2162.55,12870.0,15032.55,-5158.2,False
Logistic Regression,0.56,0.070203,0.909091,0.13034,90,1192,9,55671,7711.8,2162.55,12820.0,14982.55,-5108.2,False
Logistic Regression,0.561,0.070423,0.909091,0.130719,90,1188,9,55675,7711.8,2162.55,12780.0,14942.55,-5068.2,False
Logistic Regression,0.562,0.070644,0.909091,0.1311,90,1184,9,55679,7711.8,2162.55,12740.0,14902.55,-5028.2,False
Logistic Regression,0.563,0.070866,0.909091,0.131483,90,1180,9,55683,7711.8,2162.55,12700.0,14862.55,-4988.2,False
Logistic Regression,0.564,0.070978,0.909091,0.131675,90,1178,9,55685,7711.8,2162.55,12680.0,14842.55,-4968.2,False
Logistic Regression,0.565,0.071372,0.909091,0.132353,90,1171,9,55692,7711.8,2162.55,12610.0,14772.55,-4898.2,False
Logistic Regression,0.566,0.071713,0.909091,0.132939,90,1165,9,55698,7711.8,2162.55,12550.0,14712.55,-4838.2,False
Logistic Regression,0.567,0.071942,0.909091,0.133333,90,1161,9,55702,7711.8,2162.55,12510.0,14672.55,-4798.2,False
Logistic Regression,0.568,0.072289,0.909091,0.133929,90,1155,9,55708,7711.8,2162.55,12450.0,14612.55,-4738.2,False
Logistic Regression,0.569,0.072347,0.909091,0.134028,90,1154,9,55709,7711.8,2162.55,12440.0,14602.55,-4728.2,False
Logistic Regression,0.57,0.072405,0.909091,0.134128,90,1153,9,55710,7711.8,2162.55,12430.0,14592.55,-4718.2,False
Logistic Regression,0.571,0.072522,0.909091,0.134328,90,1151,9,55712,7711.8,2162.55,12410.0,14572.55,-4698.2,False
Logistic Regression,0.572,0.072522,0.909091,0.134328,90,1151,9,55712,7711.8,2162.55,12410.0,14572.55,-4698.2,False
Logistic Regression,0.573,0.072698,0.909091,0.13463,90,1148,9,55715,7711.8,2162.55,12380.0,14542.55,-4668.2,False
Logistic Regression,0.574,0.073052,0.909091,0.135237,90,1142,9,55721,7711.8,2162.55,12320.0,14482.55,-4608.2,False
Logistic Regression,0.575,0.07335,0.909091,0.135747,90,1137,9,55726,7711.8,2162.55,12270.0,14432.55,-4558.2,False
Logistic Regression,0.576,0.073469,0.909091,0.135952,90,1135,9,55728,7711.8,2162.55,12250.0,14412.55,-4538.2,False
Logistic Regression,0.577,0.073469,0.909091,0.135952,90,1135,9,55728,7711.8,2162.55,12250.0,14412.55,-4538.2,False
Logistic Regression,0.578,0.07371,0.909091,0.136364,90,1131,9,55732,7711.8,2162.55,12210.0,14372.55,-4498.2,False
Logistic Regression,0.579,0.074074,0.909091,0.136986,90,1125,9,55738,7711.8,2162.55,12150.0,14312.55,-4438.2,False
Logistic Regression,0.58,0.074442,0.909091,0.137615,90,1119,9,55744,7711.8,2162.55,12090.0,14252.55,-4378.2,False
Logistic Regression,0.581,0.074503,0.909091,0.13772,90,1118,9,55745,7711.8,2162.55,12080.0,14242.55,-4368.2,False
Logistic Regression,0.582,0.074751,0.909091,0.138143,90,1114,9,55749,7711.8,2162.55,12040.0,14202.55,-4328.2,False
Logistic Regression,0.583,0.075,0.909091,0.138568,90,1110,9,55753,7711.8,2162.55,12000.0,14162.55,-4288.2,False
Logistic Regression,0.584,0.075314,0.909091,0.139104,90,1105,9,55758,7711.8,2162.55,11950.0,14112.55,-4238.2,False
Logistic Regression,0.585,0.075694,0.909091,0.139752,90,1099,9,55764,7711.8,2162.55,11890.0,14052.55,-4178.2,False
Logistic Regression,0.586,0.076142,0.909091,0.140515,90,1092,9,55771,7711.8,2162.55,11820.0,13982.55,-4108.2,False
Logistic Regression,0.587,0.076336,0.909091,0.140845,90,1089,9,55774,7711.8,2162.55,11790.0,13952.55,-4078.2,False
Logistic Regression,0.588,0.076596,0.909091,0.141287,90,1085,9,55778,7711.8,2162.55,11750.0,13912.55,-4038.2,False
Logistic Regression,0.589,0.076857,0.909091,0.141732,90,1081,9,55782,7711.8,2162.55,11710.0,13872.55,-3998.2,False
Logistic Regression,0.59,0.077121,0.909091,0.14218,90,1077,9,55786,7711.8,2162.55,11670.0,13832.55,-3958.2,False
Logistic Regression,0.591,0.077386,0.909091,0.142631,90,1073,9,55790,7711.8,2162.55,11630.0,13792.55,-3918.2,False
Logistic Regression,0.592,0.077519,0.909091,0.142857,90,1071,9,55792,7711.8,2162.55,11610.0,13772.55,-3898.2,False
Logistic Regression,0.593,0.077922,0.909091,0.143541,90,1065,9,55798,7711.8,2162.55,11550.0,13712.55,-3838.2,False
Logistic Regression,0.594,0.078193,0.909091,0.144,90,1061,9,55802,7711.8,2162.55,11510.0,13672.55,-3798.2,False
Logistic Regression,0.595,0.078466,0.909091,0.144462,90,1057,9,55806,7711.8,2162.55,11470.0,13632.55,-3758.2,False
Logistic Regression,0.596,0.078603,0.909091,0.144695,90,1055,9,55808,7711.8,2162.55,11450.0,13612.55,-3738.2,False
Logistic Regression,0.597,0.07874,0.909091,0.144928,90,1053,9,55810,7711.8,2162.55,11430.0,13592.55,-3718.2,False
Logistic Regression,0.598,0.078878,0.909091,0.145161,90,1051,9,55812,7711.8,2162.55,11410.0,13572.55,-3698.2,False
Logistic Regression,0.599,0.079017,0.909091,0.145396,90,1049,9,55814,7711.8,2162.55,11390.0,13552.55,-3678.2,False
Logistic Regression,0.6,0.079156,0.909091,0.145631,90,1047,9,55816,7711.8,2162.55,11370.0,13532.55,-3658.2,False
Logistic Regression,0.601,0.079435,0.909091,0.146104,90,1043,9,55820,7711.8,2162.55,11330.0,13492.55,-3618.2,False
Logistic Regression,0.602,0.079576,0.909091,0.146341,90,1041,9,55822,7711.8,2162.55,11310.0,13472.55,-3598.2,False
Logistic Regression,0.603,0.079717,0.909091,0.14658,90,1039,9,55824,7711.8,2162.55,11290.0,13452.55,-3578.2,False
Logistic Regression,0.604,0.079858,0.909091,0.146819,90,1037,9,55826,7711.8,2162.55,11270.0,13432.55,-3558.2,False
Logistic Regression,0.605,0.080214,0.909091,0.14742,90,1032,9,55831,7711.8,2162.55,11220.0,13382.55,-3508.2,False
Logistic Regression,0.606,0.080357,0.909091,0.147662,90,1030,9,55833,7711.8,2162.55,11200.0,13362.55,-3488.2,False
Logistic Regression,0.607,0.080573,0.909091,0.148026,90,1027,9,55836,7711.8,2162.55,11170.0,13332.55,-3458.2,False
Logistic Regression,0.608,0.080717,0.909091,0.14827,90,1025,9,55838,7711.8,2162.55,11150.0,13312.55,-3438.2,False
Logistic Regression,0.609,0.08079,0.909091,0.148392,90,1024,9,55839,7711.8,2162.55,11140.0,13302.55,-3428.2,False
Logistic Regression,0.61,0.081081,0.909091,0.148883,90,1020,9,55843,7711.8,2162.55,11100.0,13262.55,-3388.2,False
Logistic Regression,0.611,0.081227,0.909091,0.14913,90,1018,9,55845,7711.8,2162.55,11080.0,13242.55,-3368.2,False
Logistic Regression,0.612,0.081301,0.909091,0.149254,90,1017,9,55846,7711.8,2162.55,11070.0,13232.55,-3358.2,False
Logistic Regression,0.613,0.081596,0.909091,0.14975,90,1013,9,55850,7711.8,2162.55,11030.0,13192.55,-3318.2,False
Logistic Regression,0.614,0.081818,0.909091,0.150125,90,1010,9,55853,7711.8,2162.55,11000.0,13162.55,-3288.2,False
Logistic Regression,0.615,0.082192,0.909091,0.150754,90,1005,9,55858,7711.8,2162.55,10950.0,13112.55,-3238.2,False
Logistic Regression,0.616,0.082569,0.909091,0.151388,90,1000,9,55863,7711.8,2162.55,10900.0,13062.55,-3188.2,False
Logistic Regression,0.617,0.082645,0.909091,0.151515,90,999,9,55864,7711.8,2162.55,10890.0,13052.55,-3178.2,False
Logistic Regression,0.618,0.083102,0.909091,0.152284,90,993,9,55870,7711.8,2162.55,10830.0,12992.55,-3118.2,False
Logistic Regression,0.619,0.083333,0.909091,0.152672,90,990,9,55873,7711.8,2162.55,10800.0,12962.55,-3088.2,False
Logistic Regression,0.62,0.083411,0.909091,0.152801,90,989,9,55874,7711.8,2162.55,10790.0,12952.55,-3078.2,False
Logistic Regression,0.621,0.083488,0.909091,0.152931,90,988,9,55875,7711.8,2162.55,10780.0,12942.55,-3068.2,False
Logistic Regression,0.622,0.083877,0.909091,0.153584,90,983,9,55880,7711.8,2162.55,10730.0,12892.55,-3018.2,False
Logistic Regression,0.623,0.084349,0.909091,0.154374,90,977,9,55886,7711.8,2162.55,10670.0,12832.55,-2958.2,False
Logistic Regression,0.624,0.084666,0.909091,0.154905,90,973,9,55890,7711.8,2162.55,10630.0,12792.55,-2918.2,False
Logistic Regression,0.625,0.085227,0.909091,0.155844,90,966,9,55897,7711.8,2162.55,10560.0,12722.55,-2848.2,False
Logistic Regression,0.626,0.085308,0.909091,0.155979,90,965,9,55898,7711.8,2162.55,10550.0,12712.55,-2838.2,False
Logistic Regression,0.627,0.085551,0.909091,0.156386,90,962,9,55901,7711.8,2162.55,10520.0,12682.55,-2808.2,False
Logistic Regression,0.628,0.085714,0.909091,0.156658,90,960,9,55903,7711.8,2162.55,10500.0,12662.55,-2788.2,False
Logistic Regression,0.629,0.085878,0.909091,0.156931,90,958,9,55905,7711.8,2162.55,10480.0,12642.55,-2768.2,False
Logistic Regression,0.63,0.086207,0.909091,0.15748,90,954,9,55909,7711.8,2162.55,10440.0,12602.55,-2728.2,False
Logistic Regression,0.631,0.08629,0.909091,0.157618,90,953,9,55910,7711.8,2162.55,10430.0,12592.55,-2718.2,False
Logistic Regression,0.632,0.086538,0.909091,0.158033,90,950,9,55913,7711.8,2162.55,10400.0,12562.55,-2688.2,False
Logistic Regression,0.633,0.086789,0.909091,0.158451,90,947,9,55916,7711.8,2162.55,10370.0,12532.55,-2658.2,False
Logistic Regression,0.634,0.087209,0.909091,0.159151,90,942,9,55921,7711.8,2162.55,10320.0,12482.55,-2608.2,False
Logistic Regression,0.635,0.087294,0.909091,0.159292,90,941,9,55922,7711.8,2162.55,10310.0,12472.55,-2598.2,False
Logistic Regression,0.636,0.087379,0.909091,0.159433,90,940,9,55923,7711.8,2162.55,10300.0,12462.55,-2588.2,False
Logistic Regression,0.637,0.087719,0.909091,0.16,90,936,9,55927,7711.8,2162.55,10260.0,12422.55,-2548.2,False
Logistic Regression,0.638,0.088235,0.909091,0.160858,90,930,9,55933,7711.8,2162.55,10200.0,12362.55,-2488.2,False
Logistic Regression,0.639,0.088757,0.909091,0.161725,90,924,9,55939,7711.8,2162.55,10140.0,12302.55,-2428.2,False
Logistic Regression,0.64,0.089021,0.909091,0.162162,90,921,9,55942,7711.8,2162.55,10110.0,12272.55,-2398.2,False
Logistic Regression,0.641,0.089109,0.909091,0.162308,90,920,9,55943,7711.8,2162.55,10100.0,12262.55,-2388.2,False
Logistic Regression,0.642,0.089197,0.909091,0.162455,90,919,9,55944,7711.8,2162.55,10090.0,12252.55,-2378.2,False
Logistic Regression,0.643,0.089552,0.909091,0.163043,90,915,9,55948,7711.8,2162.55,10050.0,12212.55,-2338.2,False
Logistic Regression,0.644,0.089641,0.909091,0.163191,90,914,9,55949,7711.8,2162.55,10040.0,12202.55,-2328.2,False
Logistic Regression,0.645,0.090271,0.909091,0.164234,90,907,9,55956,7711.8,2162.55,9970.0,12132.55,-2258.2,False
Logistic Regression,0.646,0.090634,0.909091,0.164835,90,903,9,55960,7711.8,2162.55,9930.0,12092.55,-2218.2,False
Logistic Regression,0.647,0.090817,0.909091,0.165138,90,901,9,55962,7711.8,2162.55,9910.0,12072.55,-2198.2,False
Logistic Regression,0.648,0.090817,0.909091,0.165138,90,901,9,55962,7711.8,2162.55,9910.0,12072.55,-2198.2,False
Logistic Regression,0.649,0.091093,0.909091,0.165593,90,898,9,55965,7711.8,2162.55,9880.0,12042.55,-2168.2,False
Logistic Regression,0.65,0.09165,0.909091,0.166512,90,892,9,55971,7711.8,2162.55,9820.0,11982.55,-2108.2,False
Logistic Regression,0.651,0.092308,0.909091,0.167598,90,885,9,55978,7711.8,2162.55,9750.0,11912.55,-2038.2,False
Logistic Regression,0.652,0.092497,0.909091,0.16791,90,883,9,55980,7711.8,2162.55,9730.0,11892.55,-2018.2,False
Logistic Regression,0.653,0.092784,0.909091,0.168382,90,880,9,55983,7711.8,2162.55,9700.0,11862.55,-1988.2,False
Logistic Regression,0.654,0.092975,0.909091,0.168697,90,878,9,55985,7711.8,2162.55,9680.0,11842.55,-1968.2,False
Logistic Regression,0.655,0.093071,0.909091,0.168856,90,877,9,55986,7711.8,2162.55,9670.0,11832.55,-1958.2,False
Logistic Regression,0.656,0.094142,0.909091,0.170616,90,866,9,55997,7711.8,2162.55,9560.0,11722.55,-1848.2,False
Logistic Regression,0.657,0.094439,0.909091,0.171103,90,863,9,56000,7711.8,2162.55,9530.0,11692.55,-1818.2,False
Logistic Regression,0.658,0.094637,0.909091,0.171429,90,861,9,56002,7711.8,2162.55,9510.0,11672.55,-1798.2,False
Logistic Regression,0.659,0.095037,0.909091,0.172084,90,857,9,56006,7711.8,2162.55,9470.0,11632.55,-1758.2,False
Logistic Regression,0.66,0.095238,0.909091,0.172414,90,855,9,56008,7711.8,2162.55,9450.0,11612.55,-1738.2,False
Logistic Regression,0.661,0.095745,0.909091,0.173244,90,850,9,56013,7711.8,2162.55,9400.0,11562.55,-1688.2,False
Logistic Regression,0.662,0.096154,0.909091,0.173913,90,846,9,56017,7711.8,2162.55,9360.0,11522.55,-1648.2,False
Logistic Regression,0.663,0.096257,0.909091,0.174081,90,845,9,56018,7711.8,2162.55,9350.0,11512.55,-1638.2,False
Logistic Regression,0.664,0.096567,0.909091,0.174588,90,842,9,56021,7711.8,2162.55,9320.0,11482.55,-1608.2,False
Logistic Regression,0.665,0.096567,0.909091,0.174588,90,842,9,56021,7711.8,2162.55,9320.0,11482.55,-1608.2,False
Logistic Regression,0.666,0.097087,0.909091,0.175439,90,837,9,56026,7711.8,2162.55,9270.0,11432.55,-1558.2,False
Logistic Regression,0.667,0.097297,0.909091,0.175781,90,835,9,56028,7711.8,2162.55,9250.0,11412.55,-1538.2,False
Logistic Regression,0.668,0.097508,0.909091,0.176125,90,833,9,56030,7711.8,2162.55,9230.0,11392.55,-1518.2,False
Logistic Regression,0.669,0.098039,0.909091,0.176991,90,828,9,56035,7711.8,2162.55,9180.0,11342.55,-1468.2,False
Logistic Regression,0.67,0.098253,0.909091,0.17734,90,826,9,56037,7711.8,2162.55,9160.0,11322.55,-1448.2,False
Logistic Regression,0.671,0.098901,0.909091,0.178394,90,820,9,56043,7711.8,2162.55,9100.0,11262.55,-1388.2,False
Logistic Regression,0.672,0.099119,0.909091,0.178749,90,818,9,56045,7711.8,2162.55,9080.0,11242.55,-1368.2,False
Logistic Regression,0.673,0.099668,0.909091,0.179641,90,813,9,56050,7711.8,2162.55,9030.0,11192.55,-1318.2,False
Logistic Regression,0.674,0.099778,0.909091,0.17982,90,812,9,56051,7711.8,2162.55,9020.0,11182.55,-1308.2,False
Logistic Regression,0.675,0.1,0.909091,0.18018,90,810,9,56053,7711.8,2162.55,9000.0,11162.55,-1288.2,False
Logistic Regression,0.676,0.100446,0.909091,0.180905,90,806,9,56057,7711.8,2162.55,8960.0,11122.55,-1248.2,False
Logistic Regression,0.677,0.100559,0.909091,0.181087,90,805,9,56058,7711.8,2162.55,8950.0,11112.55,-1238.2,False
Logistic Regression,0.678,0.100897,0.909091,0.181635,90,802,9,56061,7711.8,2162.55,8920.0,11082.55,-1208.2,False
Logistic Regression,0.679,0.10101,0.909091,0.181818,90,801,9,56062,7711.8,2162.55,8910.0,11072.55,-1198.2,False
Logistic Regression,0.68,0.101237,0.909091,0.182186,90,799,9,56064,7711.8,2162.55,8890.0,11052.55,-1178.2,False
Logistic Regression,0.681,0.101466,0.909091,0.182556,90,797,9,56066,7711.8,2162.55,8870.0,11032.55,-1158.2,False
Logistic Regression,0.682,0.10181,0.909091,0.183113,90,794,9,56069,7711.8,2162.55,8840.0,11002.55,-1128.2,False
Logistic Regression,0.683,0.102273,0.909091,0.183861,90,790,9,56073,7711.8,2162.55,8800.0,10962.55,-1088.2,False
Logistic Regression,0.684,0.102857,0.909091,0.184805,90,785,9,56078,7711.8,2162.55,8750.0,10912.55,-1038.2,False
Logistic Regression,0.685,0.103093,0.909091,0.185185,90,783,9,56080,7711.8,2162.55,8730.0,10892.55,-1018.2,False
Logistic Regression,0.686,0.103687,0.909091,0.186143,90,778,9,56085,7711.8,2162.55,8680.0,10842.55,-968.2,False
Logistic Regression,0.687,0.103926,0.909091,0.186528,90,776,9,56087,7711.8,2162.55,8660.0,10822.55,-948.2,False
Logistic Regression,0.688,0.104167,0.909091,0.186916,90,774,9,56089,7711.8,2162.55,8640.0,10802.55,-928.2,False
Logistic Regression,0.689,0.104651,0.909091,0.187696,90,770,9,56093,7711.8,2162.55,8600.0,10762.55,-888.2,False
Logistic Regression,0.69,0.104773,0.909091,0.187891,90,769,9,56094,7711.8,2162.55,8590.0,10752.55,-878.2,False
Logistic Regression,0.691,0.104773,0.909091,0.187891,90,769,9,56094,7711.8,2162.55,8590.0,10752.55,-878.2,False
Logistic Regression,0.692,0.105263,0.909091,0.188679,90,765,9,56098,7711.8,2162.55,8550.0,10712.55,-838.2,False
Logistic Regression,0.693,0.105634,0.909091,0.189274,90,762,9,56101,7711.8,2162.55,8520.0,10682.55,-808.2,False
Logistic Regression,0.694,0.106257,0.909091,0.190275,90,757,9,56106,7711.8,2162.55,8470.0,10632.55,-758.2,False
Logistic Regression,0.695,0.106762,0.909091,0.191083,90,753,9,56110,7711.8,2162.55,8430.0,10592.55,-718.2,False
Logistic Regression,0.696,0.106888,0.909091,0.191286,90,752,9,56111,7711.8,2162.55,8420.0,10582.55,-708.2,False
Logistic Regression,0.697,0.107143,0.909091,0.191693,90,750,9,56113,7711.8,2162.55,8400.0,10562.55,-688.2,False
Logistic Regression,0.698,0.107527,0.909091,0.192308,90,747,9,56116,7711.8,2162.55,8370.0,10532.55,-658.2,False
Logistic Regression,0.699,0.107914,0.909091,0.192926,90,744,9,56119,7711.8,2162.55,8340.0,10502.55,-628.2,False
Logistic Regression,0.7,0.108434,0.909091,0.193757,90,740,9,56123,7711.8,2162.55,8300.0,10462.55,-588.2,False
Logistic Regression,0.701,0.108565,0.909091,0.193966,90,739,9,56124,7711.8,2162.55,8290.0,10452.55,-578.2,False
Logistic Regression,0.702,0.108696,0.909091,0.194175,90,738,9,56125,7711.8,2162.55,8280.0,10442.55,-568.2,False
Logistic Regression,0.703,0.107879,0.89899,0.192641,89,736,10,56127,7689.33,2185.02,8250.0,10435.02,-560.67,False
Logistic Regression,0.704,0.108273,0.89899,0.193268,89,733,10,56130,7689.33,2185.02,8220.0,10405.02,-530.67,False
Logistic Regression,0.705,0.108537,0.89899,0.193689,89,731,10,56132,7689.33,2185.02,8200.0,10385.02,-510.67,False
Logistic Regression,0.706,0.109337,0.89899,0.194962,89,725,10,56138,7689.33,2185.02,8140.0,10325.02,-450.67,False
Logistic Regression,0.707,0.110012,0.89899,0.196035,89,720,10,56143,7689.33,2185.02,8090.0,10275.02,-400.67,False
Logistic Regression,0.708,0.110012,0.89899,0.196035,89,720,10,56143,7689.33,2185.02,8090.0,10275.02,-400.67,False
Logistic Regression,0.709,0.110422,0.89899,0.196685,89,717,10,56146,7689.33,2185.02,8060.0,10245.02,-370.67,False
Logistic Regression,0.71,0.110834,0.89899,0.197339,89,714,10,56149,7689.33,2185.02,8030.0,10215.02,-340.67,False
Logistic Regression,0.711,0.111389,0.89899,0.198218,89,710,10,56153,7689.33,2185.02,7990.0,10175.02,-300.67,False
Logistic Regression,0.712,0.111809,0.89899,0.198883,89,707,10,56156,7689.33,2185.02,7960.0,10145.02,-270.67,False
Logistic Regression,0.713,0.11195,0.89899,0.199105,89,706,10,56157,7689.33,2185.02,7950.0,10135.02,-260.67,False
Logistic Regression,0.714,0.111252,0.888889,0.197753,88,703,11,56160,7377.42,2496.93,7910.0,10406.93,-532.58,False
Logistic Regression,0.715,0.111534,0.888889,0.198198,88,701,11,56162,7377.42,2496.93,7890.0,10386.93,-512.58,False
Logistic Regression,0.716,0.111675,0.888889,0.198422,88,700,11,56163,7377.42,2496.93,7880.0,10376.93,-502.58,False
Logistic Regression,0.717,0.112245,0.888889,0.19932,88,696,11,56167,7377.42,2496.93,7840.0,10336.93,-462.58,False
Logistic Regression,0.718,0.112676,0.888889,0.2,88,693,11,56170,7377.42,2496.93,7810.0,10306.93,-432.58,False
Logistic Regression,0.719,0.113111,0.888889,0.200684,88,690,11,56173,7377.42,2496.93,7780.0,10276.93,-402.58,False
Logistic Regression,0.72,0.113548,0.888889,0.201373,88,687,11,56176,7377.42,2496.93,7750.0,10246.93,-372.58,False
Logistic Regression,0.721,0.11399,0.888889,0.202067,88,684,11,56179,7377.42,2496.93,7720.0,10216.93,-342.58,False
Logistic Regression,0.722,0.114733,0.888889,0.203233,88,679,11,56184,7377.42,2496.93,7670.0,10166.93,-292.58,False
Logistic Regression,0.723,0.115637,0.888889,0.204651,88,673,11,56190,7377.42,2496.93,7610.0,10106.93,-232.58,False
Logistic Regression,0.724,0.116402,0.888889,0.205848,88,668,11,56195,7377.42,2496.93,7560.0,10056.93,-182.58,False
Logistic Regression,0.725,0.117021,0.888889,0.206816,88,664,11,56199,7377.42,2496.93,7520.0,10016.93,-142.58,False
Logistic Regression,0.726,0.117177,0.888889,0.207059,88,663,11,56200,7377.42,2496.93,7510.0,10006.93,-132.58,False
Logistic Regression,0.727,0.117805,0.888889,0.208038,88,659,11,56204,7377.42,2496.93,7470.0,9966.93,-92.58,False
Logistic Regression,0.728,0.118121,0.888889,0.208531,88,657,11,56206,7377.42,2496.93,7450.0,9946.93,-72.58,False
Logistic Regression,0.729,0.118598,0.888889,0.209275,88,654,11,56209,7377.42,2496.93,7420.0,9916.93,-42.58,False
Logistic Regression,0.73,0.118919,0.888889,0.209774,88,652,11,56211,7377.42,2496.93,7400.0,9896.93,-22.58,False
Logistic Regression,0.731,0.11908,0.888889,0.210024,88,651,11,56212,7377.42,2496.93,7390.0,9886.93,-12.58,False
Logistic Regression,0.732,0.119565,0.888889,0.210778,88,648,11,56215,7377.42,2496.93,7360.0,9856.93,17.42,False
Logistic Regression,0.733,0.120055,0.888889,0.211538,88,645,11,56218,7377.42,2496.93,7330.0,9826.93,47.42,False
Logistic Regression,0.734,0.120548,0.888889,0.212304,88,642,11,56221,7377.42,2496.93,7300.0,9796.93,77.42,False
Logistic Regression,0.735,0.121379,0.888889,0.213592,88,637,11,56226,7377.42,2496.93,7250.0,9746.93,127.42,False
Logistic Regression,0.736,0.121379,0.888889,0.213592,88,637,11,56226,7377.42,2496.93,7250.0,9746.93,127.42,False
Logistic Regression,0.737,0.121884,0.888889,0.214373,88,634,11,56229,7377.42,2496.93,7220.0,9716.93,157.42,False
Logistic Regression,0.738,0.122392,0.888889,0.215159,88,631,11,56232,7377.42,2496.93,7190.0,9686.93,187.42,False
Logistic Regression,0.739,0.122563,0.888889,0.215422,88,630,11,56233,7377.42,2496.93,7180.0,9676.93,197.42,False
Logistic Regression,0.74,0.122905,0.888889,0.215951,88,628,11,56235,7377.42,2496.93,7160.0,9656.93,217.42,False
Logistic Regression,0.741,0.123422,0.888889,0.216749,88,625,11,56238,7377.42,2496.93,7130.0,9626.93,247.42,False
Logistic Regression,0.742,0.123944,0.888889,0.217553,88,622,11,56241,7377.42,2496.93,7100.0,9596.93,277.42,False
Logistic Regression,0.743,0.12447,0.888889,0.218362,88,619,11,56244,7377.42,2496.93,7070.0,9566.93,307.42,False
Logistic Regression,0.744,0.124823,0.888889,0.218905,88,617,11,56246,7377.42,2496.93,7050.0,9546.93,327.42,False
Logistic Regression,0.745,0.125178,0.888889,0.219451,88,615,11,56248,7377.42,2496.93,7030.0,9526.93,347.42,False
Logistic Regression,0.746,0.125714,0.888889,0.220275,88,612,11,56251,7377.42,2496.93,7000.0,9496.93,377.42,False
Logistic Regression,0.747,0.126437,0.888889,0.221384,88,608,11,56255,7377.42,2496.93,6960.0,9456.93,417.42,False
Logistic Regression,0.748,0.126801,0.888889,0.221942,88,606,11,56257,7377.42,2496.93,6940.0,9436.93,437.42,False
Logistic Regression,0.749,0.126984,0.888889,0.222222,88,605,11,56258,7377.42,2496.93,6930.0,9426.93,447.42,False
Logistic Regression,0.75,0.127352,0.888889,0.222785,88,603,11,56260,7377.42,2496.93,6910.0,9406.93,467.42,False
Logistic Regression,0.751,0.127536,0.888889,0.223067,88,602,11,56261,7377.42,2496.93,6900.0,9396.93,477.42,False
Logistic Regression,0.752,0.127536,0.888889,0.223067,88,602,11,56261,7377.42,2496.93,6900.0,9396.93,477.42,False
Logistic Regression,0.753,0.127907,0.888889,0.223634,88,600,11,56263,7377.42,2496.93,6880.0,9376.93,497.42,False
Logistic Regression,0.754,0.128093,0.888889,0.223919,88,599,11,56264,7377.42,2496.93,6870.0,9366.93,507.42,False
Logistic Regression,0.755,0.12828,0.888889,0.224204,88,598,11,56265,7377.42,2496.93,6860.0,9356.93,517.42,False
Logistic Regression,0.756,0.129032,0.888889,0.225352,88,594,11,56269,7377.42,2496.93,6820.0,9316.93,557.42,False
Logistic Regression,0.757,0.129032,0.888889,0.225352,88,594,11,56269,7377.42,2496.93,6820.0,9316.93,557.42,False
Logistic Regression,0.758,0.129222,0.888889,0.225641,88,593,11,56270,7377.42,2496.93,6810.0,9306.93,567.42,False
Logistic Regression,0.759,0.129602,0.888889,0.226221,88,591,11,56272,7377.42,2496.93,6790.0,9286.93,587.42,False
Logistic Regression,0.76,0.129985,0.888889,0.226804,88,589,11,56274,7377.42,2496.93,6770.0,9266.93,607.42,False
Logistic Regression,0.761,0.13037,0.888889,0.22739,88,587,11,56276,7377.42,2496.93,6750.0,9246.93,627.42,False
Logistic Regression,0.762,0.130564,0.888889,0.227684,88,586,11,56277,7377.42,2496.93,6740.0,9236.93,637.42,False
Logistic Regression,0.763,0.13154,0.888889,0.229167,88,581,11,56282,7377.42,2496.93,6690.0,9186.93,687.42,False
Logistic Regression,0.764,0.131737,0.888889,0.229465,88,580,11,56283,7377.42,2496.93,6680.0,9176.93,697.42,False
Logistic Regression,0.765,0.131737,0.888889,0.229465,88,580,11,56283,7377.42,2496.93,6680.0,9176.93,697.42,False
Logistic Regression,0.766,0.132331,0.888889,0.230366,88,577,11,56286,7377.42,2496.93,6650.0,9146.93,727.42,False
Logistic Regression,0.767,0.132331,0.888889,0.230366,88,577,11,56286,7377.42,2496.93,6650.0,9146.93,727.42,False
Logistic Regression,0.768,0.132331,0.888889,0.230366,88,577,11,56286,7377.42,2496.93,6650.0,9146.93,727.42,False
Logistic Regression,0.769,0.132931,0.888889,0.231275,88,574,11,56289,7377.42,2496.93,6620.0,9116.93,757.42,False
Logistic Regression,0.77,0.133132,0.888889,0.231579,88,573,11,56290,7377.42,2496.93,6610.0,9106.93,767.42,False
Logistic Regression,0.771,0.133333,0.888889,0.231884,88,572,11,56291,7377.42,2496.93,6600.0,9096.93,777.42,False
Logistic Regression,0.772,0.134763,0.888889,0.234043,88,565,11,56298,7377.42,2496.93,6530.0,9026.93,847.42,False
Logistic Regression,0.773,0.135802,0.888889,0.235609,88,560,11,56303,7377.42,2496.93,6480.0,8976.93,897.42,False
Logistic Regression,0.774,0.136434,0.888889,0.236559,88,557,11,56306,7377.42,2496.93,6450.0,8946.93,927.42,False
Logistic Regression,0.775,0.136858,0.888889,0.237197,88,555,11,56308,7377.42,2496.93,6430.0,8926.93,947.42,False
Logistic Regression,0.776,0.137715,0.888889,0.238482,88,551,11,56312,7377.42,2496.93,6390.0,8886.93,987.42,False
Logistic Regression,0.777,0.138365,0.888889,0.239456,88,548,11,56315,7377.42,2496.93,6360.0,8856.93,1017.42,False
Logistic Regression,0.778,0.139021,0.888889,0.240437,88,545,11,56318,7377.42,2496.93,6330.0,8826.93,1047.42,False
Logistic Regression,0.779,0.139683,0.888889,0.241427,88,542,11,56321,7377.42,2496.93,6300.0,8796.93,1077.42,False
Logistic Regression,0.78,0.139683,0.888889,0.241427,88,542,11,56321,7377.42,2496.93,6300.0,8796.93,1077.42,False
Logistic Regression,0.781,0.140351,0.888889,0.242424,88,539,11,56324,7377.42,2496.93,6270.0,8766.93,1107.42,False
Logistic Regression,0.782,0.140575,0.888889,0.242759,88,538,11,56325,7377.42,2496.93,6260.0,8756.93,1117.42,False
Logistic Regression,0.783,0.140575,0.888889,0.242759,88,538,11,56325,7377.42,2496.93,6260.0,8756.93,1117.42,False
Logistic Regression,0.784,0.141479,0.888889,0.244105,88,534,11,56329,7377.42,2496.93,6220.0,8716.93,1157.42,False
Logistic Regression,0.785,0.141935,0.888889,0.244784,88,532,11,56331,7377.42,2496.93,6200.0,8696.93,1177.42,False
Logistic Regression,0.786,0.142165,0.888889,0.245125,88,531,11,56332,7377.42,2496.93,6190.0,8686.93,1187.42,False
Logistic Regression,0.787,0.142395,0.888889,0.245467,88,530,11,56333,7377.42,2496.93,6180.0,8676.93,1197.42,False
Logistic Regression,0.788,0.142626,0.888889,0.24581,88,529,11,56334,7377.42,2496.93,6170.0,8666.93,1207.42,False
Logistic Regression,0.789,0.142857,0.888889,0.246154,88,528,11,56335,7377.42,2496.93,6160.0,8656.93,1217.42,False
Logistic Regression,0.79,0.144499,0.888889,0.248588,88,521,11,56342,7377.42,2496.93,6090.0,8586.93,1287.42,False
Logistic Regression,0.791,0.145455,0.888889,0.25,88,517,11,56346,7377.42,2496.93,6050.0,8546.93,1327.42,False
Logistic Regression,0.792,0.146179,0.888889,0.25107,88,514,11,56349,7377.42,2496.93,6020.0,8516.93,1357.42,False
Logistic Regression,0.793,0.146423,0.888889,0.251429,88,513,11,56350,7377.42,2496.93,6010.0,8506.93,1367.42,False
Logistic Regression,0.794,0.147651,0.888889,0.253237,88,508,11,56355,7377.42,2496.93,5960.0,8456.93,1417.42,False
Logistic Regression,0.795,0.147899,0.888889,0.253602,88,507,11,56356,7377.42,2496.93,5950.0,8446.93,1427.42,False
Logistic Regression,0.796,0.147899,0.888889,0.253602,88,507,11,56356,7377.42,2496.93,5950.0,8446.93,1427.42,False
Logistic Regression,0.797,0.1489,0.888889,0.255072,88,503,11,56360,7377.42,2496.93,5910.0,8406.93,1467.42,False
Logistic Regression,0.798,0.149406,0.888889,0.255814,88,501,11,56362,7377.42,2496.93,5890.0,8386.93,1487.42,False
Logistic Regression,0.799,0.150171,0.888889,0.256934,88,498,11,56365,7377.42,2496.93,5860.0,8356.93,1517.42,False
Logistic Regression,0.8,0.150943,0.888889,0.258065,88,495,11,56368,7377.42,2496.93,5830.0,8326.93,1547.42,False
Logistic Regression,0.801,0.151724,0.888889,0.259205,88,492,11,56371,7377.42,2496.93,5800.0,8296.93,1577.42,False
Logistic Regression,0.802,0.152513,0.888889,0.260355,88,489,11,56374,7377.42,2496.93,5770.0,8266.93,1607.42,False
Logistic Regression,0.803,0.153578,0.888889,0.261905,88,485,11,56378,7377.42,2496.93,5730.0,8226.93,1647.42,False
Logistic Regression,0.804,0.154116,0.888889,0.262687,88,483,11,56380,7377.42,2496.93,5710.0,8206.93,1667.42,False
Logistic Regression,0.805,0.15493,0.888889,0.263868,88,480,11,56383,7377.42,2496.93,5680.0,8176.93,1697.42,False
Logistic Regression,0.806,0.156028,0.888889,0.26546,88,476,11,56387,7377.42,2496.93,5640.0,8136.93,1737.42,False
Logistic Regression,0.807,0.156584,0.888889,0.266263,88,474,11,56389,7377.42,2496.93,5620.0,8116.93,1757.42,False
Logistic Regression,0.808,0.157424,0.888889,0.267477,88,471,11,56392,7377.42,2496.93,5590.0,8086.93,1787.42,False
Logistic Regression,0.809,0.157424,0.888889,0.267477,88,471,11,56392,7377.42,2496.93,5590.0,8086.93,1787.42,False
Logistic Regression,0.81,0.157989,0.888889,0.268293,88,469,11,56394,7377.42,2496.93,5570.0,8066.93,1807.42,False
Logistic Regression,0.811,0.158559,0.888889,0.269113,88,467,11,56396,7377.42,2496.93,5550.0,8046.93,1827.42,False
Logistic Regression,0.812,0.15942,0.888889,0.270353,88,464,11,56399,7377.42,2496.93,5520.0,8016.93,1857.42,False
Logistic Regression,0.813,0.161172,0.888889,0.272868,88,458,11,56405,7377.42,2496.93,5460.0,7956.93,1917.42,False
Logistic Regression,0.814,0.161468,0.888889,0.273292,88,457,11,56406,7377.42,2496.93,5450.0,7946.93,1927.42,False
Logistic Regression,0.815,0.162362,0.888889,0.274571,88,454,11,56409,7377.42,2496.93,5420.0,7916.93,1957.42,False
Logistic Regression,0.816,0.162963,0.888889,0.27543,88,452,11,56411,7377.42,2496.93,5400.0,7896.93,1977.42,False
Logistic Regression,0.817,0.164179,0.888889,0.277165,88,448,11,56415,7377.42,2496.93,5360.0,7856.93,2017.42,False
Logistic Regression,0.818,0.164794,0.888889,0.278041,88,446,11,56417,7377.42,2496.93,5340.0,7836.93,2037.42,False
Logistic Regression,0.819,0.164794,0.888889,0.278041,88,446,11,56417,7377.42,2496.93,5340.0,7836.93,2037.42,False
Logistic Regression,0.82,0.165414,0.888889,0.278922,88,444,11,56419,7377.42,2496.93,5320.0,7816.93,2057.42,False
Logistic Regression,0.821,0.165725,0.888889,0.279365,88,443,11,56420,7377.42,2496.93,5310.0,7806.93,2067.42,False
Logistic Regression,0.822,0.166352,0.888889,0.280255,88,441,11,56422,7377.42,2496.93,5290.0,7786.93,2087.42,False
Logistic Regression,0.823,0.166667,0.888889,0.280702,88,440,11,56423,7377.42,2496.93,5280.0,7776.93,2097.42,False
Logistic Regression,0.824,0.166667,0.888889,0.280702,88,440,11,56423,7377.42,2496.93,5280.0,7776.93,2097.42,False
Logistic Regression,0.825,0.167939,0.888889,0.282504,88,436,11,56427,7377.42,2496.93,5240.0,7736.93,2137.42,False
Logistic Regression,0.826,0.16826,0.888889,0.282958,88,435,11,56428,7377.42,2496.93,5230.0,7726.93,2147.42,False
Logistic Regression,0.827,0.168582,0.888889,0.283414,88,434,11,56429,7377.42,2496.93,5220.0,7716.93,2157.42,False
Logistic Regression,0.828,0.169231,0.888889,0.28433,88,432,11,56431,7377.42,2496.93,5200.0,7696.93,2177.42,False
Logistic Regression,0.829,0.169884,0.888889,0.285251,88,430,11,56433,7377.42,2496.93,5180.0,7676.93,2197.42,False
Logistic Regression,0.83,0.169884,0.888889,0.285251,88,430,11,56433,7377.42,2496.93,5180.0,7676.93,2197.42,False
Logistic Regression,0.831,0.170874,0.888889,0.286645,88,427,11,56436,7377.42,2496.93,5150.0,7646.93,2227.42,False
Logistic Regression,0.832,0.171206,0.888889,0.287113,88,426,11,56437,7377.42,2496.93,5140.0,7636.93,2237.42,False
Logistic Regression,0.833,0.171875,0.888889,0.288052,88,424,11,56439,7377.42,2496.93,5120.0,7616.93,2257.42,False
Logistic Regression,0.834,0.172549,0.888889,0.288998,88,422,11,56441,7377.42,2496.93,5100.0,7596.93,2277.42,False
Logistic Regression,0.835,0.172888,0.888889,0.289474,88,421,11,56442,7377.42,2496.93,5090.0,7586.93,2287.42,False
Logistic Regression,0.836,0.174257,0.888889,0.291391,88,417,11,56446,7377.42,2496.93,5050.0,7546.93,2327.42,False
Logistic Regression,0.837,0.175299,0.888889,0.292845,88,414,11,56449,7377.42,2496.93,5020.0,7516.93,2357.42,False
Logistic Regression,0.838,0.176707,0.888889,0.294807,88,410,11,56453,7377.42,2496.93,4980.0,7476.93,2397.42,False
Logistic Regression,0.839,0.177419,0.888889,0.295798,88,408,11,56455,7377.42,2496.93,4960.0,7456.93,2417.42,False
Logistic Regression,0.84,0.178862,0.888889,0.2978,88,404,11,56459,7377.42,2496.93,4920.0,7416.93,2457.42,False
Logistic Regression,0.841,0.179226,0.888889,0.298305,88,403,11,56460,7377.42,2496.93,4910.0,7406.93,2467.42,False
Logistic Regression,0.842,0.180328,0.888889,0.29983,88,400,11,56463,7377.42,2496.93,4880.0,7376.93,2497.42,False
Logistic Regression,0.843,0.18107,0.888889,0.300855,88,398,11,56465,7377.42,2496.93,4860.0,7356.93,2517.42,False
Logistic Regression,0.844,0.181818,0.888889,0.301887,88,396,11,56467,7377.42,2496.93,4840.0,7336.93,2537.42,False
Logistic Regression,0.845,0.181818,0.888889,0.301887,88,396,11,56467,7377.42,2496.93,4840.0,7336.93,2537.42,False
Logistic Regression,0.846,0.182573,0.888889,0.302926,88,394,11,56469,7377.42,2496.93,4820.0,7316.93,2557.42,False
Logistic Regression,0.847,0.182952,0.888889,0.303448,88,393,11,56470,7377.42,2496.93,4810.0,7306.93,2567.42,False
Logistic Regression,0.848,0.184486,0.888889,0.305556,88,389,11,56474,7377.42,2496.93,4770.0,7266.93,2607.42,False
Logistic Regression,0.849,0.184486,0.888889,0.305556,88,389,11,56474,7377.42,2496.93,4770.0,7266.93,2607.42,False
Logistic Regression,0.85,0.185654,0.888889,0.307155,88,386,11,56477,7377.42,2496.93,4740.0,7236.93,2637.42,False
Logistic Regression,0.851,0.186047,0.888889,0.307692,88,385,11,56478,7377.42,2496.93,4730.0,7226.93,2647.42,False
Logistic Regression,0.852,0.186837,0.888889,0.308772,88,383,11,56480,7377.42,2496.93,4710.0,7206.93,2667.42,False
Logistic Regression,0.853,0.186837,0.888889,0.308772,88,383,11,56480,7377.42,2496.93,4710.0,7206.93,2667.42,False
Logistic Regression,0.854,0.188034,0.888889,0.310406,88,380,11,56483,7377.42,2496.93,4680.0,7176.93,2697.42,False
Logistic Regression,0.855,0.190065,0.888889,0.313167,88,375,11,56488,7377.42,2496.93,4630.0,7126.93,2747.42,False
Logistic Regression,0.856,0.190065,0.888889,0.313167,88,375,11,56488,7377.42,2496.93,4630.0,7126.93,2747.42,False
Logistic Regression,0.857,0.190476,0.888889,0.313725,88,374,11,56489,7377.42,2496.93,4620.0,7116.93,2757.42,False
Logistic Regression,0.858,0.191304,0.888889,0.314848,88,372,11,56491,7377.42,2496.93,4600.0,7096.93,2777.42,False
Logistic Regression,0.859,0.191721,0.888889,0.315412,88,371,11,56492,7377.42,2496.93,4590.0,7086.93,2787.42,False
Logistic Regression,0.86,0.19256,0.888889,0.316547,88,369,11,56494,7377.42,2496.93,4570.0,7066.93,2807.42,False
Logistic Regression,0.861,0.192982,0.888889,0.317117,88,368,11,56495,7377.42,2496.93,4560.0,7056.93,2817.42,False
Logistic Regression,0.862,0.193833,0.888889,0.318264,88,366,11,56497,7377.42,2496.93,4540.0,7036.93,2837.42,False
Logistic Regression,0.863,0.193833,0.888889,0.318264,88,366,11,56497,7377.42,2496.93,4540.0,7036.93,2837.42,False
Logistic Regression,0.864,0.19469,0.888889,0.319419,88,364,11,56499,7377.42,2496.93,4520.0,7016.93,2857.42,False
Logistic Regression,0.865,0.195991,0.888889,0.321168,88,361,11,56502,7377.42,2496.93,4490.0,6986.93,2887.42,False
Logistic Regression,0.866,0.195991,0.888889,0.321168,88,361,11,56502,7377.42,2496.93,4490.0,6986.93,2887.42,False
Logistic Regression,0.867,0.196429,0.888889,0.321755,88,360,11,56503,7377.42,2496.93,4480.0,6976.93,2897.42,False
Logistic Regression,0.868,0.196868,0.888889,0.322344,88,359,11,56504,7377.42,2496.93,4470.0,6966.93,2907.42,False
Logistic Regression,0.869,0.196868,0.888889,0.322344,88,359,11,56504,7377.42,2496.93,4470.0,6966.93,2907.42,False
Logistic Regression,0.87,0.197753,0.888889,0.323529,88,357,11,56506,7377.42,2496.93,4450.0,6946.93,2927.42,False
Logistic Regression,0.871,0.198646,0.888889,0.324723,88,355,11,56508,7377.42,2496.93,4430.0,6926.93,2947.42,False
Logistic Regression,0.872,0.200456,0.888889,0.327138,88,351,11,56512,7377.42,2496.93,4390.0,6886.93,2987.42,False
Logistic Regression,0.873,0.201835,0.888889,0.328972,88,348,11,56515,7377.42,2496.93,4360.0,6856.93,3017.42,False
Logistic Regression,0.874,0.202765,0.888889,0.330206,88,346,11,56517,7377.42,2496.93,4340.0,6836.93,3037.42,False
Logistic Regression,0.875,0.203704,0.888889,0.33145,88,344,11,56519,7377.42,2496.93,4320.0,6816.93,3057.42,False
Logistic Regression,0.876,0.204651,0.888889,0.332703,88,342,11,56521,7377.42,2496.93,4300.0,6796.93,3077.42,False
Logistic Regression,0.877,0.204651,0.888889,0.332703,88,342,11,56521,7377.42,2496.93,4300.0,6796.93,3077.42,False
Logistic Regression,0.878,0.205607,0.888889,0.333966,88,340,11,56523,7377.42,2496.93,4280.0,6776.93,3097.42,False
Logistic Regression,0.879,0.206573,0.888889,0.335238,88,338,11,56525,7377.42,2496.93,4260.0,6756.93,3117.42,False
Logistic Regression,0.88,0.207059,0.888889,0.335878,88,337,11,56526,7377.42,2496.93,4250.0,6746.93,3127.42,False
Logistic Regression,0.881,0.207547,0.888889,0.33652,88,336,11,56527,7377.42,2496.93,4240.0,6736.93,3137.42,False
Logistic Regression,0.882,0.208038,0.888889,0.337165,88,335,11,56528,7377.42,2496.93,4230.0,6726.93,3147.42,False
Logistic Regression,0.883,0.209026,0.888889,0.338462,88,333,11,56530,7377.42,2496.93,4210.0,6706.93,3167.42,False
Logistic Regression,0.884,0.209524,0.888889,0.339114,88,332,11,56531,7377.42,2496.93,4200.0,6696.93,3177.42,False
Logistic Regression,0.885,0.211031,0.888889,0.341085,88,329,11,56534,7377.42,2496.93,4170.0,6666.93,3207.42,False
Logistic Regression,0.886,0.212048,0.888889,0.342412,88,327,11,56536,7377.42,2496.93,4150.0,6646.93,3227.42,False
Logistic Regression,0.887,0.213075,0.888889,0.34375,88,325,11,56538,7377.42,2496.93,4130.0,6626.93,3247.42,False
Logistic Regression,0.888,0.215159,0.888889,0.346457,88,321,11,56542,7377.42,2496.93,4090.0,6586.93,3287.42,False
Logistic Regression,0.889,0.216216,0.888889,0.347826,88,319,11,56544,7377.42,2496.93,4070.0,6566.93,3307.42,False
Logistic Regression,0.89,0.218362,0.888889,0.350598,88,315,11,56548,7377.42,2496.93,4030.0,6526.93,3347.42,False
Logistic Regression,0.891,0.218905,0.888889,0.351297,88,314,11,56549,7377.42,2496.93,4020.0,6516.93,3357.42,False
Logistic Regression,0.892,0.218905,0.888889,0.351297,88,314,11,56549,7377.42,2496.93,4020.0,6516.93,3357.42,False
Logistic Regression,0.893,0.22,0.888889,0.352705,88,312,11,56551,7377.42,2496.93,4000.0,6496.93,3377.42,False
Logistic Regression,0.894,0.220551,0.888889,0.353414,88,311,11,56552,7377.42,2496.93,3990.0,6486.93,3387.42,False
Logistic Regression,0.895,0.221662,0.888889,0.354839,88,309,11,56554,7377.42,2496.93,3970.0,6466.93,3407.42,False
Logistic Regression,0.896,0.222785,0.888889,0.356275,88,307,11,56556,7377.42,2496.93,3950.0,6446.93,3427.42,False
Logistic Regression,0.897,0.22335,0.888889,0.356998,88,306,11,56557,7377.42,2496.93,3940.0,6436.93,3437.42,False
Logistic Regression,0.898,0.22449,0.888889,0.358452,88,304,11,56559,7377.42,2496.93,3920.0,6416.93,3457.42,False
Logistic Regression,0.899,0.225064,0.888889,0.359184,88,303,11,56560,7377.42,2496.93,3910.0,6406.93,3467.42,False
Logistic Regression,0.9,0.226804,0.888889,0.361396,88,300,11,56563,7377.42,2496.93,3880.0,6376.93,3497.42,False
Logistic Regression,0.901,0.22739,0.888889,0.36214,88,299,11,56564,7377.42,2496.93,3870.0,6366.93,3507.42,False
Logistic Regression,0.902,0.227979,0.888889,0.362887,88,298,11,56565,7377.42,2496.93,3860.0,6356.93,3517.42,False
Logistic Regression,0.903,0.229765,0.888889,0.365145,88,295,11,56568,7377.42,2496.93,3830.0,6326.93,3547.42,False
Logistic Regression,0.904,0.230971,0.888889,0.366667,88,293,11,56570,7377.42,2496.93,3810.0,6306.93,3567.42,False
Logistic Regression,0.905,0.231579,0.888889,0.367432,88,292,11,56571,7377.42,2496.93,3800.0,6296.93,3577.42,False
Logistic Regression,0.906,0.23219,0.888889,0.368201,88,291,11,56572,7377.42,2496.93,3790.0,6286.93,3587.42,False
Logistic Regression,0.907,0.232804,0.888889,0.368973,88,290,11,56573,7377.42,2496.93,3780.0,6276.93,3597.42,False
Logistic Regression,0.908,0.233422,0.888889,0.369748,88,289,11,56574,7377.42,2496.93,3770.0,6266.93,3607.42,False
Logistic Regression,0.909,0.233422,0.888889,0.369748,88,289,11,56574,7377.42,2496.93,3770.0,6266.93,3607.42,False
Logistic Regression,0.91,0.234043,0.888889,0.370526,88,288,11,56575,7377.42,2496.93,3760.0,6256.93,3617.42,False
Logistic Regression,0.911,0.234667,0.888889,0.371308,88,287,11,56576,7377.42,2496.93,3750.0,6246.93,3627.42,False
Logistic Regression,0.912,0.235925,0.888889,0.372881,88,285,11,56578,7377.42,2496.93,3730.0,6226.93,3647.42,False
Logistic Regression,0.913,0.236559,0.888889,0.373673,88,284,11,56579,7377.42,2496.93,3720.0,6216.93,3657.42,False
Logistic Regression,0.914,0.237838,0.888889,0.375267,88,282,11,56581,7377.42,2496.93,3700.0,6196.93,3677.42,False
Logistic Regression,0.915,0.238482,0.888889,0.376068,88,281,11,56582,7377.42,2496.93,3690.0,6186.93,3687.42,False
Logistic Regression,0.916,0.239782,0.888889,0.377682,88,279,11,56584,7377.42,2496.93,3670.0,6166.93,3707.42,False
Logistic Regression,0.917,0.240437,0.888889,0.378495,88,278,11,56585,7377.42,2496.93,3660.0,6156.93,3717.42,False
Logistic Regression,0.918,0.241096,0.888889,0.37931,88,277,11,56586,7377.42,2496.93,3650.0,6146.93,3727.42,False
Logistic Regression,0.919,0.243094,0.888889,0.381779,88,274,11,56589,7377.42,2496.93,3620.0,6116.93,3757.42,False
Logistic Regression,0.92,0.243094,0.888889,0.381779,88,274,11,56589,7377.42,2496.93,3620.0,6116.93,3757.42,False
Logistic Regression,0.921,0.243767,0.888889,0.382609,88,273,11,56590,7377.42,2496.93,3610.0,6106.93,3767.42,False
Logistic Regression,0.922,0.24581,0.888889,0.38512,88,270,11,56593,7377.42,2496.93,3580.0,6076.93,3797.42,False
Logistic Regression,0.923,0.247191,0.888889,0.386813,88,268,11,56595,7377.42,2496.93,3560.0,6056.93,3817.42,False
Logistic Regression,0.924,0.247887,0.888889,0.387665,88,267,11,56596,7377.42,2496.93,3550.0,6046.93,3827.42,False
Logistic Regression,0.925,0.248588,0.888889,0.388521,88,266,11,56597,7377.42,2496.93,3540.0,6036.93,3837.42,False
Logistic Regression,0.926,0.250712,0.888889,0.391111,88,263,11,56600,7377.42,2496.93,3510.0,6006.93,3867.42,False
Logistic Regression,0.927,0.251429,0.888889,0.391982,88,262,11,56601,7377.42,2496.93,3500.0,5996.93,3877.42,False
Logistic Regression,0.928,0.253602,0.888889,0.394619,88,259,11,56604,7377.42,2496.93,3470.0,5966.93,3907.42,False
Logistic Regression,0.929,0.253602,0.888889,0.394619,88,259,11,56604,7377.42,2496.93,3470.0,5966.93,3907.42,False
Logistic Regression,0.93,0.255814,0.888889,0.397291,88,256,11,56607,7377.42,2496.93,3440.0,5936.93,3937.42,False
Logistic Regression,0.931,0.25656,0.888889,0.39819,88,255,11,56608,7377.42,2496.93,3430.0,5926.93,3947.42,False
Logistic Regression,0.932,0.25656,0.888889,0.39819,88,255,11,56608,7377.42,2496.93,3430.0,5926.93,3947.42,False
Logistic Regression,0.933,0.259587,0.888889,0.401826,88,251,11,56612,7377.42,2496.93,3390.0,5886.93,3987.42,False
Logistic Regression,0.934,0.260355,0.888889,0.402746,88,250,11,56613,7377.42,2496.93,3380.0,5876.93,3997.42,False
Logistic Regression,0.935,0.260355,0.888889,0.402746,88,250,11,56613,7377.42,2496.93,3380.0,5876.93,3997.42,False
Logistic Regression,0.936,0.262687,0.888889,0.40553,88,247,11,56616,7377.42,2496.93,3350.0,5846.93,4027.42,False
Logistic Regression,0.937,0.262687,0.888889,0.40553,88,247,11,56616,7377.42,2496.93,3350.0,5846.93,4027.42,False
Logistic Regression,0.938,0.263473,0.888889,0.406467,88,246,11,56617,7377.42,2496.93,3340.0,5836.93,4037.42,False
Logistic Regression,0.939,0.266667,0.888889,0.410256,88,242,11,56621,7377.42,2496.93,3300.0,5796.93,4077.42,False
Logistic Regression,0.94,0.269113,0.888889,0.413146,88,239,11,56624,7377.42,2496.93,3270.0,5766.93,4107.42,False
Logistic Regression,0.941,0.270769,0.888889,0.415094,88,237,11,56626,7377.42,2496.93,3250.0,5746.93,4127.42,False
Logistic Regression,0.942,0.270769,0.888889,0.415094,88,237,11,56626,7377.42,2496.93,3250.0,5746.93,4127.42,False
Logistic Regression,0.943,0.272446,0.888889,0.417062,88,235,11,56628,7377.42,2496.93,3230.0,5726.93,4147.42,False
Logistic Regression,0.944,0.274143,0.888889,0.419048,88,233,11,56630,7377.42,2496.93,3210.0,5706.93,4167.42,False
Logistic Regression,0.945,0.275,0.888889,0.420048,88,232,11,56631,7377.42,2496.93,3200.0,5696.93,4177.42,False
Logistic Regression,0.946,0.27673,0.888889,0.422062,88,230,11,56633,7377.42,2496.93,3180.0,5676.93,4197.42,False
Logistic Regression,0.947,0.278481,0.888889,0.424096,88,228,11,56635,7377.42,2496.93,3160.0,5656.93,4217.42,False
Logistic Regression,0.948,0.283871,0.888889,0.430318,88,222,11,56641,7377.42,2496.93,3100.0,5596.93,4277.42,False
Logistic Regression,0.949,0.283871,0.888889,0.430318,88,222,11,56641,7377.42,2496.93,3100.0,5596.93,4277.42,False
Logistic Regression,0.95,0.285714,0.888889,0.432432,88,220,11,56643,7377.42,2496.93,3080.0,5576.93,4297.42,False
Logistic Regression,0.951,0.287582,0.888889,0.434568,88,218,11,56645,7377.42,2496.93,3060.0,5556.93,4317.42,False
Logistic Regression,0.952,0.288525,0.888889,0.435644,88,217,11,56646,7377.42,2496.93,3050.0,5546.93,4327.42,False
Logistic Regression,0.953,0.289037,0.878788,0.435,87,214,12,56649,7376.66,2497.69,3010.0,5507.69,4366.66,False
Logistic Regression,0.954,0.29,0.878788,0.43609,87,213,12,56650,7376.66,2497.69,3000.0,5497.69,4376.66,False
Logistic Regression,0.955,0.293919,0.878788,0.440506,87,209,12,56654,7376.66,2497.69,2960.0,5457.69,4416.66,False
Logistic Regression,0.956,0.295918,0.878788,0.442748,87,207,12,56656,7376.66,2497.69,2940.0,5437.69,4436.66,False
Logistic Regression,0.957,0.297945,0.878788,0.445013,87,205,12,56658,7376.66,2497.69,2920.0,5417.69,4456.66,False
Logistic Regression,0.958,0.298969,0.878788,0.446154,87,204,12,56659,7376.66,2497.69,2910.0,5407.69,4466.66,False
Logistic Regression,0.959,0.305263,0.878788,0.453125,87,198,12,56665,7376.66,2497.69,2850.0,5347.69,4526.66,False
Logistic Regression,0.96,0.30742,0.878788,0.455497,87,196,12,56667,7376.66,2497.69,2830.0,5327.69,4546.66,False
Logistic Regression,0.961,0.311828,0.878788,0.460317,87,192,12,56671,7376.66,2497.69,2790.0,5287.69,4586.66,False
Logistic Regression,0.962,0.317518,0.878788,0.466488,87,187,12,56676,7376.66,2497.69,2740.0,5237.69,4636.66,False
Logistic Regression,0.963,0.318681,0.878788,0.467742,87,186,12,56677,7376.66,2497.69,2730.0,5227.69,4646.66,False
Logistic Regression,0.964,0.32342,0.878788,0.472826,87,182,12,56681,7376.66,2497.69,2690.0,5187.69,4686.66,False
Logistic Regression,0.965,0.328302,0.878788,0.478022,87,178,12,56685,7376.66,2497.69,2650.0,5147.69,4726.66,False
Logistic Regression,0.966,0.330798,0.878788,0.480663,87,176,12,56687,7376.66,2497.69,2630.0,5127.69,4746.66,False
Logistic Regression,0.967,0.335907,0.878788,0.486034,87,172,12,56691,7376.66,2497.69,2590.0,5087.69,4786.66,False
Logistic Regression,0.968,0.337209,0.878788,0.487395,87,171,12,56692,7376.66,2497.69,2580.0,5077.69,4796.66,False
Logistic Regression,0.969,0.349398,0.878788,0.5,87,162,12,56701,7376.66,2497.69,2490.0,4987.69,4886.66,False
Logistic Regression,0.97,0.3625,0.878788,0.513274,87,153,12,56710,7376.66,2497.69,2400.0,4897.69,4976.66,False
Logistic Regression,0.971,0.368644,0.878788,0.519403,87,149,12,56714,7376.66,2497.69,2360.0,4857.69,5016.66,False
Logistic Regression,0.972,0.378261,0.878788,0.528875,87,143,12,56720,7376.66,2497.69,2300.0,4797.69,5076.66,False
Logistic Regression,0.973,0.386667,0.878788,0.537037,87,138,12,56725,7376.66,2497.69,2250.0,4747.69,5126.66,False
Logistic Regression,0.974,0.391892,0.878788,0.542056,87,135,12,56728,7376.66,2497.69,2220.0,4717.69,5156.66,False
Logistic Regression,0.975,0.395455,0.878788,0.545455,87,133,12,56730,7376.66,2497.69,2200.0,4697.69,5176.66,False
Logistic Regression,0.976,0.399083,0.878788,0.548896,87,131,12,56732,7376.66,2497.69,2180.0,4677.69,5196.66,False
Logistic Regression,0.977,0.408451,0.878788,0.557692,87,126,12,56737,7376.66,2497.69,2130.0,4627.69,5246.66,False
Logistic Regression,0.978,0.414286,0.878788,0.563107,87,123,12,56740,7376.66,2497.69,2100.0,4597.69,5276.66,False
Logistic Regression,0.979,0.428571,0.878788,0.576159,87,116,12,56747,7376.66,2497.69,2030.0,4527.69,5346.66,False
Logistic Regression,0.98,0.435,0.878788,0.58194,87,113,12,56750,7376.66,2497.69,2000.0,4497.69,5376.66,False
Logistic Regression,0.981,0.446154,0.878788,0.591837,87,108,12,56755,7376.66,2497.69,1950.0,4447.69,5426.66,False
Logistic Regression,0.982,0.455497,0.878788,0.6,87,104,12,56759,7376.66,2497.69,1910.0,4407.69,5466.66,False
Logistic Regression,0.983,0.467742,0.878788,0.610526,87,99,12,56764,7376.66,2497.69,1860.0,4357.69,5516.66,False
Logistic Regression,0.984,0.491525,0.878788,0.630435,87,90,12,56773,7376.66,2497.69,1770.0,4267.69,5606.66,False
Logistic Regression,0.985,0.5,0.878788,0.637363,87,87,12,56776,7376.66,2497.69,1740.0,4237.69,5636.66,False
Logistic Regression,0.986,0.514793,0.878788,0.649254,87,82,12,56781,7376.66,2497.69,1690.0,4187.69,5686.66,False
Logistic Regression,0.987,0.52439,0.868687,0.653992,86,78,13,56785,7369.6,2504.75,1640.0,4144.75,5729.6,False
Logistic Regression,0.988,0.5375,0.868687,0.664093,86,74,13,56789,7369.6,2504.75,1600.0,4104.75,5769.6,False
Logistic Regression,0.989,0.554839,0.868687,0.677165,86,69,13,56794,7369.6,2504.75,1550.0,4054.75,5819.6,False
Logistic Regression,0.99,0.585034,0.868687,0.699187,86,61,13,56802,7369.6,2504.75,1470.0,3974.75,5899.6,False
Logistic Regression,0.991,0.609929,0.868687,0.716667,86,55,13,56808,7369.6,2504.75,1410.0,3914.75,5959.6,False
Logistic Regression,0.992,0.623188,0.868687,0.725738,86,52,13,56811,7369.6,2504.75,1380.0,3884.75,5989.6,False
Logistic Regression,0.993,0.637037,0.868687,0.735043,86,49,13,56814,7369.6,2504.75,1350.0,3854.75,6019.6,False
Logistic Regression,0.994,0.656489,0.868687,0.747826,86,45,13,56818,7369.6,2504.75,1310.0,3814.75,6059.6,False
Logistic Regression,0.995,0.674603,0.858586,0.755556,85,41,14,56822,7368.6,2505.75,1260.0,3765.75,6108.6,False
Logistic Regression,0.996,0.708333,0.858586,0.776256,85,35,14,56828,7368.6,2505.75,1200.0,3705.75,6168.6,False
Logistic Regression,0.997,0.711864,0.848485,0.774194,84,34,15,56829,7367.6,2506.75,1180.0,3686.75,6187.6,False
Logistic Regression,0.998,0.72807,0.838384,0.779343,83,31,16,56832,7366.6,2507.75,1140.0,3647.75,6226.6,False
Logistic Regression,0.999,0.734513,0.838384,0.783019,83,30,16,56833,7366.6,2507.75,1130.0,3637.75,6236.6,True
Isolation Forest,0.001,0.001738,1.0,0.00347,99,56862,0,1,9874.35,0.0,569610.0,569610.0,-559735.65,False
Isolation Forest,0.002,0.001738,1.0,0.00347,99,56862,0,1,9874.35,0.0,569610.0,569610.0,-559735.65,False
Isolation Forest,0.003,0.001738,1.0,0.00347,99,56860,0,3,9874.35,0.0,569590.0,569590.0,-559715.65,False
Isolation Forest,0.004,0.001738,1.0,0.00347,99,56858,0,5,9874.35,0.0,569570.0,569570.0,-559695.65,False
Isolation Forest,0.005,0.001738,1.0,0.00347,99,56858,0,5,9874.35,0.0,569570.0,569570.0,-559695.65,False
Isolation Forest,0.006,0.001738,1.0,0.00347,99,56857,0,6,9874.35,0.0,569560.0,569560.0,-559685.65,False
Isolation Forest,0.007,0.001738,1.0,0.003471,99,56851,0,12,9874.35,0.0,569500.0,569500.0,-559625.65,False
Isolation Forest,0.008,0.001738,1.0,0.003471,99,56849,0,14,9874.35,0.0,569480.0,569480.0,-559605.65,False
Isolation Forest,0.009,0.001739,1.0,0.003471,99,56843,0,20,9874.35,0.0,569420.0,569420.0,-559545.65,False
Isolation Forest,0.01,0.001739,1.0,0.003471,99,56839,0,24,9874.35,0.0,569380.0,569380.0,-559505.65,False
Isolation Forest,0.011,0.001739,1.0,0.003472,99,56825,0,38,9874.35,0.0,569240.0,569240.0,-559365.65,False
Isolation Forest,0.012,0.001739,1.0,0.003473,99,56815,0,48,9874.35,0.0,569140.0,569140.0,-559265.65,False
Isolation Forest,0.013,0.00174,1.0,0.003474,99,56800,0,63,9874.35,0.0,568990.0,568990.0,-559115.65,False
Isolation Forest,0.014,0.00174,1.0,0.003475,99,56788,0,75,9874.35,0.0,568870.0,568870.0,-558995.65,False
Isolation Forest,0.015,0.001741,1.0,0.003477,99,56755,0,108,9874.35,0.0,568540.0,568540.0,-558665.65,False
Isolation Forest,0.016,0.001742,1.0,0.003479,99,56716,0,147,9874.35,0.0,568150.0,568150.0,-558275.65,False
Isolation Forest,0.017,0.001743,1.0,0.003481,99,56687,0,176,9874.35,0.0,567860.0,567860.0,-557985.65,False
Isolation Forest,0.018,0.001745,1.0,0.003484,99,56637,0,226,9874.35,0.0,567360.0,567360.0,-557485.65,False
Isolation Forest,0.019,0.001746,1.0,0.003487,99,56588,0,275,9874.35,0.0,566870.0,566870.0,-556995.65,False
Isolation Forest,0.02,0.001748,1.0,0.00349,99,56529,0,334,9874.35,0.0,566280.0,566280.0,-556405.65,False
Isolation Forest,0.021,0.00175,1.0,0.003494,99,56466,0,397,9874.35,0.0,565650.0,565650.0,-555775.65,False
Isolation Forest,0.022,0.001753,1.0,0.0035,99,56378,0,485,9874.35,0.0,564770.0,564770.0,-554895.65,False
Isolation Forest,0.023,0.001756,1.0,0.003506,99,56275,0,588,9874.35,0.0,563740.0,563740.0,-553865.65,False
Isolation Forest,0.024,0.001759,1.0,0.003512,99,56185,0,678,9874.35,0.0,562840.0,562840.0,-552965.65,False
Isolation Forest,0.025,0.001762,1.0,0.003518,99,56086,0,777,9874.35,0.0,561850.0,561850.0,-551975.65,False
Isolation Forest,0.026,0.001765,1.0,0.003524,99,55987,0,876,9874.35,0.0,560860.0,560860.0,-550985.65,False
Isolation Forest,0.027,0.001769,1.0,0.003532,99,55868,0,995,9874.35,0.0,559670.0,559670.0,-549795.65,False
Isolation Forest,0.028,0.001772,1.0,0.003539,99,55757,0,1106,9874.35,0.0,558560.0,558560.0,-548685.65,False
Isolation Forest,0.029,0.001776,1.0,0.003546,99,55635,0,1228,9874.35,0.0,557340.0,557340.0,-547465.65,False
Isolation Forest,0.03,0.001781,1.0,0.003557,99,55473,0,1390,9874.35,0.0,555720.0,555720.0,-545845.65,False
Isolation Forest,0.031,0.001786,1.0,0.003565,99,55343,0,1520,9874.35,0.0,554420.0,554420.0,-544545.65,False
Isolation Forest,0.032,0.001791,1.0,0.003575,99,55184,0,1679,9874.35,0.0,552830.0,552830.0,-542955.65,False
Isolation Forest,0.033,0.001797,1.0,0.003587,99,55000,0,1863,9874.35,0.0,550990.0,550990.0,-541115.65,False
Isolation Forest,0.034,0.001803,1.0,0.003599,99,54814,0,2049,9874.35,0.0,549130.0,549130.0,-539255.65,False
Isolation Forest,0.035,0.00181,1.0,0.003613,99,54598,0,2265,9874.35,0.0,546970.0,546970.0,-537095.65,False
Isolation Forest,0.036,0.001816,1.0,0.003626,99,54404,0,2459,9874.35,0.0,545030.0,545030.0,-535155.65,False
Isolation Forest,0.037,0.001824,1.0,0.003642,99,54169,0,2694,9874.35,0.0,542680.0,542680.0,-532805.65,False
Isolation Forest,0.038,0.001832,1.0,0.003657,99,53939,0,2924,9874.35,0.0,540380.0,540380.0,-530505.65,False
Isolation Forest,0.039,0.001841,1.0,0.003675,99,53683,0,3180,9874.35,0.0,537820.0,537820.0,-527945.65,False
Isolation Forest,0.04,0.001849,1.0,0.003692,99,53438,0,3425,9874.35,0.0,535370.0,535370.0,-525495.65,False
Isolation Forest,0.041,0.001857,1.0,0.003707,99,53209,0,3654,9874.35,0.0,533080.0,533080.0,-523205.65,False
Isolation Forest,0.042,0.001867,1.0,0.003726,99,52937,0,3926,9874.35,0.0,530360.0,530360.0,-520485.65,False
Isolation Forest,0.043,0.001876,1.0,0.003745,99,52668,0,4195,9874.35,0.0,527670.0,527670.0,-517795.65,False
Isolation Forest,0.044,0.001887,1.0,0.003767,99,52367,0,4496,9874.35,0.0,524660.0,524660.0,-514785.65,False
Isolation Forest,0.045,0.001897,1.0,0.003787,99,52083,0,4780,9874.35,0.0,521820.0,521820.0,-511945.65,False
Isolation Forest,0.046,0.001888,0.989899,0.003769,98,51804,1,5059,9869.86,4.49,519020.0,519024.49,-509150.14,False
Isolation Forest,0.047,0.001899,0.989899,0.003791,98,51507,1,5356,9869.86,4.49,516050.0,516054.49,-506180.14,False
Isolation Forest,0.048,0.00191,0.989899,0.003812,98,51218,1,5645,9869.86,4.49,513160.0,513164.49,-503290.14,False
Isolation Forest,0.049,0.001922,0.989899,0.003836,98,50897,1,5966,9869.86,4.49,509950.0,509954.49,-500080.14,False
Isolation Forest,0.05,0.001933,0.989899,0.003859,98,50589,1,6274,9869.86,4.49,506870.0,506874.49,-497000.14,False
Isolation Forest,0.051,0.001947,0.989899,0.003887,98,50232,1,6631,9869.86,4.49,503300.0,503304.49,-493430.14,False
Isolation Forest,0.052,0.00196,0.989899,0.003912,98,49908,1,6955,9869.86,4.49,500060.0,500064.49,-490190.14,False
Isolation Forest,0.053,0.001973,0.989899,0.003938,98,49570,1,7293,9869.86,4.49,496680.0,496684.49,-486810.14,False
Isolation Forest,0.054,0.001988,0.989899,0.003967,98,49207,1,7656,9869.86,4.49,493050.0,493054.49,-483180.14,False
Isolation Forest,0.055,0.002001,0.989899,0.003994,98,48873,1,7990,9869.86,4.49,489710.0,489714.49,-479840.14,False
Isolation Forest,0.056,0.002016,0.989899,0.004023,98,48518,1,8345,9869.86,4.49,486160.0,486164.49,-476290.14,False
Isolation Forest,0.057,0.00203,0.989899,0.004051,98,48181,1,8682,9869.86,4.49,482790.0,482794.49,-472920.14,False
Isolation Forest,0.058,0.002044,0.989899,0.004079,98,47858,1,9005,9869.86,4.49,479560.0,479564.49,-469690.14,False
Isolation Forest,0.059,0.002059,0.989899,0.004108,98,47509,1,9354,9869.86,4.49,476070.0,476074.49,-466200.14,False
Isolation Forest,0.06,0.002073,0.989899,0.004138,98,47172,1,9691,9869.86,4.49,472700.0,472704.49,-462830.14,False
Isolation Forest,0.061,0.002088,0.989899,0.004167,98,46840,1,10023,9869.86,4.49,469380.0,469384.49,-459510.14,False
Isolation Forest,0.062,0.002103,0.989899,0.004196,98,46510,1,10353,9869.86,4.49,466080.0,466084.49,-456210.14,False
Isolation Forest,0.063,0.002115,0.989899,0.004222,98,46229,1,10634,9869.86,4.49,463270.0,463274.49,-453400.14,False
Isolation Forest,0.064,0.002131,0.989899,0.004252,98,45898,1,10965,9869.86,4.49,459960.0,459964.49,-450090.14,False
Isolation Forest,0.065,0.002147,0.989899,0.004285,98,45548,1,11315,9869.86,4.49,456460.0,456464.49,-446590.14,False
Isolation Forest,0.066,0.002163,0.989899,0.004316,98,45217,1,11646,9869.86,4.49,453150.0,453154.49,-443280.14,False
Isolation Forest,0.067,0.002179,0.989899,0.004348,98,44884,1,11979,9869.86,4.49,449820.0,449824.49,-439950.14,False
Isolation Forest,0.068,0.002196,0.989899,0.004382,98,44534,1,12329,9869.86,4.49,446320.0,446324.49,-436450.14,False
Isolation Forest,0.069,0.002212,0.989899,0.004414,98,44212,1,12651,9869.86,4.49,443100.0,443104.49,-433230.14,False
Isolation Forest,0.07,0.00223,0.989899,0.00445,98,43846,1,13017,9869.86,4.49,439440.0,439444.49,-429570.14,False
Isolation Forest,0.071,0.00225,0.989899,0.00449,98,43451,1,13412,9869.86,4.49,435490.0,435494.49,-425620.14,False
Isolation Forest,0.072,0.002267,0.989899,0.004523,98,43139,1,13724,9869.86,4.49,432370.0,432374.49,-422500.14,False
Isolation Forest,0.073,0.002284,0.989899,0.004558,98,42808,1,14055,9869.86,4.49,429060.0,429064.49,-419190.14,False
Isolation Forest,0.074,0.002303,0.989899,0.004596,98,42448,1,14415,9869.86,4.49,425460.0,425464.49,-415590.14,False
Isolation Forest,0.075,0.002321,0.989899,0.004632,98,42117,1,14746,9869.86,4.49,422150.0,422154.49,-412280.14,False
Isolation Forest,0.076,0.002339,0.989899,0.004666,98,41807,1,15056,9869.86,4.49,419050.0,419054.49,-409180.14,False
Isolation Forest,0.077,0.002357,0.989899,0.004703,98,41481,1,15382,9869.86,4.49,415790.0,415794.49,-405920.14,False
Isolation Forest,0.078,0.002377,0.989899,0.004743,98,41131,1,15732,9869.86,4.49,412290.0,412294.49,-402420.14,False
Isolation Forest,0.079,0.002394,0.989899,0.004776,98,40843,1,16020,9869.86,4.49,409410.0,409414.49,-399540.14,False
Isolation Forest,0.08,0.002413,0.989899,0.004813,98,40522,1,16341,9869.86,4.49,406200.0,406204.49,-396330.14,False
Isolation Forest,0.081,0.002432,0.989899,0.004853,98,40191,1,16672,9869.86,4.49,402890.0,402894.49,-393020.14,False
Isolation Forest,0.082,0.002452,0.989899,0.004891,98,39874,1,16989,9869.86,4.49,399720.0,399724.49,-389850.14,False
Isolation Forest,0.083,0.002472,0.989899,0.004933,98,39538,1,17325,9869.86,4.49,396360.0,396364.49,-386490.14,False
Isolation Forest,0.084,0.002493,0.989899,0.004973,98,39213,1,17650,9869.86,4.49,393110.0,393114.49,-383240.14,False
Isolation Forest,0.085,0.002513,0.989899,0.005012,98,38906,1,17957,9869.86,4.49,390040.0,390044.49,-380170.14,False
Isolation Forest,0.086,0.002535,0.989899,0.005056,98,38568,1,18295,9869.86,4.49,386660.0,386664.49,-376790.14,False
Isolation Forest,0.087,0.002555,0.989899,0.005096,98,38261,1,18602,9869.86,4.49,383590.0,383594.49,-373720.14,False
Isolation Forest,0.088,0.002576,0.989899,0.005139,98,37940,1,18923,9869.86,4.49,380380.0,380384.49,-370510.14,False
Isolation Forest,0.089,0.002598,0.989899,0.005182,98,37629,1,19234,9869.86,4.49,377270.0,377274.49,-367400.14,False
Isolation Forest,0.09,0.002621,0.989899,0.005228,98,37291,1,19572,9869.86,4.49,373890.0,373894.49,-364020.14,False
Isolation Forest,0.091,0.002642,0.989899,0.005271,98,36989,1,19874,9869.86,4.49,370870.0,370874.49,-361000.14,False
Isolation Forest,0.092,0.002666,0.989899,0.005318,98,36662,1,20201,9869.86,4.49,367600.0,367604.49,-357730.14,False
Isolation Forest,0.093,0.002664,0.979798,0.005313,97,36319,2,20544,9868.86,5.49,364160.0,364165.49,-354291.14,False
Isolation Forest,0.094,0.002686,0.979798,0.005357,97,36015,2,20848,9868.86,5.49,361120.0,361125.49,-351251.14,False
Isolation Forest,0.095,0.002712,0.979798,0.005409,97,35671,2,21192,9868.86,5.49,357680.0,357685.49,-347811.14,False
Isolation Forest,0.096,0.002738,0.979798,0.005461,97,35328,2,21535,9868.86,5.49,354250.0,354255.49,-344381.14,False
Isolation Forest,0.097,0.002763,0.979798,0.005511,97,35009,2,21854,9868.86,5.49,351060.0,351065.49,-341191.14,False
Isolation Forest,0.098,0.002792,0.979798,0.005569,97,34640,2,22223,9868.86,5.49,347370.0,347375.49,-337501.14,False
Isolation Forest,0.099,0.002822,0.979798,0.005627,97,34281,2,22582,9868.86,5.49,343780.0,343785.49,-333911.14,False
Isolation Forest,0.1,0.002848,0.979798,0.005679,97,33965,2,22898,9868.86,5.49,340620.0,340625.49,-330751.14,False
Isolation Forest,0.101,0.002876,0.979798,0.005735,97,33633,2,23230,9868.86,5.49,337300.0,337305.49,-327431.14,False
Isolation Forest,0.102,0.002905,0.979798,0.005792,97,33296,2,23567,9868.86,5.49,333930.0,333935.49,-324061.14,False
Isolation Forest,0.103,0.002936,0.979798,0.005854,97,32945,2,23918,9868.86,5.49,330420.0,330425.49,-320551.14,False
Isolation Forest,0.104,0.002966,0.979798,0.005914,97,32605,2,24258,9868.86,5.49,327020.0,327025.49,-317151.14,False
Isolation Forest,0.105,0.002995,0.979798,0.005972,97,32290,2,24573,9868.86,5.49,323870.0,323875.49,-314001.14,False
Isolation Forest,0.106,0.003026,0.979798,0.006034,97,31955,2,24908,9868.86,5.49,320520.0,320525.49,-310651.14,False
Isolation Forest,0.107,0.003056,0.979798,0.006094,97,31640,2,25223,9868.86,5.49,317370.0,317375.49,-307501.14,False
Isolation Forest,0.108,0.00309,0.979798,0.006161,97,31291,2,25572,9868.86,5.49,313880.0,313885.49,-304011.14,False
Isolation Forest,0.109,0.003122,0.979798,0.006225,97,30969,2,25894,9868.86,5.49,310660.0,310665.49,-300791.14,False
Isolation Forest,0.11,0.003123,0.969697,0.006226,96,30642,3,26221,9826.33,48.02,307380.0,307428.02,-297553.67,False
Isolation Forest,0.111,0.003158,0.969697,0.006296,96,30302,3,26561,9826.33,48.02,303980.0,304028.02,-294153.67,False
Isolation Forest,0.112,0.003188,0.969697,0.006356,96,30014,3,26849,9826.33,48.02,301100.0,301148.02,-291273.67,False
Isolation Forest,0.113,0.003219,0.969697,0.006416,96,29728,3,27135,9826.33,48.02,298240.0,298288.02,-288413.67,False
Isolation Forest,0.114,0.003256,0.969697,0.00649,96,29388,3,27475,9826.33,48.02,294840.0,294888.02,-285013.67,False
Isolation Forest,0.115,0.00329,0.969697,0.006559,96,29079,3,27784,9826.33,48.02,291750.0,291798.02,-281923.67,False
Isolation Forest,0.116,0.003327,0.969697,0.006632,96,28755,3,28108,9826.33,48.02,288510.0,288558.02,-278683.67,False
Isolation Forest,0.117,0.003364,0.969697,0.006706,96,28438,3,28425,9826.33,48.02,285340.0,285388.02,-275513.67,False
Isolation Forest,0.118,0.003406,0.969697,0.006788,96,28091,3,28772,9826.33,48.02,281870.0,281918.02,-272043.67,False
Isolation Forest,0.119,0.003443,0.969697,0.006861,96,27789,3,29074,9826.33,48.02,278850.0,278898.02,-269023.67,False
Isolation Forest,0.12,0.003481,0.969697,0.006938,96,27480,3,29383,9826.33,48.02,275760.0,275808.02,-265933.67,False
Isolation Forest,0.121,0.003522,0.969697,0.007019,96,27158,3,29705,9826.33,48.02,272540.0,272588.02,-262713.67,False
Isolation Forest,0.122,0.003563,0.969697,0.007099,96,26850,3,30013,9826.33,48.02,269460.0,269508.02,-259633.67,False
Isolation Forest,0.123,0.003603,0.969697,0.007179,96,26548,3,30315,9826.33,48.02,266440.0,266488.02,-256613.67,False
Isolation Forest,0.124,0.003645,0.969697,0.007263,96,26241,3,30622,9826.33,48.02,263370.0,263418.02,-253543.67,False
Isolation Forest,0.125,0.003686,0.969697,0.007345,96,25947,3,30916,9826.33,48.02,260430.0,260478.02,-250603.67,False
Isolation Forest,0.126,0.00373,0.969697,0.007432,96,25639,3,31224,9826.33,48.02,257350.0,257398.02,-247523.67,False
Isolation Forest,0.127,0.003777,0.969697,0.007526,96,25318,3,31545,9826.33,48.02,254140.0,254188.02,-244313.67,False
Isolation Forest,0.128,0.003822,0.969697,0.007614,96,25023,3,31840,9826.33,48.02,251190.0,251238.02,-241363.67,False
Isolation Forest,0.129,0.003871,0.969697,0.007711,96,24705,3,32158,9826.33,48.02,248010.0,248058.02,-238183.67,False
Isolation Forest,0.13,0.003918,0.969697,0.007805,96,24405,3,32458,9826.33,48.02,245010.0,245058.02,-235183.67,False
Isolation Forest,0.131,0.003967,0.969697,0.007902,96,24102,3,32761,9826.33,48.02,241980.0,242028.02,-232153.67,False
Isolation Forest,0.132,0.004015,0.969697,0.007996,96,23817,3,33046,9826.33,48.02,239130.0,239178.02,-229303.67,False
Isolation Forest,0.133,0.004061,0.969697,0.008088,96,23545,3,33318,9826.33,48.02,236410.0,236458.02,-226583.67,False
Isolation Forest,0.134,0.004106,0.969697,0.008178,96,23284,3,33579,9826.33,48.02,233800.0,233848.02,-223973.67,False
Isolation Forest,0.135,0.004155,0.969697,0.008276,96,23006,3,33857,9826.33,48.02,231020.0,231068.02,-221193.67,False
Isolation Forest,0.136,0.004204,0.969697,0.008371,96,22740,3,34123,9826.33,48.02,228360.0,228408.02,-218533.67,False
Isolation Forest,0.137,0.004251,0.969697,0.008466,96,22485,3,34378,9826.33,48.02,225810.0,225858.02,-215983.67,False
Isolation Forest,0.138,0.004308,0.969697,0.008578,96,22189,3,34674,9826.33,48.02,222850.0,222898.02,-213023.67,False
Isolation Forest,0.139,0.004321,0.959596,0.008603,95,21892,4,34971,9277.27,597.08,219870.0,220467.08,-210592.73,False
Isolation Forest,0.14,0.004375,0.959596,0.00871,95,21621,4,35242,9277.27,597.08,217160.0,217757.08,-207882.73,False
Isolation Forest,0.141,0.004428,0.959596,0.008815,95,21360,4,35503,9277.27,597.08,214550.0,215147.08,-205272.73,False
Isolation Forest,0.142,0.004483,0.959596,0.008924,95,21097,4,35766,9277.27,597.08,211920.0,212517.08,-202642.73,False
Isolation Forest,0.143,0.004533,0.959596,0.009023,95,20863,4,36000,9277.27,597.08,209580.0,210177.08,-200302.73,False
Isolation Forest,0.144,0.00459,0.959596,0.009137,95,20600,4,36263,9277.27,597.08,206950.0,207547.08,-197672.73,False
Isolation Forest,0.145,0.00465,0.959596,0.009254,95,20337,4,36526,9277.27,597.08,204320.0,204917.08,-195042.73,False
Isolation Forest,0.146,0.004713,0.959596,0.00938,95,20062,4,36801,9277.27,597.08,201570.0,202167.08,-192292.73,False
Isolation Forest,0.147,0.004775,0.959596,0.009502,95,19801,4,37062,9277.27,597.08,198960.0,199557.08,-189682.73,False
Isolation Forest,0.148,0.004836,0.959596,0.009624,95,19548,4,37315,9277.27,597.08,196430.0,197027.08,-187152.73,False
Isolation Forest,0.149,0.004902,0.959596,0.009755,95,19283,4,37580,9277.27,597.08,193780.0,194377.08,-184502.73,False
Isolation Forest,0.15,0.004966,0.959596,0.009881,95,19035,4,37828,9277.27,597.08,191300.0,191897.08,-182022.73,False
Isolation Forest,0.151,0.005027,0.959596,0.010002,95,18803,4,38060,9277.27,597.08,188980.0,189577.08,-179702.73,False
Isolation Forest,0.152,0.005038,0.949495,0.010023,94,18564,5,38299,9275.48,598.87,186580.0,187178.87,-177304.52,False
Isolation Forest,0.153,0.005109,0.949495,0.010164,94,18304,5,38559,9275.48,598.87,183980.0,184578.87,-174704.52,False
Isolation Forest,0.154,0.005179,0.949495,0.010302,94,18056,5,38807,9275.48,598.87,181500.0,182098.87,-172224.52,False
Isolation Forest,0.155,0.005246,0.949495,0.010433,94,17826,5,39037,9275.48,598.87,179200.0,179798.87,-169924.52,False
Isolation Forest,0.156,0.005317,0.949495,0.010575,94,17584,5,39279,9275.48,598.87,176780.0,177378.87,-167504.52,False
Isolation Forest,0.157,0.005387,0.949495,0.010712,94,17357,5,39506,9275.48,598.87,174510.0,175108.87,-165234.52,False
Isolation Forest,0.158,0.005454,0.949495,0.010845,94,17142,5,39721,9275.48,598.87,172360.0,172958.87,-163084.52,False
Isolation Forest,0.159,0.005519,0.949495,0.010974,94,16938,5,39925,9275.48,598.87,170320.0,170918.87,-161044.52,False
Isolation Forest,0.16,0.005604,0.949495,0.011142,94,16680,5,40183,9275.48,598.87,167740.0,168338.87,-158464.52,False
Isolation Forest,0.161,0.005682,0.949495,0.011297,94,16449,5,40414,9275.48,598.87,165430.0,166028.87,-156154.52,False
Isolation Forest,0.162,0.005759,0.949495,0.011449,94,16228,5,40635,9275.48,598.87,163220.0,163818.87,-153944.52,False
Isolation Forest,0.163,0.00584,0.949495,0.011609,94,16001,5,40862,9275.48,598.87,160950.0,161548.87,-151674.52,False
Isolation Forest,0.164,0.005924,0.949495,0.011774,94,15774,5,41089,9275.48,598.87,158680.0,159278.87,-149404.52,False
Isolation Forest,0.165,0.005998,0.949495,0.01192,94,15579,5,41284,9275.48,598.87,156730.0,157328.87,-147454.52,False
Isolation Forest,0.166,0.006088,0.949495,0.012098,94,15347,5,41516,9275.48,598.87,154410.0,155008.87,-145134.52,False
Isolation Forest,0.167,0.006169,0.949495,0.012258,94,15144,5,41719,9275.48,598.87,152380.0,152978.87,-143104.52,False
Isolation Forest,0.168,0.006249,0.949495,0.012417,94,14948,5,41915,9275.48,598.87,150420.0,151018.87,-141144.52,False
Isolation Forest,0.169,0.006321,0.949495,0.012558,94,14778,5,42085,9275.48,598.87,148720.0,149318.87,-139444.52,False
Isolation Forest,0.17,0.006401,0.949495,0.012716,94,14592,5,42271,9275.48,598.87,146860.0,147458.87,-137584.52,False
Isolation Forest,0.171,0.006489,0.949495,0.012889,94,14393,5,42470,9275.48,598.87,144870.0,145468.87,-135594.52,False
Isolation Forest,0.172,0.006569,0.949495,0.013048,94,14215,5,42648,9275.48,598.87,143090.0,143688.87,-133814.52,False
Isolation Forest,0.173,0.006657,0.949495,0.013221,94,14027,5,42836,9275.48,598.87,141210.0,141808.87,-131934.52,False
Isolation Forest,0.174,0.006746,0.949495,0.013397,94,13840,5,43023,9275.48,598.87,139340.0,139938.87,-130064.52,False
Isolation Forest,0.175,0.006831,0.949495,0.013565,94,13666,5,43197,9275.48,598.87,137600.0,138198.87,-128324.52,False
Isolation Forest,0.176,0.006929,0.949495,0.013758,94,13472,5,43391,9275.48,598.87,135660.0,136258.87,-126384.52,False
Isolation Forest,0.177,0.007026,0.949495,0.01395,94,13284,5,43579,9275.48,598.87,133780.0,134378.87,-124504.52,False
Isolation Forest,0.178,0.00712,0.949495,0.014133,94,13109,5,43754,9275.48,598.87,132030.0,132628.87,-122754.52,False
Isolation Forest,0.179,0.007207,0.949495,0.014306,94,12948,5,43915,9275.48,598.87,130420.0,131018.87,-121144.52,False
Isolation Forest,0.18,0.007231,0.939394,0.014351,93,12769,6,44094,9066.9,807.45,128620.0,129427.45,-119553.1,False
Isolation Forest,0.181,0.007329,0.939394,0.014545,93,12596,6,44267,9066.9,807.45,126890.0,127697.45,-117823.1,False
Isolation Forest,0.182,0.007429,0.939394,0.014742,93,12425,6,44438,9066.9,807.45,125180.0,125987.45,-116113.1,False
Isolation Forest,0.183,0.007533,0.939394,0.014947,93,12252,6,44611,9066.9,807.45,123450.0,124257.45,-114383.1,False
Isolation Forest,0.184,0.007632,0.939394,0.015142,93,12092,6,44771,9066.9,807.45,121850.0,122657.45,-112783.1,False
Isolation Forest,0.185,0.007747,0.939394,0.015367,93,11912,6,44951,9066.9,807.45,120050.0,120857.45,-110983.1,False
Isolation Forest,0.186,0.007856,0.939394,0.015582,93,11745,6,45118,9066.9,807.45,118380.0,119187.45,-109313.1,False
Isolation Forest,0.187,0.007958,0.939394,0.015783,93,11593,6,45270,9066.9,807.45,116860.0,117667.45,-107793.1,False
Isolation Forest,0.188,0.008066,0.939394,0.015994,93,11437,6,45426,9066.9,807.45,115300.0,116107.45,-106233.1,False
Isolation Forest,0.189,0.008173,0.939394,0.016205,93,11286,6,45577,9066.9,807.45,113790.0,114597.45,-104723.1,False
Isolation Forest,0.19,0.008264,0.939394,0.016383,93,11161,6,45702,9066.9,807.45,112540.0,113347.45,-103473.1,False
Isolation Forest,0.191,0.008383,0.939394,0.016618,93,11001,6,45862,9066.9,807.45,110940.0,111747.45,-101873.1,False
Isolation Forest,0.192,0.008501,0.939394,0.016849,93,10847,6,46016,9066.9,807.45,109400.0,110207.45,-100333.1,False
Isolation Forest,0.193,0.008604,0.939394,0.017052,93,10716,6,46147,9066.9,807.45,108090.0,108897.45,-99023.1,False
Isolation Forest,0.194,0.008722,0.939394,0.017283,93,10570,6,46293,9066.9,807.45,106630.0,107437.45,-97563.1,False
Isolation Forest,0.195,0.008838,0.939394,0.017511,93,10430,6,46433,9066.9,807.45,105230.0,106037.45,-96163.1,False
Isolation Forest,0.196,0.008957,0.939394,0.017745,93,10290,6,46573,9066.9,807.45,103830.0,104637.45,-94763.1,False
Isolation Forest,0.197,0.009075,0.939394,0.017976,93,10155,6,46708,9066.9,807.45,102480.0,103287.45,-93413.1,False
Isolation Forest,0.198,0.009078,0.929293,0.017981,92,10042,7,46821,9066.14,808.21,101340.0,102148.21,-92273.86,False
Isolation Forest,0.199,0.009188,0.929293,0.018196,92,9921,7,46942,9066.14,808.21,100130.0,100938.21,-91063.86,False
Isolation Forest,0.2,0.009228,0.919192,0.018273,91,9770,8,47093,9066.14,808.21,98610.0,99418.21,-89543.86,False
Isolation Forest,0.201,0.009339,0.919192,0.01849,91,9653,8,47210,9066.14,808.21,97440.0,98248.21,-88373.86,False
Isolation Forest,0.202,0.009463,0.919192,0.018734,91,9525,8,47338,9066.14,808.21,96160.0,96968.21,-87093.86,False
Isolation Forest,0.203,0.009588,0.919192,0.018978,91,9400,8,47463,9066.14,808.21,94910.0,95718.21,-85843.86,False
Isolation Forest,0.204,0.009715,0.919192,0.019227,91,9276,8,47587,9066.14,808.21,93670.0,94478.21,-84603.86,False
Isolation Forest,0.205,0.009747,0.909091,0.019286,90,9144,9,47719,8431.84,1442.51,92340.0,93782.51,-83908.16,False
Isolation Forest,0.206,0.00986,0.909091,0.019508,90,9038,9,47825,8431.84,1442.51,91280.0,92722.51,-82848.16,False
Isolation Forest,0.207,0.009958,0.909091,0.0197,90,8948,9,47915,8431.84,1442.51,90380.0,91822.51,-81948.16,False
Isolation Forest,0.208,0.010077,0.909091,0.019934,90,8841,9,48022,8431.84,1442.51,89310.0,90752.51,-80878.16,False
Isolation Forest,0.209,0.010209,0.909091,0.020191,90,8726,9,48137,8431.84,1442.51,88160.0,89602.51,-79728.16,False
Isolation Forest,0.21,0.01032,0.909091,0.020408,90,8631,9,48232,8431.84,1442.51,87210.0,88652.51,-78778.16,False
Isolation Forest,0.211,0.010431,0.909091,0.020626,90,8538,9,48325,8431.84,1442.51,86280.0,87722.51,-77848.16,False
Isolation Forest,0.212,0.010573,0.909091,0.020903,90,8422,9,48441,8431.84,1442.51,85120.0,86562.51,-76688.16,False
Isolation Forest,0.213,0.010703,0.909091,0.021157,90,8319,9,48544,8431.84,1442.51,84090.0,85532.51,-75658.16,False
Isolation Forest,0.214,0.010808,0.909091,0.021362,90,8237,9,48626,8431.84,1442.51,83270.0,84712.51,-74838.16,False
Isolation Forest,0.215,0.01095,0.909091,0.02164,90,8129,9,48734,8431.84,1442.51,82190.0,83632.51,-73758.16,False
Isolation Forest,0.216,0.011074,0.909091,0.021882,90,8037,9,48826,8431.84,1442.51,81270.0,82712.51,-72838.16,False
Isolation Forest,0.217,0.011198,0.909091,0.022124,90,7947,9,48916,8431.84,1442.51,80370.0,81812.51,-71938.16,False
Isolation Forest,0.218,0.011348,0.909091,0.022416,90,7841,9,49022,8431.84,1442.51,79310.0,80752.51,-70878.16,False
Isolation Forest,0.219,0.011485,0.909091,0.022684,90,7746,9,49117,8431.84,1442.51,78360.0,79802.51,-69928.16,False
Isolation Forest,0.22,0.011641,0.909091,0.022989,90,7641,9,49222,8431.84,1442.51,77310.0,78752.51,-68878.16,False
Isolation Forest,0.221,0.011782,0.909091,0.023262,90,7549,9,49314,8431.84,1442.51,76390.0,77832.51,-67958.16,False
Isolation Forest,0.222,0.011919,0.909091,0.023529,90,7461,9,49402,8431.84,1442.51,75510.0,76952.51,-67078.16,False
Isolation Forest,0.223,0.012061,0.909091,0.023806,90,7372,9,49491,8431.84,1442.51,74620.0,76062.51,-66188.16,False
Isolation Forest,0.224,0.012195,0.909091,0.024067,90,7290,9,49573,8431.84,1442.51,73800.0,75242.51,-65368.16,False
Isolation Forest,0.225,0.012319,0.909091,0.024308,90,7216,9,49647,8431.84,1442.51,73060.0,74502.51,-64628.16,False
Isolation Forest,0.226,0.012472,0.909091,0.024607,90,7126,9,49737,8431.84,1442.51,72160.0,73602.51,-63728.16,False
Isolation Forest,0.227,0.012617,0.909091,0.024889,90,7043,9,49820,8431.84,1442.51,71330.0,72772.51,-62898.16,False
Isolation Forest,0.228,0.012753,0.909091,0.025154,90,6967,9,49896,8431.84,1442.51,70570.0,72012.51,-62138.16,False
Isolation Forest,0.229,0.012723,0.89899,0.025092,89,6906,10,49957,8430.84,1443.51,69950.0,71393.51,-61519.16,False
Isolation Forest,0.23,0.012872,0.89899,0.025381,89,6825,10,50038,8430.84,1443.51,69140.0,70583.51,-60709.16,False
Isolation Forest,0.231,0.013029,0.89899,0.025685,89,6742,10,50121,8430.84,1443.51,68310.0,69753.51,-59879.16,False
Isolation Forest,0.232,0.013179,0.89899,0.025978,89,6664,10,50199,8430.84,1443.51,67530.0,68973.51,-59099.16,False
Isolation Forest,0.233,0.013353,0.89899,0.026316,89,6576,10,50287,8430.84,1443.51,66650.0,68093.51,-58219.16,False
Isolation Forest,0.234,0.013522,0.89899,0.026643,89,6493,10,50370,8430.84,1443.51,65820.0,67263.51,-57389.16,False
Isolation Forest,0.235,0.01368,0.89899,0.026949,89,6417,10,50446,8430.84,1443.51,65060.0,66503.51,-56629.16,False
Isolation Forest,0.236,0.013824,0.89899,0.02723,89,6349,10,50514,8430.84,1443.51,64380.0,65823.51,-55949.16,False
Isolation Forest,0.237,0.013983,0.89899,0.027537,89,6276,10,50587,8430.84,1443.51,63650.0,65093.51,-55219.16,False
Isolation Forest,0.238,0.014145,0.89899,0.027852,89,6203,10,50660,8430.84,1443.51,62920.0,64363.51,-54489.16,False
Isolation Forest,0.239,0.014306,0.89899,0.028165,89,6132,10,50731,8430.84,1443.51,62210.0,63653.51,-53779.16,False
Isolation Forest,0.24,0.014434,0.89899,0.028412,89,6077,10,50786,8430.84,1443.51,61660.0,63103.51,-53229.16,False
Isolation Forest,0.241,0.014607,0.89899,0.028747,89,6004,10,50859,8430.84,1443.51,60930.0,62373.51,-52499.16,False
Isolation Forest,0.242,0.014787,0.89899,0.029094,89,5930,10,50933,8430.84,1443.51,60190.0,61633.51,-51759.16,False
Isolation Forest,0.243,0.01494,0.89899,0.029392,89,5868,10,50995,8430.84,1443.51,59570.0,61013.51,-51139.16,False
Isolation Forest,0.244,0.015098,0.89899,0.029696,89,5806,10,51057,8430.84,1443.51,58950.0,60393.51,-50519.16,False
Isolation Forest,0.245,0.015282,0.89899,0.030052,89,5735,10,51128,8430.84,1443.51,58240.0,59683.51,-49809.16,False
Isolation Forest,0.246,0.015454,0.89899,0.030386,89,5670,10,51193,8430.84,1443.51,57590.0,59033.51,-49159.16,False
Isolation Forest,0.247,0.015655,0.89899,0.030775,89,5596,10,51267,8430.84,1443.51,56850.0,58293.51,-48419.16,False
Isolation Forest,0.248,0.015822,0.89899,0.031097,89,5536,10,51327,8430.84,1443.51,56250.0,57693.51,-47819.16,False
Isolation Forest,0.249,0.015833,0.888889,0.031112,88,5470,11,51393,8429.84,1444.51,55580.0,57024.51,-47150.16,False
Isolation Forest,0.25,0.016017,0.888889,0.031468,88,5406,11,51457,8429.84,1444.51,54940.0,56384.51,-46510.16,False
Isolation Forest,0.251,0.016227,0.888889,0.031873,88,5335,11,51528,8429.84,1444.51,54230.0,55674.51,-45800.16,False
Isolation Forest,0.252,0.016427,0.888889,0.032258,88,5269,11,51594,8429.84,1444.51,53570.0,55014.51,-45140.16,False
Isolation Forest,0.253,0.016635,0.888889,0.032659,88,5202,11,51661,8429.84,1444.51,52900.0,54344.51,-44470.16,False
Isolation Forest,0.254,0.016839,0.888889,0.033052,88,5138,11,51725,8429.84,1444.51,52260.0,53704.51,-43830.16,False
Isolation Forest,0.255,0.017061,0.888889,0.033479,88,5070,11,51793,8429.84,1444.51,51580.0,53024.51,-43150.16,False
Isolation Forest,0.256,0.017191,0.888889,0.033729,88,5031,11,51832,8429.84,1444.51,51190.0,52634.51,-42760.16,False
Isolation Forest,0.257,0.017412,0.888889,0.034155,88,4966,11,51897,8429.84,1444.51,50540.0,51984.51,-42110.16,False
Isolation Forest,0.258,0.017589,0.888889,0.034496,88,4915,11,51948,8429.84,1444.51,50030.0,51474.51,-41600.16,False
Isolation Forest,0.259,0.017792,0.888889,0.034886,88,4858,11,52005,8429.84,1444.51,49460.0,50904.51,-41030.16,False
Isolation Forest,0.26,0.017989,0.888889,0.035263,88,4804,11,52059,8429.84,1444.51,48920.0,50364.51,-40490.16,False
Isolation Forest,0.261,0.018189,0.888889,0.035649,88,4750,11,52113,8429.84,1444.51,48380.0,49824.51,-39950.16,False
Isolation Forest,0.262,0.01836,0.888889,0.035977,88,4705,11,52158,8429.84,1444.51,47930.0,49374.51,-39500.16,False
Isolation Forest,0.263,0.018405,0.878788,0.036055,87,4640,12,52223,8422.78,1451.57,47270.0,48721.57,-38847.22,False
Isolation Forest,0.264,0.018606,0.878788,0.03644,87,4589,12,52274,8422.78,1451.57,46760.0,48211.57,-38337.22,False
Isolation Forest,0.265,0.018762,0.878788,0.03674,87,4550,12,52313,8422.78,1451.57,46370.0,47821.57,-37947.22,False
Isolation Forest,0.266,0.018913,0.878788,0.037029,87,4513,12,52350,8422.78,1451.57,46000.0,47451.57,-37577.22,False
Isolation Forest,0.267,0.019108,0.878788,0.037403,87,4466,12,52397,8422.78,1451.57,45530.0,46981.57,-37107.22,False
Isolation Forest,0.268,0.01932,0.878788,0.03781,87,4416,12,52447,8422.78,1451.57,45030.0,46481.57,-36607.22,False
Isolation Forest,0.269,0.019481,0.878788,0.038116,87,4379,12,52484,8422.78,1451.57,44660.0,46111.57,-36237.22,False
Isolation Forest,0.27,0.01967,0.878788,0.038479,87,4336,12,52527,8422.78,1451.57,44230.0,45681.57,-35807.22,False
Isolation Forest,0.271,0.019849,0.878788,0.038822,87,4296,12,52567,8422.78,1451.57,43830.0,45281.57,-35407.22,False
Isolation Forest,0.272,0.020041,0.878788,0.039189,87,4254,12,52609,8422.78,1451.57,43410.0,44861.57,-34987.22,False
Isolation Forest,0.273,0.020242,0.878788,0.039572,87,4211,12,52652,8422.78,1451.57,42980.0,44431.57,-34557.22,False
Isolation Forest,0.274,0.02049,0.878788,0.040046,87,4159,12,52704,8422.78,1451.57,42460.0,43911.57,-34037.22,False
Isolation Forest,0.275,0.020719,0.878788,0.040484,87,4112,12,52751,8422.78,1451.57,41990.0,43441.57,-33567.22,False
Isolation Forest,0.276,0.020929,0.878788,0.040883,87,4070,12,52793,8422.78,1451.57,41570.0,43021.57,-33147.22,False
Isolation Forest,0.277,0.021147,0.878788,0.041301,87,4027,12,52836,8422.78,1451.57,41140.0,42591.57,-32717.22,False
Isolation Forest,0.278,0.021344,0.878788,0.041677,87,3989,12,52874,8422.78,1451.57,40760.0,42211.57,-32337.22,False
Isolation Forest,0.279,0.021529,0.878788,0.042029,87,3954,12,52909,8422.78,1451.57,40410.0,41861.57,-31987.22,False
Isolation Forest,0.28,0.021728,0.878788,0.042408,87,3917,12,52946,8422.78,1451.57,40040.0,41491.57,-31617.22,False
Isolation Forest,0.281,0.021936,0.878788,0.042804,87,3879,12,52984,8422.78,1451.57,39660.0,41111.57,-31237.22,False
Isolation Forest,0.282,0.022177,0.878788,0.043262,87,3836,12,53027,8422.78,1451.57,39230.0,40681.57,-30807.22,False
Isolation Forest,0.283,0.022411,0.878788,0.043708,87,3795,12,53068,8422.78,1451.57,38820.0,40271.57,-30397.22,False
Isolation Forest,0.284,0.02265,0.878788,0.044162,87,3754,12,53109,8422.78,1451.57,38410.0,39861.57,-29987.22,False
Isolation Forest,0.285,0.022919,0.878788,0.044673,87,3709,12,53154,8422.78,1451.57,37960.0,39411.57,-29537.22,False
Isolation Forest,0.286,0.023126,0.878788,0.045066,87,3675,12,53188,8422.78,1451.57,37620.0,39071.57,-29197.22,False
Isolation Forest,0.287,0.023299,0.878788,0.045395,87,3647,12,53216,8422.78,1451.57,37340.0,38791.57,-28917.22,False
Isolation Forest,0.288,0.023507,0.878788,0.045789,87,3614,12,53249,8422.78,1451.57,37010.0,38461.57,-28587.22,False
Isolation Forest,0.289,0.023738,0.878788,0.046227,87,3578,12,53285,8422.78,1451.57,36650.0,38101.57,-28227.22,False
Isolation Forest,0.29,0.02398,0.878788,0.046686,87,3541,12,53322,8422.78,1451.57,36280.0,37731.57,-27857.22,False
Isolation Forest,0.291,0.024187,0.878788,0.047078,87,3510,12,53353,8422.78,1451.57,35970.0,37421.57,-27547.22,False
Isolation Forest,0.292,0.024363,0.878788,0.047411,87,3484,12,53379,8422.78,1451.57,35710.0,37161.57,-27287.22,False
Isolation Forest,0.293,0.024562,0.878788,0.047789,87,3455,12,53408,8422.78,1451.57,35420.0,36871.57,-26997.22,False
Isolation Forest,0.294,0.02473,0.878788,0.048106,87,3431,12,53432,8422.78,1451.57,35180.0,36631.57,-26757.22,False
Isolation Forest,0.295,0.024943,0.878788,0.048509,87,3401,12,53462,8422.78,1451.57,34880.0,36331.57,-26457.22,False
Isolation Forest,0.296,0.025145,0.878788,0.04889,87,3373,12,53490,8422.78,1451.57,34600.0,36051.57,-26177.22,False
Isolation Forest,0.297,0.025328,0.878788,0.049236,87,3348,12,53515,8422.78,1451.57,34350.0,35801.57,-25927.22,False
Isolation Forest,0.298,0.025588,0.878788,0.049728,87,3313,12,53550,8422.78,1451.57,34000.0,35451.57,-25577.22,False
Isolation Forest,0.299,0.025839,0.878788,0.050202,87,3280,12,53583,8422.78,1451.57,33670.0,35121.57,-25247.22,False
Isolation Forest,0.3,0.026025,0.878788,0.050552,87,3256,12,53607,8422.78,1451.57,33430.0,34881.57,-25007.22,False
Isolation Forest,0.301,0.026244,0.878788,0.050967,87,3228,12,53635,8422.78,1451.57,33150.0,34601.57,-24727.22,False
Isolation Forest,0.302,0.026532,0.878788,0.05151,87,3192,12,53671,8422.78,1451.57,32790.0,34241.57,-24367.22,False
Isolation Forest,0.303,0.026703,0.878788,0.051832,87,3171,12,53692,8422.78,1451.57,32580.0,34031.57,-24157.22,False
Isolation Forest,0.304,0.026985,0.878788,0.052362,87,3137,12,53726,8422.78,1451.57,32240.0,33691.57,-23817.22,False
Isolation Forest,0.305,0.026959,0.868687,0.052296,86,3104,13,53759,8421.78,1452.57,31900.0,33352.57,-23478.22,False
Isolation Forest,0.306,0.027198,0.868687,0.052745,86,3076,13,53787,8421.78,1452.57,31620.0,33072.57,-23198.22,False
Isolation Forest,0.307,0.027423,0.868687,0.053168,86,3050,13,53813,8421.78,1452.57,31360.0,32812.57,-22938.22,False
Isolation Forest,0.308,0.027366,0.858586,0.053042,85,3021,14,53842,7700.98,2173.37,31060.0,33233.37,-23359.02,False
Isolation Forest,0.309,0.027562,0.858586,0.053409,85,2999,14,53864,7700.98,2173.37,30840.0,33013.37,-23139.02,False
Isolation Forest,0.31,0.027696,0.858586,0.053662,85,2984,14,53879,7700.98,2173.37,30690.0,32863.37,-22989.02,False
Isolation Forest,0.311,0.027979,0.858586,0.054192,85,2953,14,53910,7700.98,2173.37,30380.0,32553.37,-22679.02,False
Isolation Forest,0.312,0.028249,0.858586,0.054698,85,2924,14,53939,7700.98,2173.37,30090.0,32263.37,-22389.02,False
Isolation Forest,0.313,0.028409,0.858586,0.054998,85,2907,14,53956,7700.98,2173.37,29920.0,32093.37,-22219.02,False
Isolation Forest,0.314,0.028736,0.858586,0.05561,85,2873,14,53990,7700.98,2173.37,29580.0,31753.37,-21879.02,False
Isolation Forest,0.315,0.028931,0.858586,0.055976,85,2853,14,54010,7700.98,2173.37,29380.0,31553.37,-21679.02,False
Isolation Forest,0.316,0.02916,0.858586,0.056403,85,2830,14,54033,7700.98,2173.37,29150.0,31323.37,-21449.02,False
Isolation Forest,0.317,0.02932,0.858586,0.056704,85,2814,14,54049,7700.98,2173.37,28990.0,31163.37,-21289.02,False
Isolation Forest,0.318,0.029483,0.858586,0.057009,85,2798,14,54065,7700.98,2173.37,28830.0,31003.37,-21129.02,False
Isolation Forest,0.319,0.029762,0.858586,0.05753,85,2771,14,54092,7700.98,2173.37,28560.0,30733.37,-20859.02,False
Isolation Forest,0.32,0.030046,0.858586,0.05806,85,2744,14,54119,7700.98,2173.37,28290.0,30463.37,-20589.02,False
Isolation Forest,0.321,0.030271,0.858586,0.05848,85,2723,14,54140,7700.98,2173.37,28080.0,30253.37,-20379.02,False
Isolation Forest,0.322,0.030631,0.858586,0.059151,85,2690,14,54173,7700.98,2173.37,27750.0,29923.37,-20049.02,False
Isolation Forest,0.323,0.030887,0.858586,0.059628,85,2667,14,54196,7700.98,2173.37,27520.0,29693.37,-19819.02,False
Isolation Forest,0.324,0.031239,0.858586,0.060284,85,2636,14,54227,7700.98,2173.37,27210.0,29383.37,-19509.02,False
Isolation Forest,0.325,0.031505,0.858586,0.060779,85,2613,14,54250,7700.98,2173.37,26980.0,29153.37,-19279.02,False
Isolation Forest,0.326,0.031716,0.858586,0.061173,85,2595,14,54268,7700.98,2173.37,26800.0,28973.37,-19099.02,False
Isolation Forest,0.327,0.031991,0.858586,0.061684,85,2572,14,54291,7700.98,2173.37,26570.0,28743.37,-18869.02,False
Isolation Forest,0.328,0.032197,0.858586,0.062066,85,2555,14,54308,7700.98,2173.37,26400.0,28573.37,-18699.02,False
Isolation Forest,0.329,0.03248,0.858586,0.062592,85,2532,14,54331,7700.98,2173.37,26170.0,28343.37,-18469.02,False
Isolation Forest,0.33,0.032717,0.858586,0.063033,85,2513,14,54350,7700.98,2173.37,25980.0,28153.37,-18279.02,False
Isolation Forest,0.331,0.033035,0.858586,0.063623,85,2488,14,54375,7700.98,2173.37,25730.0,27903.37,-18029.02,False
Isolation Forest,0.332,0.033268,0.858586,0.064054,85,2470,14,54393,7700.98,2173.37,25550.0,27723.37,-17849.02,False
Isolation Forest,0.333,0.033504,0.858586,0.064492,85,2452,14,54411,7700.98,2173.37,25370.0,27543.37,-17669.02,False
Isolation Forest,0.334,0.03369,0.858586,0.064836,85,2438,14,54425,7700.98,2173.37,25230.0,27403.37,-17529.02,False
Isolation Forest,0.335,0.033973,0.858586,0.065359,85,2417,14,54446,7700.98,2173.37,25020.0,27193.37,-17319.02,False
Isolation Forest,0.336,0.034205,0.858586,0.065789,85,2400,14,54463,7700.98,2173.37,24850.0,27023.37,-17149.02,False
Isolation Forest,0.337,0.034413,0.858586,0.066174,85,2385,14,54478,7700.98,2173.37,24700.0,26873.37,-16999.02,False
Isolation Forest,0.338,0.03468,0.858586,0.066667,85,2366,14,54497,7700.98,2173.37,24510.0,26683.37,-16809.02,False
Isolation Forest,0.339,0.034965,0.858586,0.067194,85,2346,14,54517,7700.98,2173.37,24310.0,26483.37,-16609.02,False
Isolation Forest,0.34,0.035138,0.858586,0.067514,85,2334,14,54529,7700.98,2173.37,24190.0,26363.37,-16489.02,False
Isolation Forest,0.341,0.035417,0.858586,0.068027,85,2315,14,54548,7700.98,2173.37,24000.0,26173.37,-16299.02,False
Isolation Forest,0.342,0.035729,0.858586,0.068604,85,2294,14,54569,7700.98,2173.37,23790.0,25963.37,-16089.02,False
Isolation Forest,0.343,0.036063,0.858586,0.069218,85,2272,14,54591,7700.98,2173.37,23570.0,25743.37,-15869.02,False
Isolation Forest,0.344,0.036082,0.848485,0.069221,84,2244,15,54619,7660.98,2213.37,23280.0,25493.37,-15619.02,False
Isolation Forest,0.345,0.036316,0.848485,0.069652,84,2229,15,54634,7660.98,2213.37,23130.0,25343.37,-15469.02,False
Isolation Forest,0.346,0.03649,0.848485,0.069971,84,2218,15,54645,7660.98,2213.37,23020.0,25233.37,-15359.02,False
Isolation Forest,0.347,0.036778,0.848485,0.070499,84,2200,15,54663,7660.98,2213.37,22840.0,25053.37,-15179.02,False
Isolation Forest,0.348,0.037021,0.848485,0.070946,84,2185,15,54678,7660.98,2213.37,22690.0,24903.37,-15029.02,False
Isolation Forest,0.349,0.037267,0.848485,0.071398,84,2170,15,54693,7660.98,2213.37,22540.0,24753.37,-14879.02,False
Isolation Forest,0.35,0.037517,0.848485,0.071856,84,2155,15,54708,7660.98,2213.37,22390.0,24603.37,-14729.02,False
Isolation Forest,0.351,0.037787,0.848485,0.072351,84,2139,15,54724,7660.98,2213.37,22230.0,24443.37,-14569.02,False
Isolation Forest,0.352,0.038164,0.848485,0.073043,84,2117,15,54746,7660.98,2213.37,22010.0,24223.37,-14349.02,False
Isolation Forest,0.353,0.038426,0.848485,0.073523,84,2102,15,54761,7660.98,2213.37,21860.0,24073.37,-14199.02,False
Isolation Forest,0.354,0.038603,0.848485,0.073846,84,2092,15,54771,7660.98,2213.37,21760.0,23973.37,-14099.02,False
Isolation Forest,0.355,0.039015,0.848485,0.0746,84,2069,15,54794,7660.98,2213.37,21530.0,23743.37,-13869.02,False
Isolation Forest,0.356,0.039252,0.848485,0.075033,84,2056,15,54807,7660.98,2213.37,21400.0,23613.37,-13739.02,False
Isolation Forest,0.357,0.039381,0.848485,0.075269,84,2049,15,54814,7660.98,2213.37,21330.0,23543.37,-13669.02,False
Isolation Forest,0.358,0.039679,0.848485,0.075812,84,2033,15,54830,7660.98,2213.37,21170.0,23383.37,-13509.02,False
Isolation Forest,0.359,0.039943,0.848485,0.076294,84,2019,15,54844,7660.98,2213.37,21030.0,23243.37,-13369.02,False
Isolation Forest,0.36,0.040172,0.848485,0.076712,84,2007,15,54856,7660.98,2213.37,20910.0,23123.37,-13249.02,False
Isolation Forest,0.361,0.040521,0.848485,0.077348,84,1989,15,54874,7660.98,2213.37,20730.0,22943.37,-13069.02,False
Isolation Forest,0.362,0.040916,0.848485,0.078067,84,1969,15,54894,7660.98,2213.37,20530.0,22743.37,-12869.02,False
Isolation Forest,0.363,0.041217,0.848485,0.078615,84,1954,15,54909,7660.98,2213.37,20380.0,22593.37,-12719.02,False
Isolation Forest,0.364,0.041481,0.848485,0.079096,84,1941,15,54922,7660.98,2213.37,20250.0,22463.37,-12589.02,False
Isolation Forest,0.365,0.041854,0.848485,0.079772,84,1923,15,54940,7660.98,2213.37,20070.0,22283.37,-12409.02,False
Isolation Forest,0.366,0.042148,0.848485,0.080306,84,1909,15,54954,7660.98,2213.37,19930.0,22143.37,-12269.02,False
Isolation Forest,0.367,0.042403,0.848485,0.080769,84,1897,15,54966,7660.98,2213.37,19810.0,22023.37,-12149.02,False
Isolation Forest,0.368,0.042683,0.848485,0.081277,84,1884,15,54979,7660.98,2213.37,19680.0,21893.37,-12019.02,False
Isolation Forest,0.369,0.042835,0.848485,0.081553,84,1877,15,54986,7660.98,2213.37,19610.0,21823.37,-11949.02,False
Isolation Forest,0.37,0.043077,0.848485,0.081991,84,1866,15,54997,7660.98,2213.37,19500.0,21713.37,-11839.02,False
Isolation Forest,0.371,0.043344,0.848485,0.082474,84,1854,15,55009,7660.98,2213.37,19380.0,21593.37,-11719.02,False
Isolation Forest,0.372,0.043727,0.848485,0.083168,84,1837,15,55026,7660.98,2213.37,19210.0,21423.37,-11549.02,False
Isolation Forest,0.373,0.043887,0.848485,0.083458,84,1830,15,55033,7660.98,2213.37,19140.0,21353.37,-11479.02,False
Isolation Forest,0.374,0.044071,0.848485,0.083791,84,1822,15,55041,7660.98,2213.37,19060.0,21273.37,-11399.02,False
Isolation Forest,0.375,0.044327,0.848485,0.084253,84,1811,15,55052,7660.98,2213.37,18950.0,21163.37,-11289.02,False
Isolation Forest,0.376,0.044102,0.838384,0.083796,83,1799,16,55064,7636.08,2238.27,18820.0,21058.27,-11183.92,False
Isolation Forest,0.377,0.044338,0.838384,0.084221,83,1789,16,55074,7636.08,2238.27,18720.0,20958.27,-11083.92,False
Isolation Forest,0.378,0.044576,0.838384,0.084651,83,1779,16,55084,7636.08,2238.27,18620.0,20858.27,-10983.92,False
Isolation Forest,0.379,0.044841,0.838384,0.085128,83,1768,16,55095,7636.08,2238.27,18510.0,20748.27,-10873.92,False
Isolation Forest,0.38,0.045158,0.838384,0.0857,83,1755,16,55108,7636.08,2238.27,18380.0,20618.27,-10743.92,False
Isolation Forest,0.381,0.045455,0.838384,0.086234,83,1743,16,55120,7636.08,2238.27,18260.0,20498.27,-10623.92,False
Isolation Forest,0.382,0.045755,0.838384,0.086775,83,1731,16,55132,7636.08,2238.27,18140.0,20378.27,-10503.92,False
Isolation Forest,0.383,0.046034,0.838384,0.087277,83,1720,16,55143,7636.08,2238.27,18030.0,20268.27,-10393.92,False
Isolation Forest,0.384,0.045759,0.828283,0.086727,82,1710,17,55153,7633.86,2240.49,17920.0,20160.49,-10286.14,False
Isolation Forest,0.385,0.046067,0.828283,0.08728,82,1698,17,55165,7633.86,2240.49,17800.0,20040.49,-10166.14,False
Isolation Forest,0.386,0.046406,0.828283,0.087889,82,1685,17,55178,7633.86,2240.49,17670.0,19910.49,-10036.14,False
Isolation Forest,0.387,0.046591,0.828283,0.088219,82,1678,17,55185,7633.86,2240.49,17600.0,19840.49,-9966.14,False
Isolation Forest,0.388,0.046857,0.828283,0.088697,82,1668,17,55195,7633.86,2240.49,17500.0,19740.49,-9866.14,False
Isolation Forest,0.389,0.047099,0.828283,0.08913,82,1659,17,55204,7633.86,2240.49,17410.0,19650.49,-9776.14,False
Isolation Forest,0.39,0.047066,0.818182,0.089011,81,1640,18,55223,7614.82,2259.53,17210.0,19469.53,-9595.18,False
Isolation Forest,0.391,0.047313,0.818182,0.089453,81,1631,18,55232,7614.82,2259.53,17120.0,19379.53,-9505.18,False
Isolation Forest,0.392,0.047675,0.818182,0.0901,81,1618,18,55245,7614.82,2259.53,16990.0,19249.53,-9375.18,False
Isolation Forest,0.393,0.047986,0.818182,0.090655,81,1607,18,55256,7614.82,2259.53,16880.0,19139.53,-9265.18,False
Isolation Forest,0.394,0.048186,0.818182,0.091011,81,1600,18,55263,7614.82,2259.53,16810.0,19069.53,-9195.18,False
Isolation Forest,0.395,0.048272,0.818182,0.091165,81,1597,18,55266,7614.82,2259.53,16780.0,19039.53,-9165.18,False
Isolation Forest,0.396,0.048503,0.818182,0.091577,81,1589,18,55274,7614.82,2259.53,16700.0,18959.53,-9085.18,False
Isolation Forest,0.397,0.048736,0.818182,0.091993,81,1581,18,55282,7614.82,2259.53,16620.0,18879.53,-9005.18,False
Isolation Forest,0.398,0.049002,0.818182,0.092466,81,1572,18,55291,7614.82,2259.53,16530.0,18789.53,-8915.18,False
Isolation Forest,0.399,0.04924,0.818182,0.09289,81,1564,18,55299,7614.82,2259.53,16450.0,18709.53,-8835.18,False
Isolation Forest,0.4,0.049481,0.818182,0.093318,81,1556,18,55307,7614.82,2259.53,16370.0,18629.53,-8755.18,False
Isolation Forest,0.401,0.049908,0.818182,0.094077,81,1542,18,55321,7614.82,2259.53,16230.0,18489.53,-8615.18,False
Isolation Forest,0.402,0.050467,0.818182,0.09507,81,1524,18,55339,7614.82,2259.53,16050.0,18309.53,-8435.18,False
Isolation Forest,0.403,0.050157,0.808081,0.094451,80,1515,19,55348,7614.06,2260.29,15950.0,18210.29,-8335.94,False
Isolation Forest,0.404,0.050473,0.808081,0.095012,80,1505,19,55358,7614.06,2260.29,15850.0,18110.29,-8235.94,False
Isolation Forest,0.405,0.050794,0.808081,0.095579,80,1495,19,55368,7614.06,2260.29,15750.0,18010.29,-8135.94,False
Isolation Forest,0.406,0.051086,0.808081,0.096096,80,1486,19,55377,7614.06,2260.29,15660.0,17920.29,-8045.94,False
Isolation Forest,0.407,0.051513,0.808081,0.096852,80,1473,19,55390,7614.06,2260.29,15530.0,17790.29,-7915.94,False
Isolation Forest,0.408,0.051332,0.79798,0.096459,79,1460,20,55403,7458.06,2416.29,15390.0,17806.29,-7931.94,False
Isolation Forest,0.409,0.051668,0.79798,0.097052,79,1450,20,55413,7458.06,2416.29,15290.0,17706.29,-7831.94,False
Isolation Forest,0.41,0.052042,0.79798,0.097712,79,1439,20,55424,7458.06,2416.29,15180.0,17596.29,-7721.94,False
Isolation Forest,0.411,0.052283,0.79798,0.098137,79,1432,20,55431,7458.06,2416.29,15110.0,17526.29,-7651.94,False
Isolation Forest,0.412,0.051931,0.787879,0.097439,78,1424,21,55439,7453.16,2421.19,15020.0,17441.19,-7566.84,False
Isolation Forest,0.413,0.052349,0.787879,0.098175,78,1412,21,55451,7453.16,2421.19,14900.0,17321.19,-7446.84,False
Isolation Forest,0.414,0.052738,0.787879,0.098859,78,1401,21,55462,7453.16,2421.19,14790.0,17211.19,-7336.84,False
Isolation Forest,0.415,0.05317,0.787879,0.099617,78,1389,21,55474,7453.16,2421.19,14670.0,17091.19,-7216.84,False
Isolation Forest,0.416,0.053352,0.787879,0.099936,78,1384,21,55479,7453.16,2421.19,14620.0,17041.19,-7166.84,False
Isolation Forest,0.417,0.053682,0.787879,0.100515,78,1375,21,55488,7453.16,2421.19,14530.0,16951.19,-7076.84,False
Isolation Forest,0.418,0.053979,0.787879,0.101036,78,1367,21,55496,7453.16,2421.19,14450.0,16871.19,-6996.84,False
Isolation Forest,0.419,0.054393,0.787879,0.101761,78,1356,21,55507,7453.16,2421.19,14340.0,16761.19,-6886.84,False
Isolation Forest,0.42,0.054622,0.787879,0.102161,78,1350,21,55513,7453.16,2421.19,14280.0,16701.19,-6826.84,False
Isolation Forest,0.421,0.05493,0.787879,0.102699,78,1342,21,55521,7453.16,2421.19,14200.0,16621.19,-6746.84,False
Isolation Forest,0.422,0.055516,0.787879,0.103723,78,1327,21,55536,7453.16,2421.19,14050.0,16471.19,-6596.84,False
Isolation Forest,0.423,0.055714,0.787879,0.104069,78,1322,21,55541,7453.16,2421.19,14000.0,16421.19,-6546.84,False
Isolation Forest,0.424,0.056196,0.787879,0.104909,78,1310,21,55553,7453.16,2421.19,13880.0,16301.19,-6426.84,False
Isolation Forest,0.425,0.056481,0.787879,0.105405,78,1303,21,55560,7453.16,2421.19,13810.0,16231.19,-6356.84,False
Isolation Forest,0.426,0.056851,0.787879,0.10605,78,1294,21,55569,7453.16,2421.19,13720.0,16141.19,-6266.84,False
Isolation Forest,0.427,0.056576,0.777778,0.105479,77,1284,22,55579,7452.16,2422.19,13610.0,16032.19,-6157.84,False
Isolation Forest,0.428,0.056953,0.777778,0.106134,77,1275,22,55588,7452.16,2422.19,13520.0,15942.19,-6067.84,False
Isolation Forest,0.429,0.057377,0.777778,0.10687,77,1265,22,55598,7452.16,2422.19,13420.0,15842.19,-5967.84,False
Isolation Forest,0.43,0.057721,0.777778,0.107467,77,1257,22,55606,7452.16,2422.19,13340.0,15762.19,-5887.84,False
Isolation Forest,0.431,0.058333,0.777778,0.108527,77,1243,22,55620,7452.16,2422.19,13200.0,15622.19,-5747.84,False
Isolation Forest,0.432,0.058824,0.777778,0.109375,77,1232,22,55631,7452.16,2422.19,13090.0,15512.19,-5637.84,False
Isolation Forest,0.433,0.058687,0.767677,0.109039,76,1219,23,55644,7371.26,2503.09,12950.0,15453.09,-5578.74,False
Isolation Forest,0.434,0.058915,0.767677,0.109431,76,1214,23,55649,7371.26,2503.09,12900.0,15403.09,-5528.74,False
Isolation Forest,0.435,0.059421,0.767677,0.110305,76,1203,23,55660,7371.26,2503.09,12790.0,15293.09,-5418.74,False
Isolation Forest,0.436,0.060032,0.767677,0.111355,76,1190,23,55673,7371.26,2503.09,12660.0,15163.09,-5288.74,False
Isolation Forest,0.437,0.060461,0.767677,0.112094,76,1181,23,55682,7371.26,2503.09,12570.0,15073.09,-5198.74,False
Isolation Forest,0.438,0.060048,0.757576,0.111276,75,1174,24,55689,7370.5,2503.85,12490.0,14993.85,-5119.5,False
Isolation Forest,0.439,0.060533,0.757576,0.112108,75,1164,24,55699,7370.5,2503.85,12390.0,14893.85,-5019.5,False
Isolation Forest,0.44,0.060827,0.757576,0.112613,75,1158,24,55705,7370.5,2503.85,12330.0,14833.85,-4959.5,False
Isolation Forest,0.441,0.061224,0.757576,0.113293,75,1150,24,55713,7370.5,2503.85,12250.0,14753.85,-4879.5,False
Isolation Forest,0.442,0.061678,0.757576,0.114068,75,1141,24,55722,7370.5,2503.85,12160.0,14663.85,-4789.5,False
Isolation Forest,0.443,0.062292,0.757576,0.115119,75,1129,24,55734,7370.5,2503.85,12040.0,14543.85,-4669.5,False
Isolation Forest,0.444,0.062919,0.757576,0.116189,75,1117,24,55746,7370.5,2503.85,11920.0,14423.85,-4549.5,False
Isolation Forest,0.445,0.063345,0.757576,0.116913,75,1109,24,55754,7370.5,2503.85,11840.0,14343.85,-4469.5,False
Isolation Forest,0.446,0.063884,0.757576,0.117832,75,1099,24,55764,7370.5,2503.85,11740.0,14243.85,-4369.5,False
Isolation Forest,0.447,0.064267,0.757576,0.118483,75,1092,24,55771,7370.5,2503.85,11670.0,14173.85,-4299.5,False
Isolation Forest,0.448,0.064711,0.757576,0.119237,75,1084,24,55779,7370.5,2503.85,11590.0,14093.85,-4219.5,False
Isolation Forest,0.449,0.065388,0.757576,0.120385,75,1072,24,55791,7370.5,2503.85,11470.0,13973.85,-4099.5,False
Isolation Forest,0.45,0.065905,0.757576,0.121261,75,1063,24,55800,7370.5,2503.85,11380.0,13883.85,-4009.5,False
Isolation Forest,0.451,0.066079,0.757576,0.121556,75,1060,24,55803,7370.5,2503.85,11350.0,13853.85,-3979.5,False
Isolation Forest,0.452,0.066964,0.757576,0.123052,75,1045,24,55818,7370.5,2503.85,11200.0,13703.85,-3829.5,False
Isolation Forest,0.453,0.066547,0.747475,0.122213,74,1038,25,55825,7347.14,2527.21,11120.0,13647.21,-3772.86,False
Isolation Forest,0.454,0.06709,0.747475,0.123128,74,1029,25,55834,7347.14,2527.21,11030.0,13557.21,-3682.86,False
Isolation Forest,0.455,0.065693,0.727273,0.120502,72,1024,27,55839,6690.23,3184.12,10960.0,14144.12,-4269.77,False
Isolation Forest,0.456,0.066055,0.727273,0.12111,72,1018,27,55845,6690.23,3184.12,10900.0,14084.12,-4209.77,False
Isolation Forest,0.457,0.066359,0.727273,0.121622,72,1013,27,55850,6690.23,3184.12,10850.0,14034.12,-4159.77,False
Isolation Forest,0.458,0.067164,0.727273,0.122972,72,1000,27,55863,6690.23,3184.12,10720.0,13904.12,-4029.77,False
Isolation Forest,0.459,0.067542,0.727273,0.123605,72,994,27,55869,6690.23,3184.12,10660.0,13844.12,-3969.77,False
Isolation Forest,0.46,0.068117,0.727273,0.124567,72,985,27,55878,6690.23,3184.12,10570.0,13754.12,-3879.77,False
Isolation Forest,0.461,0.068441,0.727273,0.125109,72,980,27,55883,6690.23,3184.12,10520.0,13704.12,-3829.77,False
Isolation Forest,0.462,0.0689,0.727273,0.125874,72,973,27,55890,6690.23,3184.12,10450.0,13634.12,-3759.77,False
Isolation Forest,0.463,0.069364,0.727273,0.126649,72,966,27,55897,6690.23,3184.12,10380.0,13564.12,-3689.77,False
Isolation Forest,0.464,0.0697,0.727273,0.127208,72,961,27,55902,6690.23,3184.12,10330.0,13514.12,-3639.77,False
Isolation Forest,0.465,0.070381,0.727273,0.128342,72,951,27,55912,6690.23,3184.12,10230.0,13414.12,-3539.77,False
Isolation Forest,0.466,0.070658,0.727273,0.128801,72,947,27,55916,6690.23,3184.12,10190.0,13374.12,-3499.77,False
Isolation Forest,0.467,0.071146,0.727273,0.129613,72,940,27,55923,6690.23,3184.12,10120.0,13304.12,-3429.77,False
Isolation Forest,0.468,0.071642,0.727273,0.130435,72,933,27,55930,6690.23,3184.12,10050.0,13234.12,-3359.77,False
Isolation Forest,0.469,0.071214,0.717172,0.129562,71,926,28,55937,6686.44,3187.91,9970.0,13157.91,-3283.56,False
Isolation Forest,0.47,0.071501,0.717172,0.130037,71,922,28,55941,6686.44,3187.91,9930.0,13117.91,-3243.56,False
Isolation Forest,0.471,0.072228,0.717172,0.131238,71,912,28,55951,6686.44,3187.91,9830.0,13017.91,-3143.56,False
Isolation Forest,0.472,0.072821,0.717172,0.132216,71,904,28,55959,6686.44,3187.91,9750.0,12937.91,-3063.56,False
Isolation Forest,0.473,0.07297,0.717172,0.132463,71,902,28,55961,6686.44,3187.91,9730.0,12917.91,-3043.56,False
Isolation Forest,0.474,0.073423,0.717172,0.133208,71,896,28,55967,6686.44,3187.91,9670.0,12857.91,-2983.56,False
Isolation Forest,0.475,0.074035,0.717172,0.134216,71,888,28,55975,6686.44,3187.91,9590.0,12777.91,-2903.56,False
Isolation Forest,0.476,0.074268,0.717172,0.134597,71,885,28,55978,6686.44,3187.91,9560.0,12747.91,-2873.56,False
Isolation Forest,0.477,0.07458,0.717172,0.135109,71,881,28,55982,6686.44,3187.91,9520.0,12707.91,-2833.56,False
Isolation Forest,0.478,0.074153,0.707071,0.134228,70,874,29,55989,6621.44,3252.91,9440.0,12692.91,-2818.56,False
Isolation Forest,0.479,0.074627,0.707071,0.135005,70,868,29,55995,6621.44,3252.91,9380.0,12632.91,-2758.56,False
Isolation Forest,0.48,0.075027,0.707071,0.135659,70,863,29,56000,6621.44,3252.91,9330.0,12582.91,-2708.56,False
Isolation Forest,0.481,0.075512,0.707071,0.136452,70,857,29,56006,6621.44,3252.91,9270.0,12522.91,-2648.56,False
Isolation Forest,0.482,0.076087,0.707071,0.13739,70,850,29,56013,6621.44,3252.91,9200.0,12452.91,-2578.56,False
Isolation Forest,0.483,0.076586,0.707071,0.138203,70,844,29,56019,6621.44,3252.91,9140.0,12392.91,-2518.56,False
Isolation Forest,0.484,0.076923,0.707071,0.138751,70,840,29,56023,6621.44,3252.91,9100.0,12352.91,-2478.56,False
Isolation Forest,0.485,0.077951,0.707071,0.140421,70,828,29,56035,6621.44,3252.91,8980.0,12232.91,-2358.56,False
Isolation Forest,0.486,0.078475,0.707071,0.141271,70,822,29,56041,6621.44,3252.91,8920.0,12172.91,-2298.56,False
Isolation Forest,0.487,0.076749,0.686869,0.138071,68,818,31,56045,6597.97,3276.38,8860.0,12136.38,-2262.03,False
Isolation Forest,0.488,0.07701,0.686869,0.138493,68,815,31,56048,6597.97,3276.38,8830.0,12106.38,-2232.03,False
Isolation Forest,0.489,0.077537,0.686869,0.139344,68,809,31,56054,6597.97,3276.38,8770.0,12046.38,-2172.03,False
Isolation Forest,0.49,0.076747,0.676768,0.13786,67,806,32,56057,6595.7,3278.65,8730.0,12008.65,-2134.3,False
Isolation Forest,0.491,0.077011,0.676768,0.138287,67,803,32,56060,6595.7,3278.65,8700.0,11978.65,-2104.3,False
Isolation Forest,0.492,0.076477,0.666667,0.137214,66,797,33,56066,6595.7,3278.65,8630.0,11908.65,-2034.3,False
Isolation Forest,0.493,0.076744,0.666667,0.137643,66,794,33,56069,6595.7,3278.65,8600.0,11878.65,-2004.3,False
Isolation Forest,0.494,0.077193,0.666667,0.138365,66,789,33,56074,6595.7,3278.65,8550.0,11828.65,-1954.3,False
Isolation Forest,0.495,0.07783,0.666667,0.139388,66,782,33,56081,6595.7,3278.65,8480.0,11758.65,-1884.3,False
Isolation Forest,0.496,0.078478,0.666667,0.140426,66,775,33,56088,6595.7,3278.65,8410.0,11688.65,-1814.3,False
Isolation Forest,0.497,0.079137,0.666667,0.141479,66,768,33,56095,6595.7,3278.65,8340.0,11618.65,-1744.3,False
Isolation Forest,0.498,0.079518,0.666667,0.142088,66,764,33,56099,6595.7,3278.65,8300.0,11578.65,-1704.3,False
Isolation Forest,0.499,0.08039,0.666667,0.143478,66,755,33,56108,6595.7,3278.65,8210.0,11488.65,-1614.3,False
Isolation Forest,0.5,0.080882,0.666667,0.144262,66,750,33,56113,6595.7,3278.65,8160.0,11438.65,-1564.3,False
Isolation Forest,0.501,0.080446,0.656566,0.14333,65,743,34,56120,6594.52,3279.83,8080.0,11359.83,-1485.48,False
Isolation Forest,0.502,0.0798,0.646465,0.142064,64,738,35,56125,6593.75,3280.6,8020.0,11300.6,-1426.25,False
Isolation Forest,0.503,0.080402,0.646465,0.143017,64,732,35,56131,6593.75,3280.6,7960.0,11240.6,-1366.25,False
Isolation Forest,0.504,0.081321,0.646465,0.14447,64,723,35,56140,6593.75,3280.6,7870.0,11150.6,-1276.25,False
Isolation Forest,0.505,0.082051,0.646465,0.14562,64,716,35,56147,6593.75,3280.6,7800.0,11080.6,-1206.25,False
Isolation Forest,0.506,0.080207,0.626263,0.142202,62,711,37,56152,6497.93,3376.42,7730.0,11106.42,-1232.07,False
Isolation Forest,0.507,0.080729,0.626263,0.143022,62,706,37,56157,6497.93,3376.42,7680.0,11056.42,-1182.07,False
Isolation Forest,0.508,0.081365,0.626263,0.144019,62,700,37,56163,6497.93,3376.42,7620.0,10996.42,-1122.07,False
Isolation Forest,0.509,0.082119,0.626263,0.145199,62,693,37,56170,6497.93,3376.42,7550.0,10926.42,-1052.07,False
Isolation Forest,0.51,0.082557,0.626263,0.145882,62,689,37,56174,6497.93,3376.42,7510.0,10886.42,-1012.07,False
Isolation Forest,0.511,0.082888,0.626263,0.146399,62,686,37,56177,6497.93,3376.42,7480.0,10856.42,-982.07,False
Isolation Forest,0.512,0.083333,0.626263,0.147094,62,682,37,56181,6497.93,3376.42,7440.0,10816.42,-942.07,False
Isolation Forest,0.513,0.084011,0.626263,0.148148,62,676,37,56187,6497.93,3376.42,7380.0,10756.42,-882.07,False
Isolation Forest,0.514,0.084354,0.626263,0.148681,62,673,37,56190,6497.93,3376.42,7350.0,10726.42,-852.07,False
Isolation Forest,0.515,0.085048,0.626263,0.149758,62,667,37,56196,6497.93,3376.42,7290.0,10666.42,-792.07,False
Isolation Forest,0.516,0.084488,0.616162,0.148599,61,661,38,56202,6413.65,3460.7,7220.0,10680.7,-806.35,False
Isolation Forest,0.517,0.08484,0.616162,0.149144,61,658,38,56205,6413.65,3460.7,7190.0,10650.7,-776.35,False
Isolation Forest,0.518,0.085315,0.616162,0.149877,61,654,38,56209,6413.65,3460.7,7150.0,10610.7,-736.35,False
Isolation Forest,0.519,0.08628,0.616162,0.151365,61,646,38,56217,6413.65,3460.7,7070.0,10530.7,-656.35,False
Isolation Forest,0.52,0.086525,0.616162,0.151741,61,644,38,56219,6413.65,3460.7,7050.0,10510.7,-636.35,False
Isolation Forest,0.521,0.087019,0.616162,0.1525,61,640,38,56223,6413.65,3460.7,7010.0,10470.7,-596.35,False
Isolation Forest,0.522,0.087143,0.616162,0.152691,61,639,38,56224,6413.65,3460.7,7000.0,10460.7,-586.35,False
Isolation Forest,0.523,0.088023,0.616162,0.15404,61,632,38,56231,6413.65,3460.7,6930.0,10390.7,-516.35,False
Isolation Forest,0.524,0.087336,0.606061,0.152672,60,627,39,56236,6412.65,3461.7,6870.0,10331.7,-457.35,False
Isolation Forest,0.525,0.088235,0.606061,0.154044,60,620,39,56243,6412.65,3461.7,6800.0,10261.7,-387.35,False
Isolation Forest,0.526,0.089153,0.606061,0.15544,60,613,39,56250,6412.65,3461.7,6730.0,10191.7,-317.35,False
Isolation Forest,0.527,0.089552,0.606061,0.156047,60,610,39,56253,6412.65,3461.7,6700.0,10161.7,-287.35,False
Isolation Forest,0.528,0.090226,0.606061,0.157068,60,605,39,56258,6412.65,3461.7,6650.0,10111.7,-237.35,False
Isolation Forest,0.529,0.090498,0.606061,0.15748,60,603,39,56260,6412.65,3461.7,6630.0,10091.7,-217.35,False
Isolation Forest,0.53,0.091463,0.606061,0.15894,60,596,39,56267,6412.65,3461.7,6560.0,10021.7,-147.35,False
Isolation Forest,0.531,0.091603,0.606061,0.159151,60,595,39,56268,6412.65,3461.7,6550.0,10011.7,-137.35,False
Isolation Forest,0.532,0.091884,0.606061,0.159574,60,593,39,56270,6412.65,3461.7,6530.0,9991.7,-117.35,False
Isolation Forest,0.533,0.092879,0.606061,0.161074,60,586,39,56277,6412.65,3461.7,6460.0,9921.7,-47.35,False
Isolation Forest,0.534,0.093313,0.606061,0.161725,60,583,39,56280,6412.65,3461.7,6430.0,9891.7,-17.35,False
Isolation Forest,0.535,0.094044,0.606061,0.162822,60,578,39,56285,6412.65,3461.7,6380.0,9841.7,32.65,False
Isolation Forest,0.536,0.09306,0.59596,0.160982,59,575,40,56288,6353.65,3520.7,6340.0,9860.7,13.65,False
Isolation Forest,0.537,0.093354,0.59596,0.161423,59,573,40,56290,6353.65,3520.7,6320.0,9840.7,33.65,False
Isolation Forest,0.538,0.094249,0.59596,0.162759,59,567,40,56296,6353.65,3520.7,6260.0,9780.7,93.65,False
Isolation Forest,0.539,0.094703,0.59596,0.163435,59,564,40,56299,6353.65,3520.7,6230.0,9750.7,123.65,False
Isolation Forest,0.54,0.095161,0.59596,0.164117,59,561,40,56302,6353.65,3520.7,6200.0,9720.7,153.65,False
Isolation Forest,0.541,0.096091,0.59596,0.165498,59,555,40,56308,6353.65,3520.7,6140.0,9660.7,213.65,False
Isolation Forest,0.542,0.095082,0.585859,0.163611,58,552,41,56311,6352.88,3521.47,6100.0,9621.47,252.88,False
Isolation Forest,0.543,0.095868,0.585859,0.164773,58,547,41,56316,6352.88,3521.47,6050.0,9571.47,302.88,False
Isolation Forest,0.544,0.09699,0.585859,0.166428,58,540,41,56323,6352.88,3521.47,5980.0,9501.47,372.88,False
Isolation Forest,0.545,0.097315,0.585859,0.166906,58,538,41,56325,6352.88,3521.47,5960.0,9481.47,392.88,False
Isolation Forest,0.546,0.096774,0.575758,0.165698,57,532,42,56331,6227.58,3646.77,5890.0,9536.77,337.58,False
Isolation Forest,0.547,0.098276,0.575758,0.167894,57,523,42,56340,6227.58,3646.77,5800.0,9446.77,427.58,False
Isolation Forest,0.548,0.098616,0.575758,0.16839,57,521,42,56342,6227.58,3646.77,5780.0,9426.77,447.58,False
Isolation Forest,0.549,0.099825,0.575758,0.170149,57,514,42,56349,6227.58,3646.77,5710.0,9356.77,517.58,False
Isolation Forest,0.55,0.099291,0.565657,0.168929,56,508,43,56355,6226.58,3647.77,5640.0,9287.77,586.58,False
Isolation Forest,0.551,0.096774,0.545455,0.164384,54,504,45,56359,6206.98,3667.37,5580.0,9247.37,626.98,False
Isolation Forest,0.552,0.097473,0.545455,0.165391,54,500,45,56363,6206.98,3667.37,5540.0,9207.37,666.98,False
Isolation Forest,0.553,0.097826,0.545455,0.165899,54,498,45,56365,6206.98,3667.37,5520.0,9187.37,686.98,False
Isolation Forest,0.554,0.09854,0.545455,0.166924,54,494,45,56369,6206.98,3667.37,5480.0,9147.37,726.98,False
Isolation Forest,0.555,0.097967,0.535354,0.165625,53,488,46,56375,6205.98,3668.37,5410.0,9078.37,795.98,False
Isolation Forest,0.556,0.098881,0.535354,0.166929,53,483,46,56380,6205.98,3668.37,5360.0,9028.37,845.98,False
Isolation Forest,0.557,0.100189,0.535354,0.16879,53,476,46,56387,6205.98,3668.37,5290.0,8958.37,915.98,False
Isolation Forest,0.558,0.101533,0.535354,0.170692,53,469,46,56394,6205.98,3668.37,5220.0,8888.37,985.98,False
Isolation Forest,0.559,0.102317,0.535354,0.171799,53,465,46,56398,6205.98,3668.37,5180.0,8848.37,1025.98,False
Isolation Forest,0.56,0.102515,0.535354,0.172078,53,464,46,56399,6205.98,3668.37,5170.0,8838.37,1035.98,False
Isolation Forest,0.561,0.101562,0.525253,0.170213,52,460,47,56403,6145.38,3728.97,5120.0,8848.97,1025.38,False
Isolation Forest,0.562,0.10119,0.515152,0.169154,51,453,48,56410,5906.48,3967.87,5040.0,9007.87,866.48,False
Isolation Forest,0.563,0.0998,0.505051,0.166667,50,451,49,56412,5720.35,4154.0,5010.0,9164.0,710.35,False
Isolation Forest,0.564,0.09919,0.494949,0.165261,49,445,50,56418,5575.55,4298.8,4940.0,9238.8,635.55,False
Isolation Forest,0.565,0.099391,0.494949,0.165541,49,444,50,56419,5575.55,4298.8,4930.0,9228.8,645.55,False
Isolation Forest,0.566,0.099796,0.494949,0.166102,49,442,50,56421,5575.55,4298.8,4910.0,9208.8,665.55,False
Isolation Forest,0.567,0.100616,0.494949,0.167235,49,438,50,56425,5575.55,4298.8,4870.0,9168.8,705.55,False
Isolation Forest,0.568,0.101031,0.494949,0.167808,49,436,50,56427,5575.55,4298.8,4850.0,9148.8,725.55,False
Isolation Forest,0.569,0.101871,0.494949,0.168966,49,432,50,56431,5575.55,4298.8,4810.0,9108.8,765.55,False
Isolation Forest,0.57,0.102941,0.494949,0.170435,49,427,50,56436,5575.55,4298.8,4760.0,9058.8,815.55,False
Isolation Forest,0.571,0.104255,0.494949,0.172232,49,421,50,56442,5575.55,4298.8,4700.0,8998.8,875.55,False
Isolation Forest,0.572,0.10515,0.494949,0.173451,49,417,50,56446,5575.55,4298.8,4660.0,8958.8,915.55,False
Isolation Forest,0.573,0.105832,0.494949,0.174377,49,414,50,56449,5575.55,4298.8,4630.0,8928.8,945.55,False
Isolation Forest,0.574,0.106987,0.494949,0.175943,49,409,50,56454,5575.55,4298.8,4580.0,8878.8,995.55,False
Isolation Forest,0.575,0.10793,0.494949,0.177215,49,405,50,56458,5575.55,4298.8,4540.0,8838.8,1035.55,False
Isolation Forest,0.576,0.108889,0.494949,0.178506,49,401,50,56462,5575.55,4298.8,4500.0,8798.8,1075.55,False
Isolation Forest,0.577,0.110609,0.494949,0.180812,49,394,50,56469,5575.55,4298.8,4430.0,8728.8,1145.55,False
Isolation Forest,0.578,0.10984,0.484848,0.179104,48,389,51,56474,5574.78,4299.57,4370.0,8669.57,1204.78,False
Isolation Forest,0.579,0.111111,0.484848,0.180791,48,384,51,56479,5574.78,4299.57,4320.0,8619.57,1254.78,False
Isolation Forest,0.58,0.11215,0.484848,0.182163,48,380,51,56483,5574.78,4299.57,4280.0,8579.57,1294.78,False
Isolation Forest,0.581,0.110849,0.474747,0.179732,47,377,52,56486,5573.78,4300.57,4240.0,8540.57,1333.78,False
Isolation Forest,0.582,0.111374,0.474747,0.180422,47,375,52,56488,5573.78,4300.57,4220.0,8520.57,1353.78,False
Isolation Forest,0.583,0.112172,0.474747,0.181467,47,372,52,56491,5573.78,4300.57,4190.0,8490.57,1383.78,False
Isolation Forest,0.584,0.11244,0.474747,0.181818,47,371,52,56492,5573.78,4300.57,4180.0,8480.57,1393.78,False
Isolation Forest,0.585,0.113527,0.474747,0.183236,47,367,52,56496,5573.78,4300.57,4140.0,8440.57,1433.78,False
Isolation Forest,0.586,0.11138,0.464646,0.179688,46,367,53,56496,5572.78,4301.57,4130.0,8431.57,1442.78,False
Isolation Forest,0.587,0.110294,0.454545,0.177515,45,363,54,56500,5532.8,4341.55,4080.0,8421.55,1452.8,False
Isolation Forest,0.588,0.111663,0.454545,0.179283,45,358,54,56505,5532.8,4341.55,4030.0,8371.55,1502.8,False
Isolation Forest,0.589,0.113065,0.454545,0.181087,45,353,54,56510,5532.8,4341.55,3980.0,8321.55,1552.8,False
Isolation Forest,0.59,0.113636,0.454545,0.181818,45,351,54,56512,5532.8,4341.55,3960.0,8301.55,1572.8,False
Isolation Forest,0.591,0.11509,0.454545,0.183673,45,346,54,56517,5532.8,4341.55,3910.0,8251.55,1622.8,False
Isolation Forest,0.592,0.115979,0.454545,0.184805,45,343,54,56520,5532.8,4341.55,3880.0,8221.55,1652.8,False
Isolation Forest,0.593,0.115486,0.444444,0.183333,44,337,55,56526,5408.27,4466.08,3810.0,8276.08,1598.27,False
Isolation Forest,0.594,0.116711,0.444444,0.184874,44,333,55,56530,5408.27,4466.08,3770.0,8236.08,1638.27,False
Isolation Forest,0.595,0.117333,0.444444,0.185654,44,331,55,56532,5408.27,4466.08,3750.0,8216.08,1658.27,False
Isolation Forest,0.596,0.118919,0.444444,0.187633,44,326,55,56537,5408.27,4466.08,3700.0,8166.08,1708.27,False
Isolation Forest,0.597,0.117486,0.434343,0.184946,43,323,56,56540,5407.51,4466.84,3660.0,8126.84,1747.51,False
Isolation Forest,0.598,0.117808,0.434343,0.185345,43,322,56,56541,5407.51,4466.84,3650.0,8116.84,1757.51,False
Isolation Forest,0.599,0.119777,0.434343,0.187773,43,316,56,56547,5407.51,4466.84,3590.0,8056.84,1817.51,False
Isolation Forest,0.6,0.120787,0.434343,0.189011,43,313,56,56550,5407.51,4466.84,3560.0,8026.84,1847.51,False
Isolation Forest,0.601,0.113314,0.40404,0.176991,40,313,59,56550,5062.83,4811.52,3530.0,8341.52,1532.83,False
Isolation Forest,0.602,0.111111,0.393939,0.173333,39,312,60,56551,5061.83,4812.52,3510.0,8322.52,1551.83,False
Isolation Forest,0.603,0.109827,0.383838,0.170787,38,308,61,56555,5060.83,4813.52,3460.0,8273.52,1600.83,False
Isolation Forest,0.604,0.108504,0.373737,0.168182,37,304,62,56559,4966.01,4908.34,3410.0,8318.34,1556.01,False
Isolation Forest,0.605,0.110119,0.373737,0.170115,37,299,62,56564,4966.01,4908.34,3360.0,8268.34,1606.01,False
Isolation Forest,0.606,0.110778,0.373737,0.170901,37,297,62,56566,4966.01,4908.34,3340.0,8248.34,1626.01,False
Isolation Forest,0.607,0.111782,0.373737,0.172093,37,294,62,56569,4966.01,4908.34,3310.0,8218.34,1656.01,False
Isolation Forest,0.608,0.114198,0.373737,0.174941,37,287,62,56576,4966.01,4908.34,3240.0,8148.34,1726.01,False
Isolation Forest,0.609,0.114551,0.373737,0.175355,37,286,62,56577,4966.01,4908.34,3230.0,8138.34,1736.01,False
Isolation Forest,0.61,0.115265,0.373737,0.17619,37,284,62,56579,4966.01,4908.34,3210.0,8118.34,1756.01,False
Isolation Forest,0.611,0.116352,0.373737,0.177458,37,281,62,56582,4966.01,4908.34,3180.0,8088.34,1786.01,False
Isolation Forest,0.612,0.116719,0.373737,0.177885,37,280,62,56583,4966.01,4908.34,3170.0,8078.34,1796.01,False
Isolation Forest,0.613,0.118971,0.373737,0.180488,37,274,62,56589,4966.01,4908.34,3110.0,8018.34,1856.01,False
Isolation Forest,0.614,0.12013,0.373737,0.181818,37,271,62,56592,4966.01,4908.34,3080.0,7988.34,1886.01,False
Isolation Forest,0.615,0.122112,0.373737,0.18408,37,266,62,56597,4966.01,4908.34,3030.0,7938.34,1936.01,False
Isolation Forest,0.616,0.124579,0.373737,0.186869,37,260,62,56603,4966.01,4908.34,2970.0,7878.34,1996.01,False
Isolation Forest,0.617,0.12585,0.373737,0.188295,37,257,62,56606,4966.01,4908.34,2940.0,7848.34,2026.01,False
Isolation Forest,0.618,0.124567,0.363636,0.185567,36,253,63,56610,4725.24,5149.11,2890.0,8039.11,1835.24,False
Isolation Forest,0.619,0.125,0.363636,0.186047,36,252,63,56611,4725.24,5149.11,2880.0,8029.11,1845.24,False
Isolation Forest,0.62,0.12766,0.363636,0.188976,36,246,63,56617,4725.24,5149.11,2820.0,7969.11,1905.24,False
Isolation Forest,0.621,0.12766,0.363636,0.188976,36,246,63,56617,4725.24,5149.11,2820.0,7969.11,1905.24,False
Isolation Forest,0.622,0.125448,0.353535,0.185185,35,244,64,56619,4716.94,5157.41,2790.0,7947.41,1926.94,False
Isolation Forest,0.623,0.125899,0.353535,0.185676,35,243,64,56620,4716.94,5157.41,2780.0,7937.41,1936.94,False
Isolation Forest,0.624,0.127737,0.353535,0.187668,35,239,64,56624,4716.94,5157.41,2740.0,7897.41,1976.94,False
Isolation Forest,0.625,0.126394,0.343434,0.184783,34,235,65,56628,4705.55,5168.8,2690.0,7858.8,2015.55,False
Isolation Forest,0.626,0.127341,0.343434,0.185792,34,233,65,56630,4705.55,5168.8,2670.0,7838.8,2035.55,False
Isolation Forest,0.627,0.128302,0.343434,0.186813,34,231,65,56632,4705.55,5168.8,2650.0,7818.8,2055.55,False
Isolation Forest,0.628,0.130268,0.343434,0.188889,34,227,65,56636,4705.55,5168.8,2610.0,7778.8,2095.55,False
Isolation Forest,0.629,0.131274,0.343434,0.189944,34,225,65,56638,4705.55,5168.8,2590.0,7758.8,2115.55,False
Isolation Forest,0.63,0.132296,0.343434,0.191011,34,223,65,56640,4705.55,5168.8,2570.0,7738.8,2135.55,False
Isolation Forest,0.631,0.128906,0.333333,0.185915,33,223,66,56640,4686.57,5187.78,2560.0,7747.78,2126.57,False
Isolation Forest,0.632,0.128,0.323232,0.183381,32,218,67,56645,4640.93,5233.42,2500.0,7733.42,2140.93,False
Isolation Forest,0.633,0.129032,0.323232,0.184438,32,216,67,56647,4640.93,5233.42,2480.0,7713.42,2160.93,False
Isolation Forest,0.634,0.130081,0.323232,0.185507,32,214,67,56649,4640.93,5233.42,2460.0,7693.42,2180.93,False
Isolation Forest,0.635,0.131148,0.323232,0.186589,32,212,67,56651,4640.93,5233.42,2440.0,7673.42,2200.93,False
Isolation Forest,0.636,0.132231,0.323232,0.187683,32,210,67,56653,4640.93,5233.42,2420.0,7653.42,2220.93,False
Isolation Forest,0.637,0.133891,0.323232,0.189349,32,207,67,56656,4640.93,5233.42,2390.0,7623.42,2250.93,False
Isolation Forest,0.638,0.135593,0.323232,0.191045,32,204,67,56659,4640.93,5233.42,2360.0,7593.42,2280.93,False
Isolation Forest,0.639,0.138528,0.323232,0.193939,32,199,67,56664,4640.93,5233.42,2310.0,7543.42,2330.93,False
Isolation Forest,0.64,0.139738,0.323232,0.195122,32,197,67,56666,4640.93,5233.42,2290.0,7523.42,2350.93,False
Isolation Forest,0.641,0.140351,0.323232,0.195719,32,196,67,56667,4640.93,5233.42,2280.0,7513.42,2360.93,False
Isolation Forest,0.642,0.140351,0.323232,0.195719,32,196,67,56667,4640.93,5233.42,2280.0,7513.42,2360.93,False
Isolation Forest,0.643,0.143498,0.323232,0.198758,32,191,67,56672,4640.93,5233.42,2230.0,7463.42,2410.93,False
Isolation Forest,0.644,0.146119,0.323232,0.201258,32,187,67,56676,4640.93,5233.42,2190.0,7423.42,2450.93,False
Isolation Forest,0.645,0.147465,0.323232,0.202532,32,185,67,56678,4640.93,5233.42,2170.0,7403.42,2470.93,False
Isolation Forest,0.646,0.148148,0.323232,0.203175,32,184,67,56679,4640.93,5233.42,2160.0,7393.42,2480.93,False
Isolation Forest,0.647,0.150235,0.323232,0.205128,32,181,67,56682,4640.93,5233.42,2130.0,7363.42,2510.93,False
Isolation Forest,0.648,0.152381,0.323232,0.20712,32,178,67,56685,4640.93,5233.42,2100.0,7333.42,2540.93,False
Isolation Forest,0.649,0.15311,0.323232,0.207792,32,177,67,56686,4640.93,5233.42,2090.0,7323.42,2550.93,False
Isolation Forest,0.65,0.16,0.323232,0.214047,32,168,67,56695,4640.93,5233.42,2000.0,7233.42,2640.93,False
Isolation Forest,0.651,0.155779,0.313131,0.208054,31,168,68,56695,4583.2,5291.15,1990.0,7281.15,2593.2,False
Isolation Forest,0.652,0.147959,0.292929,0.19661,29,167,70,56696,4476.21,5398.14,1960.0,7358.14,2516.21,False
Isolation Forest,0.653,0.148148,0.282828,0.194444,28,161,71,56702,4475.21,5399.14,1890.0,7289.14,2585.21,False
Isolation Forest,0.654,0.149733,0.282828,0.195804,28,159,71,56704,4475.21,5399.14,1870.0,7269.14,2605.21,False
Isolation Forest,0.655,0.149733,0.282828,0.195804,28,159,71,56704,4475.21,5399.14,1870.0,7269.14,2605.21,False
Isolation Forest,0.656,0.153005,0.282828,0.198582,28,155,71,56708,4475.21,5399.14,1830.0,7229.14,2645.21,False
Isolation Forest,0.657,0.153005,0.282828,0.198582,28,155,71,56708,4475.21,5399.14,1830.0,7229.14,2645.21,False
Isolation Forest,0.658,0.158192,0.282828,0.202899,28,149,71,56714,4475.21,5399.14,1770.0,7169.14,2705.21,False
Isolation Forest,0.659,0.155172,0.272727,0.197802,27,147,72,56716,4371.21,5503.14,1740.0,7243.14,2631.21,False
Isolation Forest,0.66,0.156069,0.272727,0.198529,27,146,72,56717,4371.21,5503.14,1730.0,7233.14,2641.21,False
Isolation Forest,0.661,0.158824,0.272727,0.200743,27,143,72,56720,4371.21,5503.14,1700.0,7203.14,2671.21,False
Isolation Forest,0.662,0.160714,0.272727,0.202247,27,141,72,56722,4371.21,5503.14,1680.0,7183.14,2691.21,False
Isolation Forest,0.663,0.161677,0.272727,0.203008,27,140,72,56723,4371.21,5503.14,1670.0,7173.14,2701.21,False
Isolation Forest,0.664,0.157576,0.262626,0.19697,26,139,73,56724,4370.21,5504.14,1650.0,7154.14,2720.21,False
Isolation Forest,0.665,0.160494,0.262626,0.199234,26,136,73,56727,4370.21,5504.14,1620.0,7124.14,2750.21,False
Isolation Forest,0.666,0.1625,0.262626,0.200772,26,134,73,56729,4370.21,5504.14,1600.0,7104.14,2770.21,False
Isolation Forest,0.667,0.165605,0.262626,0.203125,26,131,73,56732,4370.21,5504.14,1570.0,7074.14,2800.21,False
Isolation Forest,0.668,0.160256,0.252525,0.196078,25,131,74,56732,4258.51,5615.84,1560.0,7175.84,2698.51,False
Isolation Forest,0.669,0.16129,0.252525,0.19685,25,130,74,56733,4258.51,5615.84,1550.0,7165.84,2708.51,False
Isolation Forest,0.67,0.162338,0.252525,0.197628,25,129,74,56734,4258.51,5615.84,1540.0,7155.84,2718.51,False
Isolation Forest,0.671,0.164474,0.252525,0.199203,25,127,74,56736,4258.51,5615.84,1520.0,7135.84,2738.51,False
Isolation Forest,0.672,0.167785,0.252525,0.201613,25,124,74,56739,4258.51,5615.84,1490.0,7105.84,2768.51,False
Isolation Forest,0.673,0.167785,0.252525,0.201613,25,124,74,56739,4258.51,5615.84,1490.0,7105.84,2768.51,False
Isolation Forest,0.674,0.167785,0.252525,0.201613,25,124,74,56739,4258.51,5615.84,1490.0,7105.84,2768.51,False
Isolation Forest,0.675,0.167785,0.252525,0.201613,25,124,74,56739,4258.51,5615.84,1490.0,7105.84,2768.51,False
Isolation Forest,0.676,0.170068,0.252525,0.203252,25,122,74,56741,4258.51,5615.84,1470.0,7085.84,2788.51,False
Isolation Forest,0.677,0.164384,0.242424,0.195918,24,122,75,56741,3997.29,5877.06,1460.0,7337.06,2537.29,False
Isolation Forest,0.678,0.167832,0.242424,0.198347,24,119,75,56744,3997.29,5877.06,1430.0,7307.06,2567.29,True
Isolation Forest,0.679,0.170213,0.242424,0.2,24,117,75,56746,3997.29,5877.06,1410.0,7287.06,2587.29,False
Isolation Forest,0.68,0.172662,0.242424,0.201681,24,115,75,56748,3997.29,5877.06,1390.0,7267.06,2607.29,False
Isolation Forest,0.681,0.175182,0.242424,0.20339,24,113,75,56750,3997.29,5877.06,1370.0,7247.06,2627.29,False
Isolation Forest,0.682,0.176471,0.242424,0.204255,24,112,75,56751,3997.29,5877.06,1360.0,7237.06,2637.29,False
Isolation Forest,0.683,0.181818,0.242424,0.207792,24,108,75,56755,3997.29,5877.06,1320.0,7197.06,2677.29,False
Isolation Forest,0.684,0.186047,0.242424,0.210526,24,105,75,56758,3997.29,5877.06,1290.0,7167.06,2707.29,False
Isolation Forest,0.685,0.1875,0.242424,0.211454,24,104,75,56759,3997.29,5877.06,1280.0,7157.06,2717.29,False
Isolation Forest,0.686,0.1875,0.242424,0.211454,24,104,75,56759,3997.29,5877.06,1280.0,7157.06,2717.29,False
Isolation Forest,0.687,0.188976,0.242424,0.212389,24,103,75,56760,3997.29,5877.06,1270.0,7147.06,2727.29,False
Isolation Forest,0.688,0.193548,0.242424,0.215247,24,100,75,56763,3997.29,5877.06,1240.0,7117.06,2757.29,False
Isolation Forest,0.689,0.194915,0.232323,0.211982,23,95,76,56768,3744.37,6129.98,1180.0,7309.98,2564.37,False
Isolation Forest,0.69,0.194915,0.232323,0.211982,23,95,76,56768,3744.37,6129.98,1180.0,7309.98,2564.37,False
Isolation Forest,0.691,0.196581,0.232323,0.212963,23,94,76,56769,3744.37,6129.98,1170.0,7299.98,2574.37,False
Isolation Forest,0.692,0.198276,0.232323,0.213953,23,93,76,56770,3744.37,6129.98,1160.0,7289.98,2584.37,False
Isolation Forest,0.693,0.2,0.232323,0.214953,23,92,76,56771,3744.37,6129.98,1150.0,7279.98,2594.37,False
Isolation Forest,0.694,0.20354,0.232323,0.216981,23,90,76,56773,3744.37,6129.98,1130.0,7259.98,2614.37,False
Isolation Forest,0.695,0.209091,0.232323,0.220096,23,87,76,56776,3744.37,6129.98,1100.0,7229.98,2644.37,False
Isolation Forest,0.696,0.209091,0.232323,0.220096,23,87,76,56776,3744.37,6129.98,1100.0,7229.98,2644.37,False
Isolation Forest,0.697,0.211009,0.232323,0.221154,23,86,76,56777,3744.37,6129.98,1090.0,7219.98,2654.37,False
Isolation Forest,0.698,0.211009,0.232323,0.221154,23,86,76,56777,3744.37,6129.98,1090.0,7219.98,2654.37,False
Isolation Forest,0.699,0.216981,0.232323,0.22439,23,83,76,56780,3744.37,6129.98,1060.0,7189.98,2684.37,False
Isolation Forest,0.7,0.216981,0.232323,0.22439,23,83,76,56780,3744.37,6129.98,1060.0,7189.98,2684.37,False
Isolation Forest,0.701,0.216981,0.232323,0.22439,23,83,76,56780,3744.37,6129.98,1060.0,7189.98,2684.37,False
Isolation Forest,0.702,0.221154,0.232323,0.226601,23,81,76,56782,3744.37,6129.98,1040.0,7169.98,2704.37,False
Isolation Forest,0.703,0.223301,0.232323,0.227723,23,80,76,56783,3744.37,6129.98,1030.0,7159.98,2714.37,False
Isolation Forest,0.704,0.223301,0.232323,0.227723,23,80,76,56783,3744.37,6129.98,1030.0,7159.98,2714.37,False
Isolation Forest,0.705,0.22549,0.232323,0.228856,23,79,76,56784,3744.37,6129.98,1020.0,7149.98,2724.37,False
Isolation Forest,0.706,0.22549,0.232323,0.228856,23,79,76,56784,3744.37,6129.98,1020.0,7149.98,2724.37,False
Isolation Forest,0.707,0.22549,0.232323,0.228856,23,79,76,56784,3744.37,6129.98,1020.0,7149.98,2724.37,False
Isolation Forest,0.708,0.23,0.232323,0.231156,23,77,76,56786,3744.37,6129.98,1000.0,7129.98,2744.37,False
Isolation Forest,0.709,0.234694,0.232323,0.233503,23,75,76,56788,3744.37,6129.98,980.0,7109.98,2764.37,False
Isolation Forest,0.71,0.237113,0.232323,0.234694,23,74,76,56789,3744.37,6129.98,970.0,7099.98,2774.37,False
Isolation Forest,0.711,0.239583,0.232323,0.235897,23,73,76,56790,3744.37,6129.98,960.0,7089.98,2784.37,False
Isolation Forest,0.712,0.244681,0.232323,0.238342,23,71,76,56792,3744.37,6129.98,940.0,7069.98,2804.37,False
Isolation Forest,0.713,0.247312,0.232323,0.239583,23,70,76,56793,3744.37,6129.98,930.0,7059.98,2814.37,False
Isolation Forest,0.714,0.255556,0.232323,0.243386,23,67,76,56796,3744.37,6129.98,900.0,7029.98,2844.37,False
Isolation Forest,0.715,0.255556,0.232323,0.243386,23,67,76,56796,3744.37,6129.98,900.0,7029.98,2844.37,False
Isolation Forest,0.716,0.255556,0.232323,0.243386,23,67,76,56796,3744.37,6129.98,900.0,7029.98,2844.37,False
Isolation Forest,0.717,0.258427,0.232323,0.244681,23,66,76,56797,3744.37,6129.98,890.0,7019.98,2854.37,False
Isolation Forest,0.718,0.258427,0.232323,0.244681,23,66,76,56797,3744.37,6129.98,890.0,7019.98,2854.37,False
Isolation Forest,0.719,0.264368,0.232323,0.247312,23,64,76,56799,3744.37,6129.98,870.0,6999.98,2874.37,False
Isolation Forest,0.72,0.270588,0.232323,0.25,23,62,76,56801,3744.37,6129.98,850.0,6979.98,2894.37,False
Isolation Forest,0.721,0.270588,0.232323,0.25,23,62,76,56801,3744.37,6129.98,850.0,6979.98,2894.37,False
Isolation Forest,0.722,0.270588,0.232323,0.25,23,62,76,56801,3744.37,6129.98,850.0,6979.98,2894.37,False
Isolation Forest,0.723,0.277108,0.232323,0.252747,23,60,76,56803,3744.37,6129.98,830.0,6959.98,2914.37,False
Isolation Forest,0.724,0.280488,0.232323,0.254144,23,59,76,56804,3744.37,6129.98,820.0,6949.98,2924.37,False
Isolation Forest,0.725,0.283951,0.232323,0.255556,23,58,76,56805,3744.37,6129.98,810.0,6939.98,2934.37,False
Isolation Forest,0.726,0.283951,0.232323,0.255556,23,58,76,56805,3744.37,6129.98,810.0,6939.98,2934.37,False
Isolation Forest,0.727,0.2875,0.232323,0.256983,23,57,76,56806,3744.37,6129.98,800.0,6929.98,2944.37,False
Isolation Forest,0.728,0.291139,0.232323,0.258427,23,56,76,56807,3744.37,6129.98,790.0,6919.98,2954.37,False
Isolation Forest,0.729,0.294872,0.232323,0.259887,23,55,76,56808,3744.37,6129.98,780.0,6909.98,2964.37,False
Isolation Forest,0.73,0.289474,0.222222,0.251429,22,54,77,56809,3656.14,6218.21,760.0,6978.21,2896.14,False
Isolation Forest,0.731,0.289474,0.222222,0.251429,22,54,77,56809,3656.14,6218.21,760.0,6978.21,2896.14,False
Isolation Forest,0.732,0.289474,0.222222,0.251429,22,54,77,56809,3656.14,6218.21,760.0,6978.21,2896.14,False
Isolation Forest,0.733,0.293333,0.222222,0.252874,22,53,77,56810,3656.14,6218.21,750.0,6968.21,2906.14,False
Isolation Forest,0.734,0.291667,0.212121,0.245614,21,51,78,56812,3654.62,6219.73,720.0,6939.73,2934.62,False
Isolation Forest,0.735,0.3,0.212121,0.248521,21,49,78,56814,3654.62,6219.73,700.0,6919.73,2954.62,False
Isolation Forest,0.736,0.308824,0.212121,0.251497,21,47,78,56816,3654.62,6219.73,680.0,6899.73,2974.62,False
Isolation Forest,0.737,0.308824,0.212121,0.251497,21,47,78,56816,3654.62,6219.73,680.0,6899.73,2974.62,False
Isolation Forest,0.738,0.313433,0.212121,0.253012,21,46,78,56817,3654.62,6219.73,670.0,6889.73,2984.62,False
Isolation Forest,0.739,0.313433,0.212121,0.253012,21,46,78,56817,3654.62,6219.73,670.0,6889.73,2984.62,False
Isolation Forest,0.74,0.318182,0.212121,0.254545,21,45,78,56818,3654.62,6219.73,660.0,6879.73,2994.62,False
Isolation Forest,0.741,0.328125,0.212121,0.257669,21,43,78,56820,3654.62,6219.73,640.0,6859.73,3014.62,False
Isolation Forest,0.742,0.328125,0.212121,0.257669,21,43,78,56820,3654.62,6219.73,640.0,6859.73,3014.62,False
Isolation Forest,0.743,0.328125,0.212121,0.257669,21,43,78,56820,3654.62,6219.73,640.0,6859.73,3014.62,False
Isolation Forest,0.744,0.328125,0.212121,0.257669,21,43,78,56820,3654.62,6219.73,640.0,6859.73,3014.62,False
Isolation Forest,0.745,0.328125,0.212121,0.257669,21,43,78,56820,3654.62,6219.73,640.0,6859.73,3014.62,False
Isolation Forest,0.746,0.333333,0.212121,0.259259,21,42,78,56821,3654.62,6219.73,630.0,6849.73,3024.62,False
Isolation Forest,0.747,0.327869,0.20202,0.25,20,41,79,56822,3653.62,6220.73,610.0,6830.73,3043.62,False
Isolation Forest,0.748,0.305085,0.181818,0.227848,18,41,81,56822,3564.39,6309.96,590.0,6899.96,2974.39,False
Isolation Forest,0.749,0.280702,0.161616,0.205128,16,41,83,56822,2539.89,7334.46,570.0,7904.46,1969.89,False
Isolation Forest,0.75,0.280702,0.161616,0.205128,16,41,83,56822,2539.89,7334.46,570.0,7904.46,1969.89,False
Isolation Forest,0.751,0.285714,0.161616,0.206452,16,40,83,56823,2539.89,7334.46,560.0,7894.46,1979.89,False
Isolation Forest,0.752,0.285714,0.161616,0.206452,16,40,83,56823,2539.89,7334.46,560.0,7894.46,1979.89,False
Isolation Forest,0.753,0.272727,0.151515,0.194805,15,40,84,56823,2330.24,7544.11,550.0,8094.11,1780.24,False
Isolation Forest,0.754,0.245283,0.131313,0.171053,13,40,86,56823,1895.88,7978.47,530.0,8508.47,1365.88,False
Isolation Forest,0.755,0.245283,0.131313,0.171053,13,40,86,56823,1895.88,7978.47,530.0,8508.47,1365.88,False
Isolation Forest,0.756,0.254902,0.131313,0.173333,13,38,86,56825,1895.88,7978.47,510.0,8488.47,1385.88,False
Isolation Forest,0.757,0.254902,0.131313,0.173333,13,38,86,56825,1895.88,7978.47,510.0,8488.47,1385.88,False
Isolation Forest,0.758,0.254902,0.131313,0.173333,13,38,86,56825,1895.88,7978.47,510.0,8488.47,1385.88,False
Isolation Forest,0.759,0.254902,0.131313,0.173333,13,38,86,56825,1895.88,7978.47,510.0,8488.47,1385.88,False
Isolation Forest,0.76,0.254902,0.131313,0.173333,13,38,86,56825,1895.88,7978.47,510.0,8488.47,1385.88,False
Isolation Forest,0.761,0.254902,0.131313,0.173333,13,38,86,56825,1895.88,7978.47,510.0,8488.47,1385.88,False
Isolation Forest,0.762,0.26,0.131313,0.174497,13,37,86,56826,1895.88,7978.47,500.0,8478.47,1395.88,False
Isolation Forest,0.763,0.26,0.131313,0.174497,13,37,86,56826,1895.88,7978.47,500.0,8478.47,1395.88,False
Isolation Forest,0.764,0.26,0.131313,0.174497,13,37,86,56826,1895.88,7978.47,500.0,8478.47,1395.88,False
Isolation Forest,0.765,0.26,0.131313,0.174497,13,37,86,56826,1895.88,7978.47,500.0,8478.47,1395.88,False
Isolation Forest,0.766,0.26,0.131313,0.174497,13,37,86,56826,1895.88,7978.47,500.0,8478.47,1395.88,False
Isolation Forest,0.767,0.26,0.131313,0.174497,13,37,86,56826,1895.88,7978.47,500.0,8478.47,1395.88,False
Isolation Forest,0.768,0.26,0.131313,0.174497,13,37,86,56826,1895.88,7978.47,500.0,8478.47,1395.88,False
Isolation Forest,0.769,0.265306,0.131313,0.175676,13,36,86,56827,1895.88,7978.47,490.0,8468.47,1405.88,False
Isolation Forest,0.77,0.265306,0.131313,0.175676,13,36,86,56827,1895.88,7978.47,490.0,8468.47,1405.88,False
Isolation Forest,0.771,0.265306,0.131313,0.175676,13,36,86,56827,1895.88,7978.47,490.0,8468.47,1405.88,False
Isolation Forest,0.772,0.265306,0.131313,0.175676,13,36,86,56827,1895.88,7978.47,490.0,8468.47,1405.88,False
Isolation Forest,0.773,0.25,0.121212,0.163265,12,36,87,56827,1895.88,7978.47,480.0,8458.47,1415.88,False
Isolation Forest,0.774,0.25,0.121212,0.163265,12,36,87,56827,1895.88,7978.47,480.0,8458.47,1415.88,False
Isolation Forest,0.775,0.25,0.121212,0.163265,12,36,87,56827,1895.88,7978.47,480.0,8458.47,1415.88,False
Isolation Forest,0.776,0.255319,0.121212,0.164384,12,35,87,56828,1895.88,7978.47,470.0,8448.47,1425.88,False
Isolation Forest,0.777,0.255319,0.121212,0.164384,12,35,87,56828,1895.88,7978.47,470.0,8448.47,1425.88,False
Isolation Forest,0.778,0.255319,0.121212,0.164384,12,35,87,56828,1895.88,7978.47,470.0,8448.47,1425.88,False
Isolation Forest,0.779,0.255319,0.121212,0.164384,12,35,87,56828,1895.88,7978.47,470.0,8448.47,1425.88,False
Isolation Forest,0.78,0.272727,0.121212,0.167832,12,32,87,56831,1895.88,7978.47,440.0,8418.47,1455.88,False
Isolation Forest,0.781,0.27907,0.121212,0.169014,12,31,87,56832,1895.88,7978.47,430.0,8408.47,1465.88,False
Isolation Forest,0.782,0.27907,0.121212,0.169014,12,31,87,56832,1895.88,7978.47,430.0,8408.47,1465.88,False
Isolation Forest,0.783,0.27907,0.121212,0.169014,12,31,87,56832,1895.88,7978.47,430.0,8408.47,1465.88,False
Isolation Forest,0.784,0.292683,0.121212,0.171429,12,29,87,56834,1895.88,7978.47,410.0,8388.47,1485.88,False
Isolation Forest,0.785,0.292683,0.121212,0.171429,12,29,87,56834,1895.88,7978.47,410.0,8388.47,1485.88,False
Isolation Forest,0.786,0.282051,0.111111,0.15942,11,28,88,56835,1836.2,8038.15,390.0,8428.15,1446.2,False
Isolation Forest,0.787,0.282051,0.111111,0.15942,11,28,88,56835,1836.2,8038.15,390.0,8428.15,1446.2,False
Isolation Forest,0.788,0.282051,0.111111,0.15942,11,28,88,56835,1836.2,8038.15,390.0,8428.15,1446.2,False
Isolation Forest,0.789,0.282051,0.111111,0.15942,11,28,88,56835,1836.2,8038.15,390.0,8428.15,1446.2,False
Isolation Forest,0.79,0.289474,0.111111,0.160584,11,27,88,56836,1836.2,8038.15,380.0,8418.15,1456.2,False
Isolation Forest,0.791,0.297297,0.111111,0.161765,11,26,88,56837,1836.2,8038.15,370.0,8408.15,1466.2,False
Isolation Forest,0.792,0.297297,0.111111,0.161765,11,26,88,56837,1836.2,8038.15,370.0,8408.15,1466.2,False
Isolation Forest,0.793,0.305556,0.111111,0.162963,11,25,88,56838,1836.2,8038.15,360.0,8398.15,1476.2,False
Isolation Forest,0.794,0.314286,0.111111,0.164179,11,24,88,56839,1836.2,8038.15,350.0,8388.15,1486.2,False
Isolation Forest,0.795,0.314286,0.111111,0.164179,11,24,88,56839,1836.2,8038.15,350.0,8388.15,1486.2,False
Isolation Forest,0.796,0.314286,0.111111,0.164179,11,24,88,56839,1836.2,8038.15,350.0,8388.15,1486.2,False
Isolation Forest,0.797,0.323529,0.111111,0.165414,11,23,88,56840,1836.2,8038.15,340.0,8378.15,1496.2,False
Isolation Forest,0.798,0.34375,0.111111,0.167939,11,21,88,56842,1836.2,8038.15,320.0,8358.15,1516.2,False
Isolation Forest,0.799,0.354839,0.111111,0.169231,11,20,88,56843,1836.2,8038.15,310.0,8348.15,1526.2,False
Isolation Forest,0.8,0.354839,0.111111,0.169231,11,20,88,56843,1836.2,8038.15,310.0,8348.15,1526.2,False
Isolation Forest,0.801,0.354839,0.111111,0.169231,11,20,88,56843,1836.2,8038.15,310.0,8348.15,1526.2,False
Isolation Forest,0.802,0.333333,0.10101,0.155039,10,20,89,56843,1826.21,8048.14,300.0,8348.14,1526.21,False
Isolation Forest,0.803,0.333333,0.10101,0.155039,10,20,89,56843,1826.21,8048.14,300.0,8348.14,1526.21,False
Isolation Forest,0.804,0.333333,0.10101,0.155039,10,20,89,56843,1826.21,8048.14,300.0,8348.14,1526.21,False
Isolation Forest,0.805,0.333333,0.10101,0.155039,10,20,89,56843,1826.21,8048.14,300.0,8348.14,1526.21,False
Isolation Forest,0.806,0.333333,0.10101,0.155039,10,20,89,56843,1826.21,8048.14,300.0,8348.14,1526.21,False
Isolation Forest,0.807,0.344828,0.10101,0.15625,10,19,89,56844,1826.21,8048.14,290.0,8338.14,1536.21,False
Isolation Forest,0.808,0.357143,0.10101,0.15748,10,18,89,56845,1826.21,8048.14,280.0,8328.14,1546.21,False
Isolation Forest,0.809,0.357143,0.10101,0.15748,10,18,89,56845,1826.21,8048.14,280.0,8328.14,1546.21,False
Isolation Forest,0.81,0.357143,0.10101,0.15748,10,18,89,56845,1826.21,8048.14,280.0,8328.14,1546.21,False
Isolation Forest,0.811,0.357143,0.10101,0.15748,10,18,89,56845,1826.21,8048.14,280.0,8328.14,1546.21,False
Isolation Forest,0.812,0.357143,0.10101,0.15748,10,18,89,56845,1826.21,8048.14,280.0,8328.14,1546.21,False
Isolation Forest,0.813,0.37037,0.10101,0.15873,10,17,89,56846,1826.21,8048.14,270.0,8318.14,1556.21,False
Isolation Forest,0.814,0.37037,0.10101,0.15873,10,17,89,56846,1826.21,8048.14,270.0,8318.14,1556.21,False
Isolation Forest,0.815,0.37037,0.10101,0.15873,10,17,89,56846,1826.21,8048.14,270.0,8318.14,1556.21,False
Isolation Forest,0.816,0.384615,0.10101,0.16,10,16,89,56847,1826.21,8048.14,260.0,8308.14,1566.21,False
Isolation Forest,0.817,0.384615,0.10101,0.16,10,16,89,56847,1826.21,8048.14,260.0,8308.14,1566.21,False
Isolation Forest,0.818,0.384615,0.10101,0.16,10,16,89,56847,1826.21,8048.14,260.0,8308.14,1566.21,False
Isolation Forest,0.819,0.384615,0.10101,0.16,10,16,89,56847,1826.21,8048.14,260.0,8308.14,1566.21,False
Isolation Forest,0.82,0.36,0.090909,0.145161,9,16,90,56847,1726.22,8148.13,250.0,8398.13,1476.22,False
Isolation Forest,0.821,0.36,0.090909,0.145161,9,16,90,56847,1726.22,8148.13,250.0,8398.13,1476.22,False
Isolation Forest,0.822,0.36,0.090909,0.145161,9,16,90,56847,1726.22,8148.13,250.0,8398.13,1476.22,False
Isolation Forest,0.823,0.333333,0.080808,0.130081,8,16,91,56847,1695.91,8178.44,240.0,8418.44,1455.91,False
Isolation Forest,0.824,0.333333,0.080808,0.130081,8,16,91,56847,1695.91,8178.44,240.0,8418.44,1455.91,False
Isolation Forest,0.825,0.333333,0.080808,0.130081,8,16,91,56847,1695.91,8178.44,240.0,8418.44,1455.91,False
Isolation Forest,0.826,0.333333,0.080808,0.130081,8,16,91,56847,1695.91,8178.44,240.0,8418.44,1455.91,False
Isolation Forest,0.827,0.333333,0.080808,0.130081,8,16,91,56847,1695.91,8178.44,240.0,8418.44,1455.91,False
Isolation Forest,0.828,0.333333,0.080808,0.130081,8,16,91,56847,1695.91,8178.44,240.0,8418.44,1455.91,False
Isolation Forest,0.829,0.333333,0.080808,0.130081,8,16,91,56847,1695.91,8178.44,240.0,8418.44,1455.91,False
Isolation Forest,0.83,0.363636,0.080808,0.132231,8,14,91,56849,1695.91,8178.44,220.0,8398.44,1475.91,False
Isolation Forest,0.831,0.363636,0.080808,0.132231,8,14,91,56849,1695.91,8178.44,220.0,8398.44,1475.91,False
Isolation Forest,0.832,0.333333,0.070707,0.116667,7,14,92,56849,1589.36,8284.99,210.0,8494.99,1379.36,False
Isolation Forest,0.833,0.333333,0.070707,0.116667,7,14,92,56849,1589.36,8284.99,210.0,8494.99,1379.36,False
Isolation Forest,0.834,0.333333,0.070707,0.116667,7,14,92,56849,1589.36,8284.99,210.0,8494.99,1379.36,False
Isolation Forest,0.835,0.333333,0.070707,0.116667,7,14,92,56849,1589.36,8284.99,210.0,8494.99,1379.36,False
Isolation Forest,0.836,0.35,0.070707,0.117647,7,13,92,56850,1589.36,8284.99,200.0,8484.99,1389.36,False
Isolation Forest,0.837,0.315789,0.060606,0.101695,6,13,93,56850,370.47,9503.88,190.0,9693.88,180.47,False
Isolation Forest,0.838,0.315789,0.060606,0.101695,6,13,93,56850,370.47,9503.88,190.0,9693.88,180.47,False
Isolation Forest,0.839,0.315789,0.060606,0.101695,6,13,93,56850,370.47,9503.88,190.0,9693.88,180.47,False
Isolation Forest,0.84,0.315789,0.060606,0.101695,6,13,93,56850,370.47,9503.88,190.0,9693.88,180.47,False
Isolation Forest,0.841,0.333333,0.060606,0.102564,6,12,93,56851,370.47,9503.88,180.0,9683.88,190.47,False
Isolation Forest,0.842,0.333333,0.060606,0.102564,6,12,93,56851,370.47,9503.88,180.0,9683.88,190.47,False
Isolation Forest,0.843,0.333333,0.060606,0.102564,6,12,93,56851,370.47,9503.88,180.0,9683.88,190.47,False
Isolation Forest,0.844,0.352941,0.060606,0.103448,6,11,93,56852,370.47,9503.88,170.0,9673.88,200.47,False
Isolation Forest,0.845,0.375,0.060606,0.104348,6,10,93,56853,370.47,9503.88,160.0,9663.88,210.47,False
Isolation Forest,0.846,0.428571,0.060606,0.106195,6,8,93,56855,370.47,9503.88,140.0,9643.88,230.47,False
Isolation Forest,0.847,0.428571,0.060606,0.106195,6,8,93,56855,370.47,9503.88,140.0,9643.88,230.47,False
Isolation Forest,0.848,0.428571,0.060606,0.106195,6,8,93,56855,370.47,9503.88,140.0,9643.88,230.47,False
Isolation Forest,0.849,0.428571,0.060606,0.106195,6,8,93,56855,370.47,9503.88,140.0,9643.88,230.47,False
Isolation Forest,0.85,0.428571,0.060606,0.106195,6,8,93,56855,370.47,9503.88,140.0,9643.88,230.47,False
Isolation Forest,0.851,0.428571,0.060606,0.106195,6,8,93,56855,370.47,9503.88,140.0,9643.88,230.47,False
Isolation Forest,0.852,0.428571,0.060606,0.106195,6,8,93,56855,370.47,9503.88,140.0,9643.88,230.47,False
Isolation Forest,0.853,0.428571,0.060606,0.106195,6,8,93,56855,370.47,9503.88,140.0,9643.88,230.47,False
Isolation Forest,0.854,0.428571,0.060606,0.106195,6,8,93,56855,370.47,9503.88,140.0,9643.88,230.47,False
Isolation Forest,0.855,0.428571,0.060606,0.106195,6,8,93,56855,370.47,9503.88,140.0,9643.88,230.47,False
Isolation Forest,0.856,0.428571,0.060606,0.106195,6,8,93,56855,370.47,9503.88,140.0,9643.88,230.47,False
Isolation Forest,0.857,0.428571,0.060606,0.106195,6,8,93,56855,370.47,9503.88,140.0,9643.88,230.47,False
Isolation Forest,0.858,0.428571,0.060606,0.106195,6,8,93,56855,370.47,9503.88,140.0,9643.88,230.47,False
Isolation Forest,0.859,0.428571,0.060606,0.106195,6,8,93,56855,370.47,9503.88,140.0,9643.88,230.47,False
Isolation Forest,0.86,0.428571,0.060606,0.106195,6,8,93,56855,370.47,9503.88,140.0,9643.88,230.47,False
Isolation Forest,0.861,0.428571,0.060606,0.106195,6,8,93,56855,370.47,9503.88,140.0,9643.88,230.47,False
Isolation Forest,0.862,0.428571,0.060606,0.106195,6,8,93,56855,370.47,9503.88,140.0,9643.88,230.47,False
Isolation Forest,0.863,0.428571,0.060606,0.106195,6,8,93,56855,370.47,9503.88,140.0,9643.88,230.47,False
Isolation Forest,0.864,0.384615,0.050505,0.089286,5,8,94,56855,6.28,9868.07,130.0,9998.07,-123.72,False
Isolation Forest,0.865,0.384615,0.050505,0.089286,5,8,94,56855,6.28,9868.07,130.0,9998.07,-123.72,False
Isolation Forest,0.866,0.384615,0.050505,0.089286,5,8,94,56855,6.28,9868.07,130.0,9998.07,-123.72,False
Isolation Forest,0.867,0.384615,0.050505,0.089286,5,8,94,56855,6.28,9868.07,130.0,9998.07,-123.72,False
Isolation Forest,0.868,0.416667,0.050505,0.09009,5,7,94,56856,6.28,9868.07,120.0,9988.07,-113.72,False
Isolation Forest,0.869,0.416667,0.050505,0.09009,5,7,94,56856,6.28,9868.07,120.0,9988.07,-113.72,False
Isolation Forest,0.87,0.416667,0.050505,0.09009,5,7,94,56856,6.28,9868.07,120.0,9988.07,-113.72,False
Isolation Forest,0.871,0.416667,0.050505,0.09009,5,7,94,56856,6.28,9868.07,120.0,9988.07,-113.72,False
Isolation Forest,0.872,0.416667,0.050505,0.09009,5,7,94,56856,6.28,9868.07,120.0,9988.07,-113.72,False
Isolation Forest,0.873,0.416667,0.050505,0.09009,5,7,94,56856,6.28,9868.07,120.0,9988.07,-113.72,False
Isolation Forest,0.874,0.454545,0.050505,0.090909,5,6,94,56857,6.28,9868.07,110.0,9978.07,-103.72,False
Isolation Forest,0.875,0.5,0.050505,0.091743,5,5,94,56858,6.28,9868.07,100.0,9968.07,-93.72,False
Isolation Forest,0.876,0.5,0.050505,0.091743,5,5,94,56858,6.28,9868.07,100.0,9968.07,-93.72,False
Isolation Forest,0.877,0.285714,0.020202,0.037736,2,5,97,56858,3.28,9871.07,70.0,9941.07,-66.72,False
Isolation Forest,0.878,0.285714,0.020202,0.037736,2,5,97,56858,3.28,9871.07,70.0,9941.07,-66.72,False
Isolation Forest,0.879,0.333333,0.020202,0.038095,2,4,97,56859,3.28,9871.07,60.0,9931.07,-56.72,False
Isolation Forest,0.88,0.333333,0.020202,0.038095,2,4,97,56859,3.28,9871.07,60.0,9931.07,-56.72,False
Isolation Forest,0.881,0.333333,0.020202,0.038095,2,4,97,56859,3.28,9871.07,60.0,9931.07,-56.72,False
Isolation Forest,0.882,0.333333,0.020202,0.038095,2,4,97,56859,3.28,9871.07,60.0,9931.07,-56.72,False
Isolation Forest,0.883,0.333333,0.020202,0.038095,2,4,97,56859,3.28,9871.07,60.0,9931.07,-56.72,False
Isolation Forest,0.884,0.2,0.010101,0.019231,1,4,98,56859,2.28,9872.07,50.0,9922.07,-47.72,False
Isolation Forest,0.885,0.2,0.010101,0.019231,1,4,98,56859,2.28,9872.07,50.0,9922.07,-47.72,False
Isolation Forest,0.886,0.2,0.010101,0.019231,1,4,98,56859,2.28,9872.07,50.0,9922.07,-47.72,False
Isolation Forest,0.887,0.2,0.010101,0.019231,1,4,98,56859,2.28,9872.07,50.0,9922.07,-47.72,False
Isolation Forest,0.888,0.2,0.010101,0.019231,1,4,98,56859,2.28,9872.07,50.0,9922.07,-47.72,False
Isolation Forest,0.889,0.2,0.010101,0.019231,1,4,98,56859,2.28,9872.07,50.0,9922.07,-47.72,False
Isolation Forest,0.89,0.2,0.010101,0.019231,1,4,98,56859,2.28,9872.07,50.0,9922.07,-47.72,False
Isolation Forest,0.891,0.25,0.010101,0.019417,1,3,98,56860,2.28,9872.07,40.0,9912.07,-37.72,False
Isolation Forest,0.892,0.25,0.010101,0.019417,1,3,98,56860,2.28,9872.07,40.0,9912.07,-37.72,False
Isolation Forest,0.893,0.25,0.010101,0.019417,1,3,98,56860,2.28,9872.07,40.0,9912.07,-37.72,False
Isolation Forest,0.894,0.25,0.010101,0.019417,1,3,98,56860,2.28,9872.07,40.0,9912.07,-37.72,False
Isolation Forest,0.895,0.333333,0.010101,0.019608,1,2,98,56861,2.28,9872.07,30.0,9902.07,-27.72,False
Isolation Forest,0.896,0.333333,0.010101,0.019608,1,2,98,56861,2.28,9872.07,30.0,9902.07,-27.72,False
Isolation Forest,0.897,0.333333,0.010101,0.019608,1,2,98,56861,2.28,9872.07,30.0,9902.07,-27.72,False
Isolation Forest,0.898,0.333333,0.010101,0.019608,1,2,98,56861,2.28,9872.07,30.0,9902.07,-27.72,False
Isolation Forest,0.899,0.333333,0.010101,0.019608,1,2,98,56861,2.28,9872.07,30.0,9902.07,-27.72,False
Isolation Forest,0.9,0.333333,0.010101,0.019608,1,2,98,56861,2.28,9872.07,30.0,9902.07,-27.72,False
Isolation Forest,0.901,0.333333,0.010101,0.019608,1,2,98,56861,2.28,9872.07,30.0,9902.07,-27.72,False
Isolation Forest,0.902,0.333333,0.010101,0.019608,1,2,98,56861,2.28,9872.07,30.0,9902.07,-27.72,False
Isolation Forest,0.903,0.333333,0.010101,0.019608,1,2,98,56861,2.28,9872.07,30.0,9902.07,-27.72,False
Isolation Forest,0.904,0.333333,0.010101,0.019608,1,2,98,56861,2.28,9872.07,30.0,9902.07,-27.72,False
Isolation Forest,0.905,0.333333,0.010101,0.019608,1,2,98,56861,2.28,9872.07,30.0,9902.07,-27.72,False
Isolation Forest,0.906,0.5,0.010101,0.019802,1,1,98,56862,2.28,9872.07,20.0,9892.07,-17.72,False
Isolation Forest,0.907,0.0,0.0,0.0,0,1,99,56862,0.0,9874.35,10.0,9884.35,-10.0,False
Isolation Forest,0.908,0.0,0.0,0.0,0,1,99,56862,0.0,9874.35,10.0,9884.35,-10.0,False
Isolation Forest,0.909,0.0,0.0,0.0,0,1,99,56862,0.0,9874.35,10.0,9884.35,-10.0,False
Isolation Forest,0.91,0.0,0.0,0.0,0,1,99,56862,0.0,9874.35,10.0,9884.35,-10.0,False
Isolation Forest,0.911,0.0,0.0,0.0,0,1,99,56862,0.0,9874.35,10.0,9884.35,-10.0,False
Isolation Forest,0.912,0.0,0.0,0.0,0,1,99,56862,0.0,9874.35,10.0,9884.35,-10.0,False
Isolation Forest,0.913,0.0,0.0,0.0,0,1,99,56862,0.0,9874.35,10.0,9884.35,-10.0,False
Isolation Forest,0.914,0.0,0.0,0.0,0,1,99,56862,0.0,9874.35,10.0,9884.35,-10.0,False
Isolation Forest,0.915,0.0,0.0,0.0,0,1,99,56862,0.0,9874.35,10.0,9884.35,-10.0,False
Isolation Forest,0.916,0.0,0.0,0.0,0,1,99,56862,0.0,9874.35,10.0,9884.35,-10.0,False
Isolation Forest,0.917,0.0,0.0,0.0,0,1,99,56862,0.0,9874.35,10.0,9884.35,-10.0,False
Isolation Forest,0.918,0.0,0.0,0.0,0,1,99,56862,0.0,9874.35,10.0,9884.35,-10.0,False
Isolation Forest,0.919,0.0,0.0,0.0,0,1,99,56862,0.0,9874.35,10.0,9884.35,-10.0,False
Isolation Forest,0.92,0.0,0.0,0.0,0,1,99,56862,0.0,9874.35,10.0,9884.35,-10.0,False
Isolation Forest,0.921,0.0,0.0,0.0,0,1,99,56862,0.0,9874.35,10.0,9884.35,-10.0,False
Isolation Forest,0.922,0.0,0.0,0.0,0,1,99,56862,0.0,9874.35,10.0,9884.35,-10.0,False
Isolation Forest,0.923,0.0,0.0,0.0,0,1,99,56862,0.0,9874.35,10.0,9884.35,-10.0,False
Isolation Forest,0.924,0.0,0.0,0.0,0,1,99,56862,0.0,9874.35,10.0,9884.35,-10.0,False
Isolation Forest,0.925,0.0,0.0,0.0,0,1,99,56862,0.0,9874.35,10.0,9884.35,-10.0,False
Isolation Forest,0.926,0.0,0.0,0.0,0,1,99,56862,0.0,9874.35,10.0,9884.35,-10.0,False
Isolation Forest,0.927,0.0,0.0,0.0,0,1,99,56862,0.0,9874.35,10.0,9884.35,-10.0,False
Isolation Forest,0.928,0.0,0.0,0.0,0,1,99,56862,0.0,9874.35,10.0,9884.35,-10.0,False
Isolation Forest,0.929,0.0,0.0,0.0,0,1,99,56862,0.0,9874.35,10.0,9884.35,-10.0,False
Isolation Forest,0.93,0.0,0.0,0.0,0,1,99,56862,0.0,9874.35,10.0,9884.35,-10.0,False
Isolation Forest,0.931,0.0,0.0,0.0,0,0,99,56863,0.0,9874.35,0.0,9874.35,0.0,False
Isolation Forest,0.932,0.0,0.0,0.0,0,0,99,56863,0.0,9874.35,0.0,9874.35,0.0,False
Isolation Forest,0.933,0.0,0.0,0.0,0,0,99,56863,0.0,9874.35,0.0,9874.35,0.0,False
Isolation Forest,0.934,0.0,0.0,0.0,0,0,99,56863,0.0,9874.35,0.0,9874.35,0.0,False
Isolation Forest,0.935,0.0,0.0,0.0,0,0,99,56863,0.0,9874.35,0.0,9874.35,0.0,False
Isolation Forest,0.936,0.0,0.0,0.0,0,0,99,56863,0.0,9874.35,0.0,9874.35,0.0,False
Isolation Forest,0.937,0.0,0.0,0.0,0,0,99,56863,0.0,9874.35,0.0,9874.35,0.0,False
Isolation Forest,0.938,0.0,0.0,0.0,0,0,99,56863,0.0,9874.35,0.0,9874.35,0.0,False
Isolation Forest,0.939,0.0,0.0,0.0,0,0,99,56863,0.0,9874.35,0.0,9874.35,0.0,False
Isolation Forest,0.94,0.0,0.0,0.0,0,0,99,56863,0.0,9874.35,0.0,9874.35,0.0,False
Isolation Forest,0.941,0.0,0.0,0.0,0,0,99,56863,0.0,9874.35,0.0,9874.35,0.0,False
Isolation Forest,0.942,0.0,0.0,0.0,0,0,99,56863,0.0,9874.35,0.0,9874.35,0.0,False
Isolation Forest,0.943,0.0,0.0,0.0,0,0,99,56863,0.0,9874.35,0.0,9874.35,0.0,False
Isolation Forest,0.944,0.0,0.0,0.0,0,0,99,56863,0.0,9874.35,0.0,9874.35,0.0,False
Isolation Forest,0.945,0.0,0.0,0.0,0,0,99,56863,0.0,9874.35,0.0,9874.35,0.0,False
Isolation Forest,0.946,0.0,0.0,0.0,0,0,99,56863,0.0,9874.35,0.0,9874.35,0.0,False
Isolation Forest,0.947,0.0,0.0,0.0,0,0,99,56863,0.0,9874.35,0.0,9874.35,0.0,False
Isolation Forest,0.948,0.0,0.0,0.0,0,0,99,56863,0.0,9874.35,0.0,9874.35,0.0,False
Isolation Forest,0.949,0.0,0.0,0.0,0,0,99,56863,0.0,9874.35,0.0,9874.35,0.0,False
Isolation Forest,0.95,0.0,0.0,0.0,0,0,99,56863,0.0,9874.35,0.0,9874.35,0.0,False
Isolation Forest,0.951,0.0,0.0,0.0,0,0,99,56863,0.0,9874.35,0.0,9874.35,0.0,False
Isolation Forest,0.952,0.0,0.0,0.0,0,0,99,56863,0.0,9874.35,0.0,9874.35,0.0,False
Isolation Forest,0.953,0.0,0.0,0.0,0,0,99,56863,0.0,9874.35,0.0,9874.35,0.0,False
Isolation Forest,0.954,0.0,0.0,0.0,0,0,99,56863,0.0,9874.35,0.0,9874.35,0.0,False
Isolation Forest,0.955,0.0,0.0,0.0,0,0,99,56863,0.0,9874.35,0.0,9874.35,0.0,False
Isolation Forest,0.956,0.0,0.0,0.0,0,0,99,56863,0.0,9874.35,0.0,9874.35,0.0,False
Isolation Forest,0.957,0.0,0.0,0.0,0,0,99,56863,0.0,9874.35,0.0,9874.35,0.0,False
Isolation Forest,0.958,0.0,0.0,0.0,0,0,99,56863,0.0,9874.35,0.0,9874.35,0.0,False
Isolation Forest,0.959,0.0,0.0,0.0,0,0,99,56863,0.0,9874.35,0.0,9874.35,0.0,False
Isolation Forest,0.96,0.0,0.0,0.0,0,0,99,56863,0.0,9874.35,0.0,9874.35,0.0,False
Isolation Forest,0.961,0.0,0.0,0.0,0,0,99,56863,0.0,9874.35,0.0,9874.35,0.0,False
Isolation Forest,0.962,0.0,0.0,0.0,0,0,99,56863,0.0,9874.35,0.0,9874.35,0.0,False
Isolation Forest,0.963,0.0,0.0,0.0,0,0,99,56863,0.0,9874.35,0.0,9874.35,0.0,False
Isolation Forest,0.964,0.0,0.0,0.0,0,0,99,56863,0.0,9874.35,0.0,9874.35,0.0,False
Isolation Forest,0.965,0.0,0.0,0.0,0,0,99,56863,0.0,9874.35,0.0,9874.35,0.0,False
Isolation Forest,0.966,0.0,0.0,0.0,0,0,99,56863,0.0,9874.35,0.0,9874.35,0.0,False
Isolation Forest,0.967,0.0,0.0,0.0,0,0,99,56863,0.0,9874.35,0.0,9874.35,0.0,False
Isolation Forest,0.968,0.0,0.0,0.0,0,0,99,56863,0.0,9874.35,0.0,9874.35,0.0,False
Isolation Forest,0.969,0.0,0.0,0.0,0,0,99,56863,0.0,9874.35,0.0,9874.35,0.0,False
Isolation Forest,0.97,0.0,0.0,0.0,0,0,99,56863,0.0,9874.35,0.0,9874.35,0.0,False
Isolation Forest,0.971,0.0,0.0,0.0,0,0,99,56863,0.0,9874.35,0.0,9874.35,0.0,False
Isolation Forest,0.972,0.0,0.0,0.0,0,0,99,56863,0.0,9874.35,0.0,9874.35,0.0,False
Isolation Forest,0.973,0.0,0.0,0.0,0,0,99,56863,0.0,9874.35,0.0,9874.35,0.0,False
Isolation Forest,0.974,0.0,0.0,0.0,0,0,99,56863,0.0,9874.35,0.0,9874.35,0.0,False
Isolation Forest,0.975,0.0,0.0,0.0,0,0,99,56863,0.0,9874.35,0.0,9874.35,0.0,False
Isolation Forest,0.976,0.0,0.0,0.0,0,0,99,56863,0.0,9874.35,0.0,9874.35,0.0,False
Isolation Forest,0.977,0.0,0.0,0.0,0,0,99,56863,0.0,9874.35,0.0,9874.35,0.0,False
Isolation Forest,0.978,0.0,0.0,0.0,0,0,99,56863,0.0,9874.35,0.0,9874.35,0.0,False
Isolation Forest,0.979,0.0,0.0,0.0,0,0,99,56863,0.0,9874.35,0.0,9874.35,0.0,False
Isolation Forest,0.98,0.0,0.0,0.0,0,0,99,56863,0.0,9874.35,0.0,9874.35,0.0,False
Isolation Forest,0.981,0.0,0.0,0.0,0,0,99,56863,0.0,9874.35,0.0,9874.35,0.0,False
Isolation Forest,0.982,0.0,0.0,0.0,0,0,99,56863,0.0,9874.35,0.0,9874.35,0.0,False
Isolation Forest,0.983,0.0,0.0,0.0,0,0,99,56863,0.0,9874.35,0.0,9874.35,0.0,False
Isolation Forest,0.984,0.0,0.0,0.0,0,0,99,56863,0.0,9874.35,0.0,9874.35,0.0,False
Isolation Forest,0.985,0.0,0.0,0.0,0,0,99,56863,0.0,9874.35,0.0,9874.35,0.0,False
Isolation Forest,0.986,0.0,0.0,0.0,0,0,99,56863,0.0,9874.35,0.0,9874.35,0.0,False
Isolation Forest,0.987,0.0,0.0,0.0,0,0,99,56863,0.0,9874.35,0.0,9874.35,0.0,False
Isolation Forest,0.988,0.0,0.0,0.0,0,0,99,56863,0.0,9874.35,0.0,9874.35,0.0,False
Isolation Forest,0.989,0.0,0.0,0.0,0,0,99,56863,0.0,9874.35,0.0,9874.35,0.0,False
Isolation Forest,0.99,0.0,0.0,0.0,0,0,99,56863,0.0,9874.35,0.0,9874.35,0.0,False
Isolation Forest,0.991,0.0,0.0,0.0,0,0,99,56863,0.0,9874.35,0.0,9874.35,0.0,False
Isolation Forest,0.992,0.0,0.0,0.0,0,0,99,56863,0.0,9874.35,0.0,9874.35,0.0,False
Isolation Forest,0.993,0.0,0.0,0.0,0,0,99,56863,0.0,9874.35,0.0,9874.35,0.0,False
Isolation Forest,0.994,0.0,0.0,0.0,0,0,99,56863,0.0,9874.35,0.0,9874.35,0.0,False
Isolation Forest,0.995,0.0,0.0,0.0,0,0,99,56863,0.0,9874.35,0.0,9874.35,0.0,False
Isolation Forest,0.996,0.0,0.0,0.0,0,0,99,56863,0.0,9874.35,0.0,9874.35,0.0,False
Isolation Forest,0.997,0.0,0.0,0.0,0,0,99,56863,0.0,9874.35,0.0,9874.35,0.0,False
Isolation Forest,0.998,0.0,0.0,0.0,0,0,99,56863,0.0,9874.35,0.0,9874.35,0.0,False
Isolation Forest,0.999,0.0,0.0,0.0,0,0,99,56863,0.0,9874.35,0.0,9874.35,0.0,False
